vehicle_id,source_dbc,bus,message,id_hex,signal,taxonomy,start_bit,length,byte_order,signed,scale,offset,unit,knowledge_level,cluster_candidate_class
honda.civic.gen10.us.touring_2016,honda_civic_touring_2016_can_generated.dbc,vehicle_can,GAS_COMMAND,0x200,GAS_COMMAND,,7,16,motorola,False,0.253984064,-83.3,,VEHICLE_PROTOCOL_DOCUMENTED,ADAS_ONLY
honda.civic.gen10.us.touring_2016,honda_civic_touring_2016_can_generated.dbc,vehicle_can,GAS_COMMAND,0x200,GAS_COMMAND2,,23,16,motorola,False,0.126992032,-83.3,,VEHICLE_PROTOCOL_DOCUMENTED,ADAS_ONLY
honda.civic.gen10.us.touring_2016,honda_civic_touring_2016_can_generated.dbc,vehicle_can,GAS_COMMAND,0x200,ENABLE,,39,1,motorola,False,1.0,0.0,,VEHICLE_PROTOCOL_DOCUMENTED,ADAS_ONLY
honda.civic.gen10.us.touring_2016,honda_civic_touring_2016_can_generated.dbc,vehicle_can,GAS_COMMAND,0x200,COUNTER_PEDAL,,35,4,motorola,False,1.0,0.0,,VEHICLE_PROTOCOL_DOCUMENTED,ADAS_ONLY
honda.civic.gen10.us.touring_2016,honda_civic_touring_2016_can_generated.dbc,vehicle_can,GAS_COMMAND,0x200,CHECKSUM_PEDAL,,47,8,motorola,False,1.0,0.0,,VEHICLE_PROTOCOL_DOCUMENTED,ADAS_ONLY
honda.civic.gen10.us.touring_2016,honda_civic_touring_2016_can_generated.dbc,vehicle_can,GAS_SENSOR,0x201,INTERCEPTOR_GAS,,7,16,motorola,False,1.0,0.0,,VEHICLE_PROTOCOL_DOCUMENTED,UNKNOWN
honda.civic.gen10.us.touring_2016,honda_civic_touring_2016_can_generated.dbc,vehicle_can,GAS_SENSOR,0x201,INTERCEPTOR_GAS2,,23,16,motorola,False,1.0,0.0,,VEHICLE_PROTOCOL_DOCUMENTED,UNKNOWN
honda.civic.gen10.us.touring_2016,honda_civic_touring_2016_can_generated.dbc,vehicle_can,GAS_SENSOR,0x201,STATE,,39,4,motorola,False,1.0,0.0,,VEHICLE_PROTOCOL_DOCUMENTED,UNKNOWN
honda.civic.gen10.us.touring_2016,honda_civic_touring_2016_can_generated.dbc,vehicle_can,GAS_SENSOR,0x201,COUNTER_PEDAL,,35,4,motorola,False,1.0,0.0,,VEHICLE_PROTOCOL_DOCUMENTED,UNKNOWN
honda.civic.gen10.us.touring_2016,honda_civic_touring_2016_can_generated.dbc,vehicle_can,GAS_SENSOR,0x201,CHECKSUM_PEDAL,,47,8,motorola,False,1.0,0.0,,VEHICLE_PROTOCOL_DOCUMENTED,UNKNOWN
honda.civic.gen10.us.touring_2016,honda_civic_touring_2016_can_generated.dbc,vehicle_can,GAS_PEDAL_2,0x130,ENGINE_TORQUE_ESTIMATE,,7,16,motorola,True,1.0,0.0,Nm,VEHICLE_PROTOCOL_DOCUMENTED,POWERTRAIN_ONLY
honda.civic.gen10.us.touring_2016,honda_civic_touring_2016_can_generated.dbc,vehicle_can,GAS_PEDAL_2,0x130,ENGINE_TORQUE_REQUEST,,23,16,motorola,True,1.0,0.0,Nm,VEHICLE_PROTOCOL_DOCUMENTED,POWERTRAIN_ONLY
honda.civic.gen10.us.touring_2016,honda_civic_touring_2016_can_generated.dbc,vehicle_can,GAS_PEDAL_2,0x130,CAR_GAS,,39,8,motorola,False,1.0,0.0,,VEHICLE_PROTOCOL_DOCUMENTED,POWERTRAIN_ONLY
honda.civic.gen10.us.touring_2016,honda_civic_touring_2016_can_generated.dbc,vehicle_can,GAS_PEDAL_2,0x130,COUNTER,,61,2,motorola,False,1.0,0.0,,VEHICLE_PROTOCOL_DOCUMENTED,POWERTRAIN_ONLY
honda.civic.gen10.us.touring_2016,honda_civic_touring_2016_can_generated.dbc,vehicle_can,GAS_PEDAL_2,0x130,CHECKSUM,,59,4,motorola,False,1.0,0.0,,VEHICLE_PROTOCOL_DOCUMENTED,POWERTRAIN_ONLY
honda.civic.gen10.us.touring_2016,honda_civic_touring_2016_can_generated.dbc,vehicle_can,GAS_PEDAL,0x13c,CAR_GAS,,39,8,motorola,False,1.0,0.0,,VEHICLE_PROTOCOL_DOCUMENTED,POWERTRAIN_ONLY
honda.civic.gen10.us.touring_2016,honda_civic_touring_2016_can_generated.dbc,vehicle_can,GAS_PEDAL,0x13c,COUNTER,,61,2,motorola,False,1.0,0.0,,VEHICLE_PROTOCOL_DOCUMENTED,POWERTRAIN_ONLY
honda.civic.gen10.us.touring_2016,honda_civic_touring_2016_can_generated.dbc,vehicle_can,GAS_PEDAL,0x13c,CHECKSUM,,59,4,motorola,False,1.0,0.0,,VEHICLE_PROTOCOL_DOCUMENTED,POWERTRAIN_ONLY
honda.civic.gen10.us.touring_2016,honda_civic_touring_2016_can_generated.dbc,vehicle_can,ENGINE_DATA,0x158,XMISSION_SPEED,vehicle.speed,7,16,motorola,False,0.01,0.0,kph,CLUSTER_RELEVANT_SIGNAL_DOCUMENTED,CLUSTER_LIKELY_RX
honda.civic.gen10.us.touring_2016,honda_civic_touring_2016_can_generated.dbc,vehicle_can,ENGINE_DATA,0x158,ENGINE_RPM,powertrain.engine_rpm,23,16,motorola,False,1.0,0.0,rpm,CLUSTER_RELEVANT_SIGNAL_DOCUMENTED,CLUSTER_LIKELY_RX
honda.civic.gen10.us.touring_2016,honda_civic_touring_2016_can_generated.dbc,vehicle_can,ENGINE_DATA,0x158,XMISSION_SPEED2,,39,16,motorola,False,0.01,0.0,kph,VEHICLE_PROTOCOL_DOCUMENTED,CLUSTER_LIKELY_RX
honda.civic.gen10.us.touring_2016,honda_civic_touring_2016_can_generated.dbc,vehicle_can,ENGINE_DATA,0x158,ODOMETER,vehicle.odometer,55,8,motorola,False,10.0,0.0,m,CLUSTER_RELEVANT_SIGNAL_DOCUMENTED,CLUSTER_LIKELY_RX
honda.civic.gen10.us.touring_2016,honda_civic_touring_2016_can_generated.dbc,vehicle_can,ENGINE_DATA,0x158,COUNTER,,61,2,motorola,False,1.0,0.0,,VEHICLE_PROTOCOL_DOCUMENTED,CLUSTER_LIKELY_RX
honda.civic.gen10.us.touring_2016,honda_civic_touring_2016_can_generated.dbc,vehicle_can,ENGINE_DATA,0x158,CHECKSUM,,59,4,motorola,False,1.0,0.0,,VEHICLE_PROTOCOL_DOCUMENTED,CLUSTER_LIKELY_RX
honda.civic.gen10.us.touring_2016,honda_civic_touring_2016_can_generated.dbc,vehicle_can,POWERTRAIN_DATA,0x17c,PEDAL_GAS,powertrain.throttle_position,7,8,motorola,False,1.0,0.0,,VEHICLE_PROTOCOL_DOCUMENTED,CLUSTER_LIKELY_RX
honda.civic.gen10.us.touring_2016,honda_civic_touring_2016_can_generated.dbc,vehicle_can,POWERTRAIN_DATA,0x17c,ENGINE_RPM,powertrain.engine_rpm,23,16,motorola,False,1.0,0.0,rpm,CLUSTER_RELEVANT_SIGNAL_DOCUMENTED,CLUSTER_LIKELY_RX
honda.civic.gen10.us.touring_2016,honda_civic_touring_2016_can_generated.dbc,vehicle_can,POWERTRAIN_DATA,0x17c,GAS_PRESSED,,39,1,motorola,False,1.0,0.0,,VEHICLE_PROTOCOL_DOCUMENTED,CLUSTER_LIKELY_RX
honda.civic.gen10.us.touring_2016,honda_civic_touring_2016_can_generated.dbc,vehicle_can,POWERTRAIN_DATA,0x17c,ACC_STATUS,adas.acc_state,38,1,motorola,False,1.0,0.0,,VEHICLE_PROTOCOL_DOCUMENTED,CLUSTER_LIKELY_RX
honda.civic.gen10.us.touring_2016,honda_civic_touring_2016_can_generated.dbc,vehicle_can,POWERTRAIN_DATA,0x17c,BOH_17C,,37,5,motorola,False,1.0,0.0,,VEHICLE_PROTOCOL_DOCUMENTED,CLUSTER_LIKELY_RX
honda.civic.gen10.us.touring_2016,honda_civic_touring_2016_can_generated.dbc,vehicle_can,POWERTRAIN_DATA,0x17c,BRAKE_SWITCH,,32,1,motorola,False,1.0,0.0,,VEHICLE_PROTOCOL_DOCUMENTED,CLUSTER_LIKELY_RX
honda.civic.gen10.us.touring_2016,honda_civic_touring_2016_can_generated.dbc,vehicle_can,POWERTRAIN_DATA,0x17c,BOH2_17C,,47,10,motorola,False,1.0,0.0,,VEHICLE_PROTOCOL_DOCUMENTED,CLUSTER_LIKELY_RX
honda.civic.gen10.us.touring_2016,honda_civic_touring_2016_can_generated.dbc,vehicle_can,POWERTRAIN_DATA,0x17c,BRAKE_PRESSED,brakes.service_brake,53,1,motorola,False,1.0,0.0,,VEHICLE_PROTOCOL_DOCUMENTED,CLUSTER_LIKELY_RX
honda.civic.gen10.us.touring_2016,honda_civic_touring_2016_can_generated.dbc,vehicle_can,POWERTRAIN_DATA,0x17c,BOH3_17C,,52,5,motorola,False,1.0,0.0,,VEHICLE_PROTOCOL_DOCUMENTED,CLUSTER_LIKELY_RX
honda.civic.gen10.us.touring_2016,honda_civic_touring_2016_can_generated.dbc,vehicle_can,POWERTRAIN_DATA,0x17c,COUNTER,,61,2,motorola,False,1.0,0.0,,VEHICLE_PROTOCOL_DOCUMENTED,CLUSTER_LIKELY_RX
honda.civic.gen10.us.touring_2016,honda_civic_touring_2016_can_generated.dbc,vehicle_can,POWERTRAIN_DATA,0x17c,CHECKSUM,,59,4,motorola,False,1.0,0.0,,VEHICLE_PROTOCOL_DOCUMENTED,CLUSTER_LIKELY_RX
honda.civic.gen10.us.touring_2016,honda_civic_touring_2016_can_generated.dbc,vehicle_can,VSA_STATUS,0x1a4,USER_BRAKE,,7,16,motorola,False,0.015625,-1.609375,,VEHICLE_PROTOCOL_DOCUMENTED,DISPLAY_RELEVANT
honda.civic.gen10.us.touring_2016,honda_civic_touring_2016_can_generated.dbc,vehicle_can,VSA_STATUS,0x1a4,COMPUTER_BRAKING,,23,1,motorola,False,1.0,0.0,,VEHICLE_PROTOCOL_DOCUMENTED,DISPLAY_RELEVANT
honda.civic.gen10.us.touring_2016,honda_civic_touring_2016_can_generated.dbc,vehicle_can,VSA_STATUS,0x1a4,ESP_DISABLED,stability.vsa_warning,28,1,motorola,False,1.0,0.0,,CLUSTER_RELEVANT_SIGNAL_DOCUMENTED,DISPLAY_RELEVANT
honda.civic.gen10.us.touring_2016,honda_civic_touring_2016_can_generated.dbc,vehicle_can,VSA_STATUS,0x1a4,BRAKE_HOLD_RELATED,,52,1,motorola,False,1.0,0.0,,VEHICLE_PROTOCOL_DOCUMENTED,DISPLAY_RELEVANT
honda.civic.gen10.us.touring_2016,honda_civic_touring_2016_can_generated.dbc,vehicle_can,VSA_STATUS,0x1a4,BRAKE_HOLD_ACTIVE,,46,1,motorola,False,1.0,0.0,,VEHICLE_PROTOCOL_DOCUMENTED,DISPLAY_RELEVANT
honda.civic.gen10.us.touring_2016,honda_civic_touring_2016_can_generated.dbc,vehicle_can,VSA_STATUS,0x1a4,BRAKE_HOLD_ENABLED,,45,1,motorola,False,1.0,0.0,,VEHICLE_PROTOCOL_DOCUMENTED,DISPLAY_RELEVANT
honda.civic.gen10.us.touring_2016,honda_civic_touring_2016_can_generated.dbc,vehicle_can,VSA_STATUS,0x1a4,COUNTER,,61,2,motorola,False,1.0,0.0,,VEHICLE_PROTOCOL_DOCUMENTED,DISPLAY_RELEVANT
honda.civic.gen10.us.touring_2016,honda_civic_touring_2016_can_generated.dbc,vehicle_can,VSA_STATUS,0x1a4,CHECKSUM,,59,4,motorola,False,1.0,0.0,,VEHICLE_PROTOCOL_DOCUMENTED,DISPLAY_RELEVANT
honda.civic.gen10.us.touring_2016,honda_civic_touring_2016_can_generated.dbc,vehicle_can,STEER_MOTOR_TORQUE,0x1ab,CONFIG_VALID,,7,1,motorola,False,1.0,0.0,,VEHICLE_PROTOCOL_DOCUMENTED,UNKNOWN
honda.civic.gen10.us.touring_2016,honda_civic_touring_2016_can_generated.dbc,vehicle_can,STEER_MOTOR_TORQUE,0x1ab,MOTOR_TORQUE,,1,10,motorola,False,1.0,0.0,,VEHICLE_PROTOCOL_DOCUMENTED,UNKNOWN
honda.civic.gen10.us.touring_2016,honda_civic_touring_2016_can_generated.dbc,vehicle_can,STEER_MOTOR_TORQUE,0x1ab,OUTPUT_DISABLED,,22,1,motorola,False,1.0,0.0,,VEHICLE_PROTOCOL_DOCUMENTED,UNKNOWN
honda.civic.gen10.us.touring_2016,honda_civic_touring_2016_can_generated.dbc,vehicle_can,STEER_MOTOR_TORQUE,0x1ab,COUNTER,,21,2,motorola,False,1.0,0.0,,VEHICLE_PROTOCOL_DOCUMENTED,UNKNOWN
honda.civic.gen10.us.touring_2016,honda_civic_touring_2016_can_generated.dbc,vehicle_can,STEER_MOTOR_TORQUE,0x1ab,CHECKSUM,,19,4,motorola,False,1.0,0.0,,VEHICLE_PROTOCOL_DOCUMENTED,UNKNOWN
honda.civic.gen10.us.touring_2016,honda_civic_touring_2016_can_generated.dbc,vehicle_can,WHEEL_SPEEDS,0x1d0,WHEEL_SPEED_FL,,7,15,motorola,False,0.01,0.0,kph,VEHICLE_PROTOCOL_DOCUMENTED,POWERTRAIN_ONLY
honda.civic.gen10.us.touring_2016,honda_civic_touring_2016_can_generated.dbc,vehicle_can,WHEEL_SPEEDS,0x1d0,WHEEL_SPEED_FR,,8,15,motorola,False,0.01,0.0,kph,VEHICLE_PROTOCOL_DOCUMENTED,POWERTRAIN_ONLY
honda.civic.gen10.us.touring_2016,honda_civic_touring_2016_can_generated.dbc,vehicle_can,WHEEL_SPEEDS,0x1d0,WHEEL_SPEED_RL,,25,15,motorola,False,0.01,0.0,kph,VEHICLE_PROTOCOL_DOCUMENTED,POWERTRAIN_ONLY
honda.civic.gen10.us.touring_2016,honda_civic_touring_2016_can_generated.dbc,vehicle_can,WHEEL_SPEEDS,0x1d0,WHEEL_SPEED_RR,,42,15,motorola,False,0.01,0.0,kph,VEHICLE_PROTOCOL_DOCUMENTED,POWERTRAIN_ONLY
honda.civic.gen10.us.touring_2016,honda_civic_touring_2016_can_generated.dbc,vehicle_can,WHEEL_SPEEDS,0x1d0,CHECKSUM,,59,4,motorola,False,1.0,0.0,,VEHICLE_PROTOCOL_DOCUMENTED,POWERTRAIN_ONLY
honda.civic.gen10.us.touring_2016,honda_civic_touring_2016_can_generated.dbc,vehicle_can,VEHICLE_DYNAMICS,0x1ea,LAT_ACCEL,,7,16,motorola,True,0.0015,0.0,m/s2,VEHICLE_PROTOCOL_DOCUMENTED,UNKNOWN
honda.civic.gen10.us.touring_2016,honda_civic_touring_2016_can_generated.dbc,vehicle_can,VEHICLE_DYNAMICS,0x1ea,LONG_ACCEL,,23,16,motorola,True,0.0015,0.0,m/s2,VEHICLE_PROTOCOL_DOCUMENTED,UNKNOWN
honda.civic.gen10.us.touring_2016,honda_civic_touring_2016_can_generated.dbc,vehicle_can,VEHICLE_DYNAMICS,0x1ea,COUNTER,,61,2,motorola,False,1.0,0.0,,VEHICLE_PROTOCOL_DOCUMENTED,UNKNOWN
honda.civic.gen10.us.touring_2016,honda_civic_touring_2016_can_generated.dbc,vehicle_can,VEHICLE_DYNAMICS,0x1ea,CHECKSUM,,59,4,motorola,False,1.0,0.0,,VEHICLE_PROTOCOL_DOCUMENTED,UNKNOWN
honda.civic.gen10.us.touring_2016,honda_civic_touring_2016_can_generated.dbc,vehicle_can,SEATBELT_STATUS,0x305,SEATBELT_DRIVER_LAMP,,7,1,motorola,False,1.0,0.0,,VEHICLE_PROTOCOL_DOCUMENTED,DISPLAY_RELEVANT
honda.civic.gen10.us.touring_2016,honda_civic_touring_2016_can_generated.dbc,vehicle_can,SEATBELT_STATUS,0x305,SEATBELT_PASS_UNLATCHED,,10,1,motorola,False,1.0,0.0,,VEHICLE_PROTOCOL_DOCUMENTED,DISPLAY_RELEVANT
honda.civic.gen10.us.touring_2016,honda_civic_touring_2016_can_generated.dbc,vehicle_can,SEATBELT_STATUS,0x305,SEATBELT_PASS_LATCHED,safety.seatbelt_passenger,11,1,motorola,False,1.0,0.0,,VEHICLE_PROTOCOL_DOCUMENTED,DISPLAY_RELEVANT
honda.civic.gen10.us.touring_2016,honda_civic_touring_2016_can_generated.dbc,vehicle_can,SEATBELT_STATUS,0x305,SEATBELT_DRIVER_UNLATCHED,,12,1,motorola,False,1.0,0.0,,VEHICLE_PROTOCOL_DOCUMENTED,DISPLAY_RELEVANT
honda.civic.gen10.us.touring_2016,honda_civic_touring_2016_can_generated.dbc,vehicle_can,SEATBELT_STATUS,0x305,SEATBELT_DRIVER_LATCHED,safety.seatbelt_driver,13,1,motorola,False,1.0,0.0,,CLUSTER_RELEVANT_SIGNAL_DOCUMENTED,DISPLAY_RELEVANT
honda.civic.gen10.us.touring_2016,honda_civic_touring_2016_can_generated.dbc,vehicle_can,SEATBELT_STATUS,0x305,PASS_AIRBAG_OFF,,14,1,motorola,False,1.0,0.0,,VEHICLE_PROTOCOL_DOCUMENTED,DISPLAY_RELEVANT
honda.civic.gen10.us.touring_2016,honda_civic_touring_2016_can_generated.dbc,vehicle_can,SEATBELT_STATUS,0x305,PASS_AIRBAG_ON,,15,1,motorola,False,1.0,0.0,,VEHICLE_PROTOCOL_DOCUMENTED,DISPLAY_RELEVANT
honda.civic.gen10.us.touring_2016,honda_civic_touring_2016_can_generated.dbc,vehicle_can,SEATBELT_STATUS,0x305,COUNTER,,53,2,motorola,False,1.0,0.0,,VEHICLE_PROTOCOL_DOCUMENTED,DISPLAY_RELEVANT
honda.civic.gen10.us.touring_2016,honda_civic_touring_2016_can_generated.dbc,vehicle_can,SEATBELT_STATUS,0x305,CHECKSUM,,51,4,motorola,False,1.0,0.0,,VEHICLE_PROTOCOL_DOCUMENTED,DISPLAY_RELEVANT
honda.civic.gen10.us.touring_2016,honda_civic_touring_2016_can_generated.dbc,vehicle_can,CAR_SPEED,0x309,ROUGH_CAR_SPEED,,23,8,motorola,False,1.0,0.0,mph,VEHICLE_PROTOCOL_DOCUMENTED,DISPLAY_RELEVANT
honda.civic.gen10.us.touring_2016,honda_civic_touring_2016_can_generated.dbc,vehicle_can,CAR_SPEED,0x309,CAR_SPEED,vehicle.speed,7,16,motorola,False,0.01,0.0,kph,CLUSTER_RELEVANT_SIGNAL_DOCUMENTED,DISPLAY_RELEVANT
honda.civic.gen10.us.touring_2016,honda_civic_touring_2016_can_generated.dbc,vehicle_can,CAR_SPEED,0x309,ROUGH_CAR_SPEED_3,,39,16,motorola,False,0.01,0.0,kph,VEHICLE_PROTOCOL_DOCUMENTED,DISPLAY_RELEVANT
honda.civic.gen10.us.touring_2016,honda_civic_touring_2016_can_generated.dbc,vehicle_can,CAR_SPEED,0x309,ROUGH_CAR_SPEED_2,,31,8,motorola,False,1.0,0.0,mph,VEHICLE_PROTOCOL_DOCUMENTED,DISPLAY_RELEVANT
honda.civic.gen10.us.touring_2016,honda_civic_touring_2016_can_generated.dbc,vehicle_can,CAR_SPEED,0x309,LOCK_STATUS,,55,2,motorola,False,1.0,0.0,,VEHICLE_PROTOCOL_DOCUMENTED,DISPLAY_RELEVANT
honda.civic.gen10.us.touring_2016,honda_civic_touring_2016_can_generated.dbc,vehicle_can,CAR_SPEED,0x309,COUNTER,,61,2,motorola,False,1.0,0.0,,VEHICLE_PROTOCOL_DOCUMENTED,DISPLAY_RELEVANT
honda.civic.gen10.us.touring_2016,honda_civic_touring_2016_can_generated.dbc,vehicle_can,CAR_SPEED,0x309,CHECKSUM,,59,4,motorola,False,1.0,0.0,,VEHICLE_PROTOCOL_DOCUMENTED,DISPLAY_RELEVANT
honda.civic.gen10.us.touring_2016,honda_civic_touring_2016_can_generated.dbc,vehicle_can,CAR_SPEED,0x309,IMPERIAL_UNIT,,63,1,motorola,False,1.0,0.0,,VEHICLE_PROTOCOL_DOCUMENTED,DISPLAY_RELEVANT
honda.civic.gen10.us.touring_2016,honda_civic_touring_2016_can_generated.dbc,vehicle_can,ACC_HUD,0x30c,PCM_SPEED,,7,16,motorola,False,0.01,0.0,kph,VEHICLE_PROTOCOL_DOCUMENTED,ADAS_ONLY
honda.civic.gen10.us.touring_2016,honda_civic_touring_2016_can_generated.dbc,vehicle_can,ACC_HUD,0x30c,PCM_GAS,,23,8,motorola,False,1.0,0.0,,VEHICLE_PROTOCOL_DOCUMENTED,ADAS_ONLY
honda.civic.gen10.us.touring_2016,honda_civic_touring_2016_can_generated.dbc,vehicle_can,ACC_HUD,0x30c,CRUISE_SPEED,,31,8,motorola,False,1.0,0.0,kph,VEHICLE_PROTOCOL_DOCUMENTED,ADAS_ONLY
honda.civic.gen10.us.touring_2016,honda_civic_touring_2016_can_generated.dbc,vehicle_can,ACC_HUD,0x30c,DTC_MODE,,39,1,motorola,False,1.0,0.0,,VEHICLE_PROTOCOL_DOCUMENTED,ADAS_ONLY
honda.civic.gen10.us.touring_2016,honda_civic_touring_2016_can_generated.dbc,vehicle_can,ACC_HUD,0x30c,BOH,,38,1,motorola,False,1.0,0.0,,VEHICLE_PROTOCOL_DOCUMENTED,ADAS_ONLY
honda.civic.gen10.us.touring_2016,honda_civic_touring_2016_can_generated.dbc,vehicle_can,ACC_HUD,0x30c,ACC_PROBLEM,,37,1,motorola,False,1.0,0.0,,VEHICLE_PROTOCOL_DOCUMENTED,ADAS_ONLY
honda.civic.gen10.us.touring_2016,honda_civic_touring_2016_can_generated.dbc,vehicle_can,ACC_HUD,0x30c,FCM_OFF,,35,1,motorola,False,1.0,0.0,,VEHICLE_PROTOCOL_DOCUMENTED,ADAS_ONLY
honda.civic.gen10.us.touring_2016,honda_civic_touring_2016_can_generated.dbc,vehicle_can,ACC_HUD,0x30c,FCM_OFF_2,,36,1,motorola,False,1.0,0.0,,VEHICLE_PROTOCOL_DOCUMENTED,ADAS_ONLY
honda.civic.gen10.us.touring_2016,honda_civic_touring_2016_can_generated.dbc,vehicle_can,ACC_HUD,0x30c,FCM_PROBLEM,,34,1,motorola,False,1.0,0.0,,VEHICLE_PROTOCOL_DOCUMENTED,ADAS_ONLY
honda.civic.gen10.us.touring_2016,honda_civic_touring_2016_can_generated.dbc,vehicle_can,ACC_HUD,0x30c,RADAR_OBSTRUCTED,,33,1,motorola,False,1.0,0.0,,VEHICLE_PROTOCOL_DOCUMENTED,ADAS_ONLY
honda.civic.gen10.us.touring_2016,honda_civic_touring_2016_can_generated.dbc,vehicle_can,ACC_HUD,0x30c,ENABLE_MINI_CAR,,32,1,motorola,False,1.0,0.0,,VEHICLE_PROTOCOL_DOCUMENTED,ADAS_ONLY
honda.civic.gen10.us.touring_2016,honda_civic_touring_2016_can_generated.dbc,vehicle_can,ACC_HUD,0x30c,HUD_DISTANCE,,47,2,motorola,False,1.0,0.0,,VEHICLE_PROTOCOL_DOCUMENTED,ADAS_ONLY
honda.civic.gen10.us.touring_2016,honda_civic_touring_2016_can_generated.dbc,vehicle_can,ACC_HUD,0x30c,HUD_LEAD,,45,2,motorola,False,1.0,0.0,,VEHICLE_PROTOCOL_DOCUMENTED,ADAS_ONLY
honda.civic.gen10.us.touring_2016,honda_civic_touring_2016_can_generated.dbc,vehicle_can,ACC_HUD,0x30c,BOH_3,,43,1,motorola,False,1.0,0.0,,VEHICLE_PROTOCOL_DOCUMENTED,ADAS_ONLY
honda.civic.gen10.us.touring_2016,honda_civic_touring_2016_can_generated.dbc,vehicle_can,ACC_HUD,0x30c,BOH_4,,42,1,motorola,False,1.0,0.0,,VEHICLE_PROTOCOL_DOCUMENTED,ADAS_ONLY
honda.civic.gen10.us.touring_2016,honda_civic_touring_2016_can_generated.dbc,vehicle_can,ACC_HUD,0x30c,BOH_5,,41,1,motorola,False,1.0,0.0,,VEHICLE_PROTOCOL_DOCUMENTED,ADAS_ONLY
honda.civic.gen10.us.touring_2016,honda_civic_touring_2016_can_generated.dbc,vehicle_can,ACC_HUD,0x30c,CRUISE_CONTROL_LABEL,,40,1,motorola,False,1.0,0.0,,VEHICLE_PROTOCOL_DOCUMENTED,ADAS_ONLY
honda.civic.gen10.us.touring_2016,honda_civic_touring_2016_can_generated.dbc,vehicle_can,ACC_HUD,0x30c,SET_ME_X01_2,,55,1,motorola,False,1.0,0.0,,VEHICLE_PROTOCOL_DOCUMENTED,ADAS_ONLY
honda.civic.gen10.us.touring_2016,honda_civic_touring_2016_can_generated.dbc,vehicle_can,ACC_HUD,0x30c,IMPERIAL_UNIT,,54,1,motorola,False,1.0,0.0,,VEHICLE_PROTOCOL_DOCUMENTED,ADAS_ONLY
honda.civic.gen10.us.touring_2016,honda_civic_touring_2016_can_generated.dbc,vehicle_can,ACC_HUD,0x30c,ACC_ON,,52,1,motorola,False,1.0,0.0,,VEHICLE_PROTOCOL_DOCUMENTED,ADAS_ONLY
honda.civic.gen10.us.touring_2016,honda_civic_touring_2016_can_generated.dbc,vehicle_can,ACC_HUD,0x30c,CHIME,,51,3,motorola,False,1.0,0.0,,VEHICLE_PROTOCOL_DOCUMENTED,ADAS_ONLY
honda.civic.gen10.us.touring_2016,honda_civic_touring_2016_can_generated.dbc,vehicle_can,ACC_HUD,0x30c,SET_ME_X01,,48,1,motorola,False,1.0,0.0,,VEHICLE_PROTOCOL_DOCUMENTED,ADAS_ONLY
honda.civic.gen10.us.touring_2016,honda_civic_touring_2016_can_generated.dbc,vehicle_can,ACC_HUD,0x30c,ICONS,,63,2,motorola,False,1.0,0.0,,VEHICLE_PROTOCOL_DOCUMENTED,ADAS_ONLY
honda.civic.gen10.us.touring_2016,honda_civic_touring_2016_can_generated.dbc,vehicle_can,ACC_HUD,0x30c,COUNTER,,61,2,motorola,False,1.0,0.0,,VEHICLE_PROTOCOL_DOCUMENTED,ADAS_ONLY
honda.civic.gen10.us.touring_2016,honda_civic_touring_2016_can_generated.dbc,vehicle_can,ACC_HUD,0x30c,CHECKSUM,,59,4,motorola,False,1.0,0.0,,VEHICLE_PROTOCOL_DOCUMENTED,ADAS_ONLY
honda.civic.gen10.us.touring_2016,honda_civic_touring_2016_can_generated.dbc,vehicle_can,CRUISE,0x324,HUD_SPEED_KPH,,7,8,motorola,False,1.0,0.0,kph,VEHICLE_PROTOCOL_DOCUMENTED,POWERTRAIN_ONLY
honda.civic.gen10.us.touring_2016,honda_civic_touring_2016_can_generated.dbc,vehicle_can,CRUISE,0x324,HUD_SPEED_MPH,,15,8,motorola,False,1.0,0.0,mph,VEHICLE_PROTOCOL_DOCUMENTED,POWERTRAIN_ONLY
honda.civic.gen10.us.touring_2016,honda_civic_touring_2016_can_generated.dbc,vehicle_can,CRUISE,0x324,TRIP_FUEL_CONSUMED,,23,16,motorola,False,1.0,0.0,,VEHICLE_PROTOCOL_DOCUMENTED,POWERTRAIN_ONLY
honda.civic.gen10.us.touring_2016,honda_civic_touring_2016_can_generated.dbc,vehicle_can,CRUISE,0x324,CRUISE_SPEED_PCM,,39,8,motorola,False,1.0,0.0,,VEHICLE_PROTOCOL_DOCUMENTED,POWERTRAIN_ONLY
honda.civic.gen10.us.touring_2016,honda_civic_touring_2016_can_generated.dbc,vehicle_can,CRUISE,0x324,BOH2,,47,8,motorola,True,1.0,0.0,,VEHICLE_PROTOCOL_DOCUMENTED,POWERTRAIN_ONLY
honda.civic.gen10.us.touring_2016,honda_civic_touring_2016_can_generated.dbc,vehicle_can,CRUISE,0x324,BOH3,,55,8,motorola,False,1.0,0.0,,VEHICLE_PROTOCOL_DOCUMENTED,POWERTRAIN_ONLY
honda.civic.gen10.us.touring_2016,honda_civic_touring_2016_can_generated.dbc,vehicle_can,CRUISE,0x324,COUNTER,,61,2,motorola,False,1.0,0.0,,VEHICLE_PROTOCOL_DOCUMENTED,POWERTRAIN_ONLY
honda.civic.gen10.us.touring_2016,honda_civic_touring_2016_can_generated.dbc,vehicle_can,CRUISE,0x324,CHECKSUM,,59,4,motorola,False,1.0,0.0,,VEHICLE_PROTOCOL_DOCUMENTED,POWERTRAIN_ONLY
honda.civic.gen10.us.touring_2016,honda_civic_touring_2016_can_generated.dbc,vehicle_can,STALK_STATUS,0x374,DASHBOARD_ALERT,,39,8,motorola,False,1.0,0.0,,VEHICLE_PROTOCOL_DOCUMENTED,BODY_RELEVANT
honda.civic.gen10.us.touring_2016,honda_civic_touring_2016_can_generated.dbc,vehicle_can,STALK_STATUS,0x374,AUTO_HEADLIGHTS,,46,1,motorola,False,1.0,0.0,,VEHICLE_PROTOCOL_DOCUMENTED,BODY_RELEVANT
honda.civic.gen10.us.touring_2016,honda_civic_touring_2016_can_generated.dbc,vehicle_can,STALK_STATUS,0x374,HIGH_BEAM_HOLD,,47,1,motorola,False,1.0,0.0,,VEHICLE_PROTOCOL_DOCUMENTED,BODY_RELEVANT
honda.civic.gen10.us.touring_2016,honda_civic_touring_2016_can_generated.dbc,vehicle_can,STALK_STATUS,0x374,HIGH_BEAM_FLASH,,45,1,motorola,False,1.0,0.0,,VEHICLE_PROTOCOL_DOCUMENTED,BODY_RELEVANT
honda.civic.gen10.us.touring_2016,honda_civic_touring_2016_can_generated.dbc,vehicle_can,STALK_STATUS,0x374,HEADLIGHTS_ON,lighting.headlights_on,54,1,motorola,False,1.0,0.0,,VEHICLE_PROTOCOL_DOCUMENTED,BODY_RELEVANT
honda.civic.gen10.us.touring_2016,honda_civic_touring_2016_can_generated.dbc,vehicle_can,STALK_STATUS,0x374,WIPER_SWITCH,,53,2,motorola,False,1.0,0.0,,VEHICLE_PROTOCOL_DOCUMENTED,BODY_RELEVANT
honda.civic.gen10.us.touring_2016,honda_civic_touring_2016_can_generated.dbc,vehicle_can,STALK_STATUS,0x374,COUNTER,,61,2,motorola,False,1.0,0.0,,VEHICLE_PROTOCOL_DOCUMENTED,BODY_RELEVANT
honda.civic.gen10.us.touring_2016,honda_civic_touring_2016_can_generated.dbc,vehicle_can,STALK_STATUS,0x374,CHECKSUM,,59,4,motorola,False,1.0,0.0,,VEHICLE_PROTOCOL_DOCUMENTED,BODY_RELEVANT
honda.civic.gen10.us.touring_2016,honda_civic_touring_2016_can_generated.dbc,vehicle_can,STALK_STATUS_2,0x37b,WIPERS,,17,2,motorola,False,1.0,0.0,,VEHICLE_PROTOCOL_DOCUMENTED,DISPLAY_RELEVANT
honda.civic.gen10.us.touring_2016,honda_civic_touring_2016_can_generated.dbc,vehicle_can,STALK_STATUS_2,0x37b,LOW_BEAMS,lighting.low_beam,35,1,motorola,False,1.0,0.0,,CLUSTER_RELEVANT_SIGNAL_DOCUMENTED,DISPLAY_RELEVANT
honda.civic.gen10.us.touring_2016,honda_civic_touring_2016_can_generated.dbc,vehicle_can,STALK_STATUS_2,0x37b,HIGH_BEAMS,lighting.high_beam,34,1,motorola,False,1.0,0.0,,CLUSTER_RELEVANT_SIGNAL_DOCUMENTED,DISPLAY_RELEVANT
honda.civic.gen10.us.touring_2016,honda_civic_touring_2016_can_generated.dbc,vehicle_can,STALK_STATUS_2,0x37b,PARK_LIGHTS,,36,1,motorola,False,1.0,0.0,,VEHICLE_PROTOCOL_DOCUMENTED,DISPLAY_RELEVANT
honda.civic.gen10.us.touring_2016,honda_civic_touring_2016_can_generated.dbc,vehicle_can,STALK_STATUS_2,0x37b,COUNTER,,61,2,motorola,False,1.0,0.0,,VEHICLE_PROTOCOL_DOCUMENTED,DISPLAY_RELEVANT
honda.civic.gen10.us.touring_2016,honda_civic_touring_2016_can_generated.dbc,vehicle_can,STALK_STATUS_2,0x37b,CHECKSUM,,59,4,motorola,False,1.0,0.0,,VEHICLE_PROTOCOL_DOCUMENTED,DISPLAY_RELEVANT
honda.civic.gen10.us.touring_2016,honda_civic_touring_2016_can_generated.dbc,vehicle_can,DOORS_STATUS,0x405,DOOR_OPEN_FL,body.driver_door,37,1,motorola,False,1.0,0.0,,CLUSTER_RELEVANT_SIGNAL_DOCUMENTED,DISPLAY_RELEVANT
honda.civic.gen10.us.touring_2016,honda_civic_touring_2016_can_generated.dbc,vehicle_can,DOORS_STATUS,0x405,DOOR_OPEN_FR,body.passenger_door,38,1,motorola,False,1.0,0.0,,CLUSTER_RELEVANT_SIGNAL_DOCUMENTED,DISPLAY_RELEVANT
honda.civic.gen10.us.touring_2016,honda_civic_touring_2016_can_generated.dbc,vehicle_can,DOORS_STATUS,0x405,DOOR_OPEN_RL,body.rear_left_door,39,1,motorola,False,1.0,0.0,,VEHICLE_PROTOCOL_DOCUMENTED,DISPLAY_RELEVANT
honda.civic.gen10.us.touring_2016,honda_civic_touring_2016_can_generated.dbc,vehicle_can,DOORS_STATUS,0x405,DOOR_OPEN_RR,body.rear_right_door,40,1,motorola,False,1.0,0.0,,VEHICLE_PROTOCOL_DOCUMENTED,DISPLAY_RELEVANT
honda.civic.gen10.us.touring_2016,honda_civic_touring_2016_can_generated.dbc,vehicle_can,DOORS_STATUS,0x405,TRUNK_OPEN,body.trunk,41,1,motorola,False,1.0,0.0,,CLUSTER_RELEVANT_SIGNAL_DOCUMENTED,DISPLAY_RELEVANT
honda.civic.gen10.us.touring_2016,honda_civic_touring_2016_can_generated.dbc,vehicle_can,DOORS_STATUS,0x405,COUNTER,,61,2,motorola,False,1.0,0.0,,VEHICLE_PROTOCOL_DOCUMENTED,DISPLAY_RELEVANT
honda.civic.gen10.us.touring_2016,honda_civic_touring_2016_can_generated.dbc,vehicle_can,DOORS_STATUS,0x405,CHECKSUM,,59,4,motorola,False,1.0,0.0,,VEHICLE_PROTOCOL_DOCUMENTED,DISPLAY_RELEVANT
honda.civic.gen10.us.touring_2016,honda_civic_touring_2016_can_generated.dbc,vehicle_can,KINEMATICS,0x91,LAT_ACCEL,,7,10,motorola,False,0.02,-512.0,m/s2,VEHICLE_PROTOCOL_DOCUMENTED,UNKNOWN
honda.civic.gen10.us.touring_2016,honda_civic_touring_2016_can_generated.dbc,vehicle_can,KINEMATICS,0x91,COUNTER,,61,2,motorola,False,1.0,0.0,,VEHICLE_PROTOCOL_DOCUMENTED,UNKNOWN
honda.civic.gen10.us.touring_2016,honda_civic_touring_2016_can_generated.dbc,vehicle_can,KINEMATICS,0x91,CHECKSUM,,59,4,motorola,False,1.0,0.0,,VEHICLE_PROTOCOL_DOCUMENTED,UNKNOWN
honda.civic.gen10.us.touring_2016,honda_civic_touring_2016_can_generated.dbc,vehicle_can,KINEMATICS_ALT,0x94,LAT_ACCEL,,7,10,motorola,False,0.02,-512.0,m/s2,VEHICLE_PROTOCOL_DOCUMENTED,UNKNOWN
honda.civic.gen10.us.touring_2016,honda_civic_touring_2016_can_generated.dbc,vehicle_can,KINEMATICS_ALT,0x94,LONG_ACCEL,,24,9,motorola,True,-0.02,0.0,m/s2,VEHICLE_PROTOCOL_DOCUMENTED,UNKNOWN
honda.civic.gen10.us.touring_2016,honda_civic_touring_2016_can_generated.dbc,vehicle_can,KINEMATICS_ALT,0x94,CHECKSUM,,59,4,motorola,False,1.0,0.0,,VEHICLE_PROTOCOL_DOCUMENTED,UNKNOWN
honda.civic.gen10.us.touring_2016,honda_civic_touring_2016_can_generated.dbc,vehicle_can,KINEMATICS_ALT,0x94,COUNTER,,61,2,motorola,False,1.0,0.0,,VEHICLE_PROTOCOL_DOCUMENTED,UNKNOWN
honda.civic.gen10.us.touring_2016,honda_civic_touring_2016_can_generated.dbc,vehicle_can,STANDSTILL,0x1b0,CONTROLLED_STANDSTILL,,0,1,motorola,False,1.0,0.0,,VEHICLE_PROTOCOL_DOCUMENTED,POWERTRAIN_ONLY
honda.civic.gen10.us.touring_2016,honda_civic_touring_2016_can_generated.dbc,vehicle_can,STANDSTILL,0x1b0,WHEELS_MOVING,,12,1,motorola,False,1.0,0.0,,VEHICLE_PROTOCOL_DOCUMENTED,POWERTRAIN_ONLY
honda.civic.gen10.us.touring_2016,honda_civic_touring_2016_can_generated.dbc,vehicle_can,STANDSTILL,0x1b0,BRAKE_ERROR_1,,11,1,motorola,False,1.0,0.0,,VEHICLE_PROTOCOL_DOCUMENTED,POWERTRAIN_ONLY
honda.civic.gen10.us.touring_2016,honda_civic_touring_2016_can_generated.dbc,vehicle_can,STANDSTILL,0x1b0,BRAKE_ERROR_2,,9,1,motorola,False,1.0,0.0,,VEHICLE_PROTOCOL_DOCUMENTED,POWERTRAIN_ONLY
honda.civic.gen10.us.touring_2016,honda_civic_touring_2016_can_generated.dbc,vehicle_can,STANDSTILL,0x1b0,COUNTER,,53,2,motorola,False,1.0,0.0,,VEHICLE_PROTOCOL_DOCUMENTED,POWERTRAIN_ONLY
honda.civic.gen10.us.touring_2016,honda_civic_touring_2016_can_generated.dbc,vehicle_can,STANDSTILL,0x1b0,CHECKSUM,,51,4,motorola,False,1.0,0.0,,VEHICLE_PROTOCOL_DOCUMENTED,POWERTRAIN_ONLY
honda.civic.gen10.us.touring_2016,honda_civic_touring_2016_can_generated.dbc,vehicle_can,BRAKE_PRESSURE,0x1e7,BRAKE_PRESSURE1,,7,10,motorola,False,0.015625,-103.0,,VEHICLE_PROTOCOL_DOCUMENTED,UNKNOWN
honda.civic.gen10.us.touring_2016,honda_civic_touring_2016_can_generated.dbc,vehicle_can,BRAKE_PRESSURE,0x1e7,BRAKE_PRESSURE2,,9,10,motorola,False,0.015625,-103.0,,VEHICLE_PROTOCOL_DOCUMENTED,UNKNOWN
honda.civic.gen10.us.touring_2016,honda_civic_touring_2016_can_generated.dbc,vehicle_can,BRAKE_PRESSURE,0x1e7,CHECKSUM,,27,4,motorola,False,1.0,0.0,,VEHICLE_PROTOCOL_DOCUMENTED,UNKNOWN
honda.civic.gen10.us.touring_2016,honda_civic_touring_2016_can_generated.dbc,vehicle_can,BRAKE_PRESSURE,0x1e7,COUNTER,,29,2,motorola,False,1.0,0.0,,VEHICLE_PROTOCOL_DOCUMENTED,UNKNOWN
honda.civic.gen10.us.touring_2016,honda_civic_touring_2016_can_generated.dbc,vehicle_can,BRAKE_COMMAND,0x1fa,COMPUTER_BRAKE,,7,10,motorola,False,1.0,0.0,,VEHICLE_PROTOCOL_DOCUMENTED,ADAS_ONLY
honda.civic.gen10.us.touring_2016,honda_civic_touring_2016_can_generated.dbc,vehicle_can,BRAKE_COMMAND,0x1fa,BRAKE_PUMP_REQUEST,,8,1,motorola,False,1.0,0.0,,VEHICLE_PROTOCOL_DOCUMENTED,ADAS_ONLY
honda.civic.gen10.us.touring_2016,honda_civic_touring_2016_can_generated.dbc,vehicle_can,BRAKE_COMMAND,0x1fa,BRAKE_PUMP_REQUEST_ALT,,11,1,motorola,False,1.0,0.0,,VEHICLE_PROTOCOL_DOCUMENTED,ADAS_ONLY
honda.civic.gen10.us.touring_2016,honda_civic_touring_2016_can_generated.dbc,vehicle_can,BRAKE_COMMAND,0x1fa,SET_ME_X00,,23,3,motorola,False,1.0,0.0,,VEHICLE_PROTOCOL_DOCUMENTED,ADAS_ONLY
honda.civic.gen10.us.touring_2016,honda_civic_touring_2016_can_generated.dbc,vehicle_can,BRAKE_COMMAND,0x1fa,CRUISE_OVERRIDE,,20,1,motorola,False,1.0,0.0,,VEHICLE_PROTOCOL_DOCUMENTED,ADAS_ONLY
honda.civic.gen10.us.touring_2016,honda_civic_touring_2016_can_generated.dbc,vehicle_can,BRAKE_COMMAND,0x1fa,SET_ME_X00_2,,19,1,motorola,False,1.0,0.0,,VEHICLE_PROTOCOL_DOCUMENTED,ADAS_ONLY
honda.civic.gen10.us.touring_2016,honda_civic_touring_2016_can_generated.dbc,vehicle_can,BRAKE_COMMAND,0x1fa,CRUISE_FAULT_CMD,,18,1,motorola,False,1.0,0.0,,VEHICLE_PROTOCOL_DOCUMENTED,ADAS_ONLY
honda.civic.gen10.us.touring_2016,honda_civic_touring_2016_can_generated.dbc,vehicle_can,BRAKE_COMMAND,0x1fa,CRUISE_CANCEL_CMD,,17,1,motorola,False,1.0,0.0,,VEHICLE_PROTOCOL_DOCUMENTED,ADAS_ONLY
honda.civic.gen10.us.touring_2016,honda_civic_touring_2016_can_generated.dbc,vehicle_can,BRAKE_COMMAND,0x1fa,COMPUTER_BRAKE_REQUEST,,16,1,motorola,False,1.0,0.0,,VEHICLE_PROTOCOL_DOCUMENTED,ADAS_ONLY
honda.civic.gen10.us.touring_2016,honda_civic_touring_2016_can_generated.dbc,vehicle_can,BRAKE_COMMAND,0x1fa,SET_ME_1,,31,1,motorola,False,1.0,0.0,,VEHICLE_PROTOCOL_DOCUMENTED,ADAS_ONLY
honda.civic.gen10.us.touring_2016,honda_civic_touring_2016_can_generated.dbc,vehicle_can,BRAKE_COMMAND,0x1fa,AEB_REQ_1,,29,1,motorola,False,1.0,0.0,,VEHICLE_PROTOCOL_DOCUMENTED,ADAS_ONLY
honda.civic.gen10.us.touring_2016,honda_civic_touring_2016_can_generated.dbc,vehicle_can,BRAKE_COMMAND,0x1fa,AEB_REQ_2,,26,3,motorola,False,1.0,0.0,,VEHICLE_PROTOCOL_DOCUMENTED,ADAS_ONLY
honda.civic.gen10.us.touring_2016,honda_civic_touring_2016_can_generated.dbc,vehicle_can,BRAKE_COMMAND,0x1fa,BRAKE_LIGHTS,,39,1,motorola,False,1.0,0.0,,VEHICLE_PROTOCOL_DOCUMENTED,ADAS_ONLY
honda.civic.gen10.us.touring_2016,honda_civic_touring_2016_can_generated.dbc,vehicle_can,BRAKE_COMMAND,0x1fa,CRUISE_STATES,,38,7,motorola,False,1.0,0.0,,VEHICLE_PROTOCOL_DOCUMENTED,ADAS_ONLY
honda.civic.gen10.us.touring_2016,honda_civic_touring_2016_can_generated.dbc,vehicle_can,BRAKE_COMMAND,0x1fa,CHIME,,47,3,motorola,False,1.0,0.0,,VEHICLE_PROTOCOL_DOCUMENTED,ADAS_ONLY
honda.civic.gen10.us.touring_2016,honda_civic_touring_2016_can_generated.dbc,vehicle_can,BRAKE_COMMAND,0x1fa,SET_ME_X00_3,,44,1,motorola,False,1.0,0.0,,VEHICLE_PROTOCOL_DOCUMENTED,ADAS_ONLY
honda.civic.gen10.us.touring_2016,honda_civic_touring_2016_can_generated.dbc,vehicle_can,BRAKE_COMMAND,0x1fa,FCW,,43,2,motorola,False,1.0,0.0,,VEHICLE_PROTOCOL_DOCUMENTED,ADAS_ONLY
honda.civic.gen10.us.touring_2016,honda_civic_touring_2016_can_generated.dbc,vehicle_can,BRAKE_COMMAND,0x1fa,AEB_STATUS,,41,2,motorola,False,1.0,0.0,,VEHICLE_PROTOCOL_DOCUMENTED,ADAS_ONLY
honda.civic.gen10.us.touring_2016,honda_civic_touring_2016_can_generated.dbc,vehicle_can,BRAKE_COMMAND,0x1fa,COMPUTER_BRAKE_ALT,,55,10,motorola,False,1.0,0.0,,VEHICLE_PROTOCOL_DOCUMENTED,ADAS_ONLY
honda.civic.gen10.us.touring_2016,honda_civic_touring_2016_can_generated.dbc,vehicle_can,BRAKE_COMMAND,0x1fa,COUNTER,,61,2,motorola,False,1.0,0.0,,VEHICLE_PROTOCOL_DOCUMENTED,ADAS_ONLY
honda.civic.gen10.us.touring_2016,honda_civic_touring_2016_can_generated.dbc,vehicle_can,BRAKE_COMMAND,0x1fa,CHECKSUM,,59,4,motorola,False,1.0,0.0,,VEHICLE_PROTOCOL_DOCUMENTED,ADAS_ONLY
honda.civic.gen10.us.touring_2016,honda_civic_touring_2016_can_generated.dbc,vehicle_can,ROUGH_WHEEL_SPEED,0x255,WHEEL_SPEED_FL,,7,8,motorola,False,1.0,0.0,mph,VEHICLE_PROTOCOL_DOCUMENTED,POWERTRAIN_ONLY
honda.civic.gen10.us.touring_2016,honda_civic_touring_2016_can_generated.dbc,vehicle_can,ROUGH_WHEEL_SPEED,0x255,WHEEL_SPEED_FR,,15,8,motorola,False,1.0,0.0,mph,VEHICLE_PROTOCOL_DOCUMENTED,POWERTRAIN_ONLY
honda.civic.gen10.us.touring_2016,honda_civic_touring_2016_can_generated.dbc,vehicle_can,ROUGH_WHEEL_SPEED,0x255,WHEEL_SPEED_RL,,23,8,motorola,False,1.0,0.0,mph,VEHICLE_PROTOCOL_DOCUMENTED,POWERTRAIN_ONLY
honda.civic.gen10.us.touring_2016,honda_civic_touring_2016_can_generated.dbc,vehicle_can,ROUGH_WHEEL_SPEED,0x255,WHEEL_SPEED_RR,,31,8,motorola,False,1.0,0.0,mph,VEHICLE_PROTOCOL_DOCUMENTED,POWERTRAIN_ONLY
honda.civic.gen10.us.touring_2016,honda_civic_touring_2016_can_generated.dbc,vehicle_can,ROUGH_WHEEL_SPEED,0x255,SET_TO_X55,,39,8,motorola,False,1.0,0.0,,VEHICLE_PROTOCOL_DOCUMENTED,POWERTRAIN_ONLY
honda.civic.gen10.us.touring_2016,honda_civic_touring_2016_can_generated.dbc,vehicle_can,ROUGH_WHEEL_SPEED,0x255,SET_TO_X55_2,,47,8,motorola,False,1.0,0.0,,VEHICLE_PROTOCOL_DOCUMENTED,POWERTRAIN_ONLY
honda.civic.gen10.us.touring_2016,honda_civic_touring_2016_can_generated.dbc,vehicle_can,ROUGH_WHEEL_SPEED,0x255,COUNTER,,61,2,motorola,False,1.0,0.0,,VEHICLE_PROTOCOL_DOCUMENTED,POWERTRAIN_ONLY
honda.civic.gen10.us.touring_2016,honda_civic_touring_2016_can_generated.dbc,vehicle_can,ROUGH_WHEEL_SPEED,0x255,CHECKSUM,,59,4,motorola,False,1.0,0.0,,VEHICLE_PROTOCOL_DOCUMENTED,POWERTRAIN_ONLY
honda.civic.gen10.us.touring_2016,honda_civic_touring_2016_can_generated.dbc,vehicle_can,LKAS_HUD,0x33d,CAM_TEMP_HIGH,,7,1,motorola,False,1.0,0.0,,VEHICLE_PROTOCOL_DOCUMENTED,ADAS_ONLY
honda.civic.gen10.us.touring_2016,honda_civic_touring_2016_can_generated.dbc,vehicle_can,LKAS_HUD,0x33d,SET_ME_X41,,6,7,motorola,False,1.0,0.0,,VEHICLE_PROTOCOL_DOCUMENTED,ADAS_ONLY
honda.civic.gen10.us.touring_2016,honda_civic_touring_2016_can_generated.dbc,vehicle_can,LKAS_HUD,0x33d,BOH,,6,7,motorola,False,1.0,0.0,,VEHICLE_PROTOCOL_DOCUMENTED,ADAS_ONLY
honda.civic.gen10.us.touring_2016,honda_civic_touring_2016_can_generated.dbc,vehicle_can,LKAS_HUD,0x33d,DASHED_LANES,,14,1,motorola,False,1.0,0.0,,VEHICLE_PROTOCOL_DOCUMENTED,ADAS_ONLY
honda.civic.gen10.us.touring_2016,honda_civic_touring_2016_can_generated.dbc,vehicle_can,LKAS_HUD,0x33d,DTC,,13,1,motorola,False,1.0,0.0,,VEHICLE_PROTOCOL_DOCUMENTED,ADAS_ONLY
honda.civic.gen10.us.touring_2016,honda_civic_touring_2016_can_generated.dbc,vehicle_can,LKAS_HUD,0x33d,LKAS_PROBLEM,,12,1,motorola,False,1.0,0.0,,VEHICLE_PROTOCOL_DOCUMENTED,ADAS_ONLY
honda.civic.gen10.us.touring_2016,honda_civic_touring_2016_can_generated.dbc,vehicle_can,LKAS_HUD,0x33d,LKAS_OFF,,11,1,motorola,False,1.0,0.0,,VEHICLE_PROTOCOL_DOCUMENTED,ADAS_ONLY
honda.civic.gen10.us.touring_2016,honda_civic_touring_2016_can_generated.dbc,vehicle_can,LKAS_HUD,0x33d,SOLID_LANES,,10,1,motorola,False,1.0,0.0,,VEHICLE_PROTOCOL_DOCUMENTED,ADAS_ONLY
honda.civic.gen10.us.touring_2016,honda_civic_touring_2016_can_generated.dbc,vehicle_can,LKAS_HUD,0x33d,LDW_RIGHT,,9,1,motorola,False,1.0,0.0,,VEHICLE_PROTOCOL_DOCUMENTED,ADAS_ONLY
honda.civic.gen10.us.touring_2016,honda_civic_touring_2016_can_generated.dbc,vehicle_can,LKAS_HUD,0x33d,STEERING_REQUIRED,,8,1,motorola,False,1.0,0.0,,VEHICLE_PROTOCOL_DOCUMENTED,ADAS_ONLY
honda.civic.gen10.us.touring_2016,honda_civic_touring_2016_can_generated.dbc,vehicle_can,LKAS_HUD,0x33d,BOH_2,,23,2,motorola,False,1.0,0.0,,VEHICLE_PROTOCOL_DOCUMENTED,ADAS_ONLY
honda.civic.gen10.us.touring_2016,honda_civic_touring_2016_can_generated.dbc,vehicle_can,LKAS_HUD,0x33d,LDW_PROBLEM,,21,1,motorola,False,1.0,0.0,,VEHICLE_PROTOCOL_DOCUMENTED,ADAS_ONLY
honda.civic.gen10.us.touring_2016,honda_civic_touring_2016_can_generated.dbc,vehicle_can,LKAS_HUD,0x33d,BEEP,,17,2,motorola,False,1.0,0.0,,VEHICLE_PROTOCOL_DOCUMENTED,ADAS_ONLY
honda.civic.gen10.us.touring_2016,honda_civic_touring_2016_can_generated.dbc,vehicle_can,LKAS_HUD,0x33d,LDW_ON,,28,1,motorola,False,1.0,0.0,,VEHICLE_PROTOCOL_DOCUMENTED,ADAS_ONLY
honda.civic.gen10.us.touring_2016,honda_civic_touring_2016_can_generated.dbc,vehicle_can,LKAS_HUD,0x33d,LDW_OFF,,27,1,motorola,False,1.0,0.0,,VEHICLE_PROTOCOL_DOCUMENTED,ADAS_ONLY
honda.civic.gen10.us.touring_2016,honda_civic_touring_2016_can_generated.dbc,vehicle_can,LKAS_HUD,0x33d,CLEAN_WINDSHIELD,,26,1,motorola,False,1.0,0.0,,VEHICLE_PROTOCOL_DOCUMENTED,ADAS_ONLY
honda.civic.gen10.us.touring_2016,honda_civic_touring_2016_can_generated.dbc,vehicle_can,LKAS_HUD,0x33d,SET_ME_X48,,31,8,motorola,False,1.0,0.0,,VEHICLE_PROTOCOL_DOCUMENTED,ADAS_ONLY
honda.civic.gen10.us.touring_2016,honda_civic_touring_2016_can_generated.dbc,vehicle_can,LKAS_HUD,0x33d,COUNTER,,37,2,motorola,False,1.0,0.0,,VEHICLE_PROTOCOL_DOCUMENTED,ADAS_ONLY
honda.civic.gen10.us.touring_2016,honda_civic_touring_2016_can_generated.dbc,vehicle_can,LKAS_HUD,0x33d,CHECKSUM,,35,4,motorola,False,1.0,0.0,,VEHICLE_PROTOCOL_DOCUMENTED,ADAS_ONLY
honda.civic.gen10.us.touring_2016,honda_civic_touring_2016_can_generated.dbc,vehicle_can,CRUISE_PARAMS,0x37c,CRUISE_SPEED_OFFSET,,31,8,motorola,True,0.1,0.0,kph,VEHICLE_PROTOCOL_DOCUMENTED,POWERTRAIN_ONLY
honda.civic.gen10.us.touring_2016,honda_civic_touring_2016_can_generated.dbc,vehicle_can,CRUISE_PARAMS,0x37c,CHECKSUM,,59,4,motorola,False,1.0,0.0,,VEHICLE_PROTOCOL_DOCUMENTED,POWERTRAIN_ONLY
honda.civic.gen10.us.touring_2016,honda_civic_touring_2016_can_generated.dbc,vehicle_can,CRUISE_PARAMS,0x37c,COUNTER,,61,2,motorola,False,1.0,0.0,,VEHICLE_PROTOCOL_DOCUMENTED,POWERTRAIN_ONLY
honda.civic.gen10.us.touring_2016,honda_civic_touring_2016_can_generated.dbc,vehicle_can,STEERING_SENSORS,0x14a,STEER_ANGLE,chassis.steering_angle,7,16,motorola,True,-0.1,0.0,deg,VEHICLE_PROTOCOL_DOCUMENTED,UNKNOWN
honda.civic.gen10.us.touring_2016,honda_civic_touring_2016_can_generated.dbc,vehicle_can,STEERING_SENSORS,0x14a,STEER_ANGLE_RATE,,23,16,motorola,True,-1.0,0.0,deg/s,VEHICLE_PROTOCOL_DOCUMENTED,UNKNOWN
honda.civic.gen10.us.touring_2016,honda_civic_touring_2016_can_generated.dbc,vehicle_can,STEERING_SENSORS,0x14a,STEER_SENSOR_STATUS_1,,34,1,motorola,False,1.0,0.0,,VEHICLE_PROTOCOL_DOCUMENTED,UNKNOWN
honda.civic.gen10.us.touring_2016,honda_civic_touring_2016_can_generated.dbc,vehicle_can,STEERING_SENSORS,0x14a,STEER_SENSOR_STATUS_2,,33,1,motorola,False,1.0,0.0,,VEHICLE_PROTOCOL_DOCUMENTED,UNKNOWN
honda.civic.gen10.us.touring_2016,honda_civic_touring_2016_can_generated.dbc,vehicle_can,STEERING_SENSORS,0x14a,STEER_SENSOR_STATUS_3,,32,1,motorola,False,1.0,0.0,,VEHICLE_PROTOCOL_DOCUMENTED,UNKNOWN
honda.civic.gen10.us.touring_2016,honda_civic_touring_2016_can_generated.dbc,vehicle_can,STEERING_SENSORS,0x14a,STEER_WHEEL_ANGLE,,47,16,motorola,True,-0.1,0.0,deg,VEHICLE_PROTOCOL_DOCUMENTED,UNKNOWN
honda.civic.gen10.us.touring_2016,honda_civic_touring_2016_can_generated.dbc,vehicle_can,STEERING_SENSORS,0x14a,COUNTER,,61,2,motorola,False,1.0,0.0,,VEHICLE_PROTOCOL_DOCUMENTED,UNKNOWN
honda.civic.gen10.us.touring_2016,honda_civic_touring_2016_can_generated.dbc,vehicle_can,STEERING_SENSORS,0x14a,CHECKSUM,,59,4,motorola,False,1.0,0.0,,VEHICLE_PROTOCOL_DOCUMENTED,UNKNOWN
honda.civic.gen10.us.touring_2016,honda_civic_touring_2016_can_generated.dbc,vehicle_can,STEERING_CONTROL,0xe4,STEER_TORQUE,,7,16,motorola,True,1.0,0.0,,VEHICLE_PROTOCOL_DOCUMENTED,ADAS_ONLY
honda.civic.gen10.us.touring_2016,honda_civic_touring_2016_can_generated.dbc,vehicle_can,STEERING_CONTROL,0xe4,STEER_TORQUE_REQUEST,,23,1,motorola,False,1.0,0.0,,VEHICLE_PROTOCOL_DOCUMENTED,ADAS_ONLY
honda.civic.gen10.us.touring_2016,honda_civic_touring_2016_can_generated.dbc,vehicle_can,STEERING_CONTROL,0xe4,SET_ME_X00,,22,7,motorola,False,1.0,0.0,,VEHICLE_PROTOCOL_DOCUMENTED,ADAS_ONLY
honda.civic.gen10.us.touring_2016,honda_civic_touring_2016_can_generated.dbc,vehicle_can,STEERING_CONTROL,0xe4,SET_ME_X00_2,,31,8,motorola,False,1.0,0.0,,VEHICLE_PROTOCOL_DOCUMENTED,ADAS_ONLY
honda.civic.gen10.us.touring_2016,honda_civic_touring_2016_can_generated.dbc,vehicle_can,STEERING_CONTROL,0xe4,COUNTER,,37,2,motorola,False,1.0,0.0,,VEHICLE_PROTOCOL_DOCUMENTED,ADAS_ONLY
honda.civic.gen10.us.touring_2016,honda_civic_touring_2016_can_generated.dbc,vehicle_can,STEERING_CONTROL,0xe4,CHECKSUM,,35,4,motorola,False,1.0,0.0,,VEHICLE_PROTOCOL_DOCUMENTED,ADAS_ONLY
honda.civic.gen10.us.touring_2016,honda_civic_touring_2016_can_generated.dbc,vehicle_can,STEER_STATUS,0x18f,STEER_TORQUE_SENSOR,,7,16,motorola,True,-1.0,0.0,tbd,VEHICLE_PROTOCOL_DOCUMENTED,UNKNOWN
honda.civic.gen10.us.touring_2016,honda_civic_touring_2016_can_generated.dbc,vehicle_can,STEER_STATUS,0x18f,STEER_ANGLE_RATE,,23,16,motorola,True,-0.1,0.0,deg/s,VEHICLE_PROTOCOL_DOCUMENTED,UNKNOWN
honda.civic.gen10.us.touring_2016,honda_civic_touring_2016_can_generated.dbc,vehicle_can,STEER_STATUS,0x18f,STEER_STATUS,,39,4,motorola,False,1.0,0.0,,VEHICLE_PROTOCOL_DOCUMENTED,UNKNOWN
honda.civic.gen10.us.touring_2016,honda_civic_touring_2016_can_generated.dbc,vehicle_can,STEER_STATUS,0x18f,STEER_CONTROL_ACTIVE,,35,1,motorola,False,1.0,0.0,,VEHICLE_PROTOCOL_DOCUMENTED,UNKNOWN
honda.civic.gen10.us.touring_2016,honda_civic_touring_2016_can_generated.dbc,vehicle_can,STEER_STATUS,0x18f,STEER_CONFIG_INDEX,,43,4,motorola,False,1.0,0.0,,VEHICLE_PROTOCOL_DOCUMENTED,UNKNOWN
honda.civic.gen10.us.touring_2016,honda_civic_touring_2016_can_generated.dbc,vehicle_can,STEER_STATUS,0x18f,COUNTER,,53,2,motorola,False,1.0,0.0,,VEHICLE_PROTOCOL_DOCUMENTED,UNKNOWN
honda.civic.gen10.us.touring_2016,honda_civic_touring_2016_can_generated.dbc,vehicle_can,STEER_STATUS,0x18f,CHECKSUM,,51,4,motorola,False,1.0,0.0,,VEHICLE_PROTOCOL_DOCUMENTED,UNKNOWN
honda.civic.gen10.us.touring_2016,honda_civic_touring_2016_can_generated.dbc,vehicle_can,GEARBOX,0x191,GEAR_SHIFTER,transmission.gear,5,6,motorola,False,1.0,0.0,,CLUSTER_RELEVANT_SIGNAL_DOCUMENTED,DISPLAY_RELEVANT
honda.civic.gen10.us.touring_2016,honda_civic_touring_2016_can_generated.dbc,vehicle_can,GEARBOX,0x191,GEAR,,43,4,motorola,False,1.0,0.0,,VEHICLE_PROTOCOL_DOCUMENTED,DISPLAY_RELEVANT
honda.civic.gen10.us.touring_2016,honda_civic_touring_2016_can_generated.dbc,vehicle_can,GEARBOX,0x191,COUNTER,,61,2,motorola,False,1.0,0.0,,VEHICLE_PROTOCOL_DOCUMENTED,DISPLAY_RELEVANT
honda.civic.gen10.us.touring_2016,honda_civic_touring_2016_can_generated.dbc,vehicle_can,GEARBOX,0x191,CHECKSUM,,59,4,motorola,False,1.0,0.0,,VEHICLE_PROTOCOL_DOCUMENTED,DISPLAY_RELEVANT
honda.civic.gen10.us.touring_2016,honda_civic_touring_2016_can_generated.dbc,vehicle_can,EPB_STATUS,0x1c2,EPB_ACTIVE,brakes.parking_brake,3,1,motorola,False,1.0,0.0,,CLUSTER_RELEVANT_SIGNAL_DOCUMENTED,DISPLAY_RELEVANT
honda.civic.gen10.us.touring_2016,honda_civic_touring_2016_can_generated.dbc,vehicle_can,EPB_STATUS,0x1c2,EPB_STATE,,29,2,motorola,False,1.0,0.0,,VEHICLE_PROTOCOL_DOCUMENTED,DISPLAY_RELEVANT
honda.civic.gen10.us.touring_2016,honda_civic_touring_2016_can_generated.dbc,vehicle_can,EPB_STATUS,0x1c2,COUNTER,,61,2,motorola,False,1.0,0.0,,VEHICLE_PROTOCOL_DOCUMENTED,DISPLAY_RELEVANT
honda.civic.gen10.us.touring_2016,honda_civic_touring_2016_can_generated.dbc,vehicle_can,EPB_STATUS,0x1c2,CHECKSUM,,59,4,motorola,False,1.0,0.0,,VEHICLE_PROTOCOL_DOCUMENTED,DISPLAY_RELEVANT
honda.civic.gen10.us.touring_2016,honda_civic_touring_2016_can_generated.dbc,vehicle_can,HUD_SETTING,0x1ed,IMPERIAL_UNIT,,5,1,motorola,False,1.0,0.0,,VEHICLE_PROTOCOL_DOCUMENTED,UNKNOWN
honda.civic.gen10.us.touring_2016,honda_civic_touring_2016_can_generated.dbc,vehicle_can,ECON_STATUS,0x221,ECON_ON_2,,37,2,motorola,False,1.0,0.0,,VEHICLE_PROTOCOL_DOCUMENTED,UNKNOWN
honda.civic.gen10.us.touring_2016,honda_civic_touring_2016_can_generated.dbc,vehicle_can,ECON_STATUS,0x221,ECON_ON,,23,1,motorola,False,1.0,0.0,,VEHICLE_PROTOCOL_DOCUMENTED,UNKNOWN
honda.civic.gen10.us.touring_2016,honda_civic_touring_2016_can_generated.dbc,vehicle_can,ECON_STATUS,0x221,CHECKSUM,,43,4,motorola,False,1.0,0.0,,VEHICLE_PROTOCOL_DOCUMENTED,UNKNOWN
honda.civic.gen10.us.touring_2016,honda_civic_touring_2016_can_generated.dbc,vehicle_can,ECON_STATUS,0x221,COUNTER,,45,2,motorola,False,1.0,0.0,,VEHICLE_PROTOCOL_DOCUMENTED,UNKNOWN
honda.civic.gen10.us.touring_2016,honda_civic_touring_2016_can_generated.dbc,vehicle_can,SCM_BUTTONS,0x296,CRUISE_BUTTONS,,7,3,motorola,False,1.0,0.0,,VEHICLE_PROTOCOL_DOCUMENTED,BODY_RELEVANT
honda.civic.gen10.us.touring_2016,honda_civic_touring_2016_can_generated.dbc,vehicle_can,SCM_BUTTONS,0x296,CRUISE_SETTING,,3,2,motorola,False,1.0,0.0,,VEHICLE_PROTOCOL_DOCUMENTED,BODY_RELEVANT
honda.civic.gen10.us.touring_2016,honda_civic_touring_2016_can_generated.dbc,vehicle_can,SCM_BUTTONS,0x296,CHECKSUM,,27,4,motorola,False,1.0,0.0,,VEHICLE_PROTOCOL_DOCUMENTED,BODY_RELEVANT
honda.civic.gen10.us.touring_2016,honda_civic_touring_2016_can_generated.dbc,vehicle_can,SCM_BUTTONS,0x296,COUNTER,,29,2,motorola,False,1.0,0.0,,VEHICLE_PROTOCOL_DOCUMENTED,BODY_RELEVANT
honda.civic.gen10.us.touring_2016,honda_civic_touring_2016_can_generated.dbc,vehicle_can,SCM_FEEDBACK,0x326,CMBS_BUTTON,,22,2,motorola,False,1.0,0.0,,VEHICLE_PROTOCOL_DOCUMENTED,DISPLAY_RELEVANT
honda.civic.gen10.us.touring_2016,honda_civic_touring_2016_can_generated.dbc,vehicle_can,SCM_FEEDBACK,0x326,MAIN_ON,,28,1,motorola,False,1.0,0.0,,VEHICLE_PROTOCOL_DOCUMENTED,DISPLAY_RELEVANT
honda.civic.gen10.us.touring_2016,honda_civic_touring_2016_can_generated.dbc,vehicle_can,SCM_FEEDBACK,0x326,RIGHT_BLINKER,lighting.right_indicator,27,1,motorola,False,1.0,0.0,,CLUSTER_RELEVANT_SIGNAL_DOCUMENTED,DISPLAY_RELEVANT
honda.civic.gen10.us.touring_2016,honda_civic_touring_2016_can_generated.dbc,vehicle_can,SCM_FEEDBACK,0x326,LEFT_BLINKER,lighting.left_indicator,26,1,motorola,False,1.0,0.0,,CLUSTER_RELEVANT_SIGNAL_DOCUMENTED,DISPLAY_RELEVANT
honda.civic.gen10.us.touring_2016,honda_civic_touring_2016_can_generated.dbc,vehicle_can,SCM_FEEDBACK,0x326,REVERSE_LIGHT,,18,1,motorola,False,1.0,0.0,,VEHICLE_PROTOCOL_DOCUMENTED,DISPLAY_RELEVANT
honda.civic.gen10.us.touring_2016,honda_civic_touring_2016_can_generated.dbc,vehicle_can,SCM_FEEDBACK,0x326,COUNTER,,61,2,motorola,False,1.0,0.0,,VEHICLE_PROTOCOL_DOCUMENTED,DISPLAY_RELEVANT
honda.civic.gen10.us.touring_2016,honda_civic_touring_2016_can_generated.dbc,vehicle_can,SCM_FEEDBACK,0x326,CHECKSUM,,59,4,motorola,False,1.0,0.0,,VEHICLE_PROTOCOL_DOCUMENTED,DISPLAY_RELEVANT
honda.civic.gen10.us.touring_2016,honda_civic_touring_2016_can_generated.dbc,vehicle_can,HIGHBEAM_CONTROL,0x35e,ZEROS_BOH,,7,50,motorola,False,1.0,0.0,,VEHICLE_PROTOCOL_DOCUMENTED,UNKNOWN
honda.civic.gen10.us.touring_2016,honda_civic_touring_2016_can_generated.dbc,vehicle_can,HIGHBEAM_CONTROL,0x35e,ZEROS_BOH_2,,48,4,intel,False,1.0,0.0,,VEHICLE_PROTOCOL_DOCUMENTED,UNKNOWN
honda.civic.gen10.us.touring_2016,honda_civic_touring_2016_can_generated.dbc,vehicle_can,HIGHBEAM_CONTROL,0x35e,HIGHBEAMS_ON,,52,1,motorola,False,1.0,0.0,,VEHICLE_PROTOCOL_DOCUMENTED,UNKNOWN
honda.civic.gen10.us.touring_2016,honda_civic_touring_2016_can_generated.dbc,vehicle_can,HIGHBEAM_CONTROL,0x35e,AUTO_HIGHBEAMS_ACTIVE,,53,1,motorola,False,1.0,0.0,,VEHICLE_PROTOCOL_DOCUMENTED,UNKNOWN
honda.civic.gen10.us.touring_2016,honda_civic_touring_2016_can_generated.dbc,vehicle_can,HIGHBEAM_CONTROL,0x35e,COUNTER,,61,2,motorola,False,1.0,0.0,,VEHICLE_PROTOCOL_DOCUMENTED,UNKNOWN
honda.civic.gen10.us.touring_2016,honda_civic_touring_2016_can_generated.dbc,vehicle_can,HIGHBEAM_CONTROL,0x35e,CHECKSUM,,59,4,motorola,False,1.0,0.0,,VEHICLE_PROTOCOL_DOCUMENTED,UNKNOWN
honda.civic.gen10.us.touring_2016,honda_civic_touring_2016_can_generated.dbc,vehicle_can,RADAR_HUD,0x39f,ZEROS_BOH,,7,17,motorola,False,1.0,0.0,,VEHICLE_PROTOCOL_DOCUMENTED,ADAS_ONLY
honda.civic.gen10.us.touring_2016,honda_civic_touring_2016_can_generated.dbc,vehicle_can,RADAR_HUD,0x39f,APPLY_BRAKES_FOR_CANC,,23,1,motorola,False,1.0,0.0,,VEHICLE_PROTOCOL_DOCUMENTED,ADAS_ONLY
honda.civic.gen10.us.touring_2016,honda_civic_touring_2016_can_generated.dbc,vehicle_can,RADAR_HUD,0x39f,ZEROS_BOH2,,31,8,motorola,False,1.0,0.0,,VEHICLE_PROTOCOL_DOCUMENTED,ADAS_ONLY
honda.civic.gen10.us.touring_2016,honda_civic_touring_2016_can_generated.dbc,vehicle_can,RADAR_HUD,0x39f,RESUME_INSTRUCTION,,21,1,motorola,False,1.0,0.0,,VEHICLE_PROTOCOL_DOCUMENTED,ADAS_ONLY
honda.civic.gen10.us.touring_2016,honda_civic_touring_2016_can_generated.dbc,vehicle_can,RADAR_HUD,0x39f,ACC_ALERTS,,20,5,motorola,False,1.0,0.0,,VEHICLE_PROTOCOL_DOCUMENTED,ADAS_ONLY
honda.civic.gen10.us.touring_2016,honda_civic_touring_2016_can_generated.dbc,vehicle_can,RADAR_HUD,0x39f,LEAD_SPEED,,39,9,motorola,False,1.0,0.0,,VEHICLE_PROTOCOL_DOCUMENTED,ADAS_ONLY
honda.civic.gen10.us.touring_2016,honda_civic_touring_2016_can_generated.dbc,vehicle_can,RADAR_HUD,0x39f,LEAD_STATE,,46,3,motorola,False,1.0,0.0,,VEHICLE_PROTOCOL_DOCUMENTED,ADAS_ONLY
honda.civic.gen10.us.touring_2016,honda_civic_touring_2016_can_generated.dbc,vehicle_can,RADAR_HUD,0x39f,LEAD_DISTANCE,,43,5,motorola,False,1.0,0.0,,VEHICLE_PROTOCOL_DOCUMENTED,ADAS_ONLY
honda.civic.gen10.us.touring_2016,honda_civic_touring_2016_can_generated.dbc,vehicle_can,RADAR_HUD,0x39f,ZEROS_BOH3,,54,7,motorola,False,1.0,0.0,,VEHICLE_PROTOCOL_DOCUMENTED,ADAS_ONLY
honda.civic.gen10.us.touring_2016,honda_civic_touring_2016_can_generated.dbc,vehicle_can,RADAR_HUD,0x39f,COUNTER,,61,2,motorola,False,1.0,0.0,,VEHICLE_PROTOCOL_DOCUMENTED,ADAS_ONLY
honda.civic.gen10.us.touring_2016,honda_civic_touring_2016_can_generated.dbc,vehicle_can,RADAR_HUD,0x39f,CHECKSUM,,59,4,motorola,False,1.0,0.0,,VEHICLE_PROTOCOL_DOCUMENTED,ADAS_ONLY
honda.civic.gen10.us.touring_2016,honda_civic_touring_2016_can_generated.dbc,vehicle_can,ODOMETER,0x516,ODOMETER,vehicle.odometer,7,24,motorola,False,1.0,0.0,km,CLUSTER_RELEVANT_SIGNAL_DOCUMENTED,DISPLAY_RELEVANT
honda.civic.gen10.us.touring_2016,honda_civic_touring_2016_can_generated.dbc,vehicle_can,ODOMETER,0x516,COUNTER,,61,2,motorola,False,1.0,0.0,,VEHICLE_PROTOCOL_DOCUMENTED,DISPLAY_RELEVANT
honda.civic.gen10.us.touring_2016,honda_civic_touring_2016_can_generated.dbc,vehicle_can,ODOMETER,0x516,CHECKSUM,,59,4,motorola,False,1.0,0.0,,VEHICLE_PROTOCOL_DOCUMENTED,DISPLAY_RELEVANT
honda.civic.gen10.us.hatch_ex_2017,honda_civic_hatchback_ex_2017_can_generated.dbc,vehicle_can,GAS_PEDAL_2,0x130,ENGINE_TORQUE_ESTIMATE,,7,16,motorola,True,1.0,0.0,Nm,VEHICLE_PROTOCOL_DOCUMENTED,POWERTRAIN_ONLY
honda.civic.gen10.us.hatch_ex_2017,honda_civic_hatchback_ex_2017_can_generated.dbc,vehicle_can,GAS_PEDAL_2,0x130,ENGINE_TORQUE_REQUEST,,23,16,motorola,True,1.0,0.0,Nm,VEHICLE_PROTOCOL_DOCUMENTED,POWERTRAIN_ONLY
honda.civic.gen10.us.hatch_ex_2017,honda_civic_hatchback_ex_2017_can_generated.dbc,vehicle_can,GAS_PEDAL_2,0x130,CAR_GAS,,39,8,motorola,False,1.0,0.0,,VEHICLE_PROTOCOL_DOCUMENTED,POWERTRAIN_ONLY
honda.civic.gen10.us.hatch_ex_2017,honda_civic_hatchback_ex_2017_can_generated.dbc,vehicle_can,GAS_PEDAL_2,0x130,COUNTER,,61,2,motorola,False,1.0,0.0,,VEHICLE_PROTOCOL_DOCUMENTED,POWERTRAIN_ONLY
honda.civic.gen10.us.hatch_ex_2017,honda_civic_hatchback_ex_2017_can_generated.dbc,vehicle_can,GAS_PEDAL_2,0x130,CHECKSUM,,59,4,motorola,False,1.0,0.0,,VEHICLE_PROTOCOL_DOCUMENTED,POWERTRAIN_ONLY
honda.civic.gen10.us.hatch_ex_2017,honda_civic_hatchback_ex_2017_can_generated.dbc,vehicle_can,GAS_PEDAL,0x13c,CAR_GAS,,39,8,motorola,False,1.0,0.0,,VEHICLE_PROTOCOL_DOCUMENTED,POWERTRAIN_ONLY
honda.civic.gen10.us.hatch_ex_2017,honda_civic_hatchback_ex_2017_can_generated.dbc,vehicle_can,GAS_PEDAL,0x13c,COUNTER,,61,2,motorola,False,1.0,0.0,,VEHICLE_PROTOCOL_DOCUMENTED,POWERTRAIN_ONLY
honda.civic.gen10.us.hatch_ex_2017,honda_civic_hatchback_ex_2017_can_generated.dbc,vehicle_can,GAS_PEDAL,0x13c,CHECKSUM,,59,4,motorola,False,1.0,0.0,,VEHICLE_PROTOCOL_DOCUMENTED,POWERTRAIN_ONLY
honda.civic.gen10.us.hatch_ex_2017,honda_civic_hatchback_ex_2017_can_generated.dbc,vehicle_can,ENGINE_DATA,0x158,XMISSION_SPEED,vehicle.speed,7,16,motorola,False,0.01,0.0,kph,CLUSTER_RELEVANT_SIGNAL_DOCUMENTED,CLUSTER_LIKELY_RX
honda.civic.gen10.us.hatch_ex_2017,honda_civic_hatchback_ex_2017_can_generated.dbc,vehicle_can,ENGINE_DATA,0x158,ENGINE_RPM,powertrain.engine_rpm,23,16,motorola,False,1.0,0.0,rpm,CLUSTER_RELEVANT_SIGNAL_DOCUMENTED,CLUSTER_LIKELY_RX
honda.civic.gen10.us.hatch_ex_2017,honda_civic_hatchback_ex_2017_can_generated.dbc,vehicle_can,ENGINE_DATA,0x158,XMISSION_SPEED2,,39,16,motorola,False,0.01,0.0,kph,VEHICLE_PROTOCOL_DOCUMENTED,CLUSTER_LIKELY_RX
honda.civic.gen10.us.hatch_ex_2017,honda_civic_hatchback_ex_2017_can_generated.dbc,vehicle_can,ENGINE_DATA,0x158,ODOMETER,vehicle.odometer,55,8,motorola,False,10.0,0.0,m,CLUSTER_RELEVANT_SIGNAL_DOCUMENTED,CLUSTER_LIKELY_RX
honda.civic.gen10.us.hatch_ex_2017,honda_civic_hatchback_ex_2017_can_generated.dbc,vehicle_can,ENGINE_DATA,0x158,COUNTER,,61,2,motorola,False,1.0,0.0,,VEHICLE_PROTOCOL_DOCUMENTED,CLUSTER_LIKELY_RX
honda.civic.gen10.us.hatch_ex_2017,honda_civic_hatchback_ex_2017_can_generated.dbc,vehicle_can,ENGINE_DATA,0x158,CHECKSUM,,59,4,motorola,False,1.0,0.0,,VEHICLE_PROTOCOL_DOCUMENTED,CLUSTER_LIKELY_RX
honda.civic.gen10.us.hatch_ex_2017,honda_civic_hatchback_ex_2017_can_generated.dbc,vehicle_can,POWERTRAIN_DATA,0x17c,PEDAL_GAS,powertrain.throttle_position,7,8,motorola,False,1.0,0.0,,VEHICLE_PROTOCOL_DOCUMENTED,CLUSTER_LIKELY_RX
honda.civic.gen10.us.hatch_ex_2017,honda_civic_hatchback_ex_2017_can_generated.dbc,vehicle_can,POWERTRAIN_DATA,0x17c,ENGINE_RPM,powertrain.engine_rpm,23,16,motorola,False,1.0,0.0,rpm,CLUSTER_RELEVANT_SIGNAL_DOCUMENTED,CLUSTER_LIKELY_RX
honda.civic.gen10.us.hatch_ex_2017,honda_civic_hatchback_ex_2017_can_generated.dbc,vehicle_can,POWERTRAIN_DATA,0x17c,GAS_PRESSED,,39,1,motorola,False,1.0,0.0,,VEHICLE_PROTOCOL_DOCUMENTED,CLUSTER_LIKELY_RX
honda.civic.gen10.us.hatch_ex_2017,honda_civic_hatchback_ex_2017_can_generated.dbc,vehicle_can,POWERTRAIN_DATA,0x17c,ACC_STATUS,adas.acc_state,38,1,motorola,False,1.0,0.0,,VEHICLE_PROTOCOL_DOCUMENTED,CLUSTER_LIKELY_RX
honda.civic.gen10.us.hatch_ex_2017,honda_civic_hatchback_ex_2017_can_generated.dbc,vehicle_can,POWERTRAIN_DATA,0x17c,BOH_17C,,37,5,motorola,False,1.0,0.0,,VEHICLE_PROTOCOL_DOCUMENTED,CLUSTER_LIKELY_RX
honda.civic.gen10.us.hatch_ex_2017,honda_civic_hatchback_ex_2017_can_generated.dbc,vehicle_can,POWERTRAIN_DATA,0x17c,BRAKE_SWITCH,,32,1,motorola,False,1.0,0.0,,VEHICLE_PROTOCOL_DOCUMENTED,CLUSTER_LIKELY_RX
honda.civic.gen10.us.hatch_ex_2017,honda_civic_hatchback_ex_2017_can_generated.dbc,vehicle_can,POWERTRAIN_DATA,0x17c,BOH2_17C,,47,10,motorola,False,1.0,0.0,,VEHICLE_PROTOCOL_DOCUMENTED,CLUSTER_LIKELY_RX
honda.civic.gen10.us.hatch_ex_2017,honda_civic_hatchback_ex_2017_can_generated.dbc,vehicle_can,POWERTRAIN_DATA,0x17c,BRAKE_PRESSED,brakes.service_brake,53,1,motorola,False,1.0,0.0,,VEHICLE_PROTOCOL_DOCUMENTED,CLUSTER_LIKELY_RX
honda.civic.gen10.us.hatch_ex_2017,honda_civic_hatchback_ex_2017_can_generated.dbc,vehicle_can,POWERTRAIN_DATA,0x17c,BOH3_17C,,52,5,motorola,False,1.0,0.0,,VEHICLE_PROTOCOL_DOCUMENTED,CLUSTER_LIKELY_RX
honda.civic.gen10.us.hatch_ex_2017,honda_civic_hatchback_ex_2017_can_generated.dbc,vehicle_can,POWERTRAIN_DATA,0x17c,COUNTER,,61,2,motorola,False,1.0,0.0,,VEHICLE_PROTOCOL_DOCUMENTED,CLUSTER_LIKELY_RX
honda.civic.gen10.us.hatch_ex_2017,honda_civic_hatchback_ex_2017_can_generated.dbc,vehicle_can,POWERTRAIN_DATA,0x17c,CHECKSUM,,59,4,motorola,False,1.0,0.0,,VEHICLE_PROTOCOL_DOCUMENTED,CLUSTER_LIKELY_RX
honda.civic.gen10.us.hatch_ex_2017,honda_civic_hatchback_ex_2017_can_generated.dbc,vehicle_can,VSA_STATUS,0x1a4,USER_BRAKE,,7,16,motorola,False,0.015625,-1.609375,,VEHICLE_PROTOCOL_DOCUMENTED,DISPLAY_RELEVANT
honda.civic.gen10.us.hatch_ex_2017,honda_civic_hatchback_ex_2017_can_generated.dbc,vehicle_can,VSA_STATUS,0x1a4,COMPUTER_BRAKING,,23,1,motorola,False,1.0,0.0,,VEHICLE_PROTOCOL_DOCUMENTED,DISPLAY_RELEVANT
honda.civic.gen10.us.hatch_ex_2017,honda_civic_hatchback_ex_2017_can_generated.dbc,vehicle_can,VSA_STATUS,0x1a4,ESP_DISABLED,stability.vsa_warning,28,1,motorola,False,1.0,0.0,,CLUSTER_RELEVANT_SIGNAL_DOCUMENTED,DISPLAY_RELEVANT
honda.civic.gen10.us.hatch_ex_2017,honda_civic_hatchback_ex_2017_can_generated.dbc,vehicle_can,VSA_STATUS,0x1a4,BRAKE_HOLD_RELATED,,52,1,motorola,False,1.0,0.0,,VEHICLE_PROTOCOL_DOCUMENTED,DISPLAY_RELEVANT
honda.civic.gen10.us.hatch_ex_2017,honda_civic_hatchback_ex_2017_can_generated.dbc,vehicle_can,VSA_STATUS,0x1a4,BRAKE_HOLD_ACTIVE,,46,1,motorola,False,1.0,0.0,,VEHICLE_PROTOCOL_DOCUMENTED,DISPLAY_RELEVANT
honda.civic.gen10.us.hatch_ex_2017,honda_civic_hatchback_ex_2017_can_generated.dbc,vehicle_can,VSA_STATUS,0x1a4,BRAKE_HOLD_ENABLED,,45,1,motorola,False,1.0,0.0,,VEHICLE_PROTOCOL_DOCUMENTED,DISPLAY_RELEVANT
honda.civic.gen10.us.hatch_ex_2017,honda_civic_hatchback_ex_2017_can_generated.dbc,vehicle_can,VSA_STATUS,0x1a4,COUNTER,,61,2,motorola,False,1.0,0.0,,VEHICLE_PROTOCOL_DOCUMENTED,DISPLAY_RELEVANT
honda.civic.gen10.us.hatch_ex_2017,honda_civic_hatchback_ex_2017_can_generated.dbc,vehicle_can,VSA_STATUS,0x1a4,CHECKSUM,,59,4,motorola,False,1.0,0.0,,VEHICLE_PROTOCOL_DOCUMENTED,DISPLAY_RELEVANT
honda.civic.gen10.us.hatch_ex_2017,honda_civic_hatchback_ex_2017_can_generated.dbc,vehicle_can,STEER_MOTOR_TORQUE,0x1ab,CONFIG_VALID,,7,1,motorola,False,1.0,0.0,,VEHICLE_PROTOCOL_DOCUMENTED,UNKNOWN
honda.civic.gen10.us.hatch_ex_2017,honda_civic_hatchback_ex_2017_can_generated.dbc,vehicle_can,STEER_MOTOR_TORQUE,0x1ab,MOTOR_TORQUE,,1,10,motorola,False,1.0,0.0,,VEHICLE_PROTOCOL_DOCUMENTED,UNKNOWN
honda.civic.gen10.us.hatch_ex_2017,honda_civic_hatchback_ex_2017_can_generated.dbc,vehicle_can,STEER_MOTOR_TORQUE,0x1ab,OUTPUT_DISABLED,,22,1,motorola,False,1.0,0.0,,VEHICLE_PROTOCOL_DOCUMENTED,UNKNOWN
honda.civic.gen10.us.hatch_ex_2017,honda_civic_hatchback_ex_2017_can_generated.dbc,vehicle_can,STEER_MOTOR_TORQUE,0x1ab,COUNTER,,21,2,motorola,False,1.0,0.0,,VEHICLE_PROTOCOL_DOCUMENTED,UNKNOWN
honda.civic.gen10.us.hatch_ex_2017,honda_civic_hatchback_ex_2017_can_generated.dbc,vehicle_can,STEER_MOTOR_TORQUE,0x1ab,CHECKSUM,,19,4,motorola,False,1.0,0.0,,VEHICLE_PROTOCOL_DOCUMENTED,UNKNOWN
honda.civic.gen10.us.hatch_ex_2017,honda_civic_hatchback_ex_2017_can_generated.dbc,vehicle_can,WHEEL_SPEEDS,0x1d0,WHEEL_SPEED_FL,,7,15,motorola,False,0.01,0.0,kph,VEHICLE_PROTOCOL_DOCUMENTED,POWERTRAIN_ONLY
honda.civic.gen10.us.hatch_ex_2017,honda_civic_hatchback_ex_2017_can_generated.dbc,vehicle_can,WHEEL_SPEEDS,0x1d0,WHEEL_SPEED_FR,,8,15,motorola,False,0.01,0.0,kph,VEHICLE_PROTOCOL_DOCUMENTED,POWERTRAIN_ONLY
honda.civic.gen10.us.hatch_ex_2017,honda_civic_hatchback_ex_2017_can_generated.dbc,vehicle_can,WHEEL_SPEEDS,0x1d0,WHEEL_SPEED_RL,,25,15,motorola,False,0.01,0.0,kph,VEHICLE_PROTOCOL_DOCUMENTED,POWERTRAIN_ONLY
honda.civic.gen10.us.hatch_ex_2017,honda_civic_hatchback_ex_2017_can_generated.dbc,vehicle_can,WHEEL_SPEEDS,0x1d0,WHEEL_SPEED_RR,,42,15,motorola,False,0.01,0.0,kph,VEHICLE_PROTOCOL_DOCUMENTED,POWERTRAIN_ONLY
honda.civic.gen10.us.hatch_ex_2017,honda_civic_hatchback_ex_2017_can_generated.dbc,vehicle_can,WHEEL_SPEEDS,0x1d0,CHECKSUM,,59,4,motorola,False,1.0,0.0,,VEHICLE_PROTOCOL_DOCUMENTED,POWERTRAIN_ONLY
honda.civic.gen10.us.hatch_ex_2017,honda_civic_hatchback_ex_2017_can_generated.dbc,vehicle_can,VEHICLE_DYNAMICS,0x1ea,LAT_ACCEL,,7,16,motorola,True,0.0015,0.0,m/s2,VEHICLE_PROTOCOL_DOCUMENTED,UNKNOWN
honda.civic.gen10.us.hatch_ex_2017,honda_civic_hatchback_ex_2017_can_generated.dbc,vehicle_can,VEHICLE_DYNAMICS,0x1ea,LONG_ACCEL,,23,16,motorola,True,0.0015,0.0,m/s2,VEHICLE_PROTOCOL_DOCUMENTED,UNKNOWN
honda.civic.gen10.us.hatch_ex_2017,honda_civic_hatchback_ex_2017_can_generated.dbc,vehicle_can,VEHICLE_DYNAMICS,0x1ea,COUNTER,,61,2,motorola,False,1.0,0.0,,VEHICLE_PROTOCOL_DOCUMENTED,UNKNOWN
honda.civic.gen10.us.hatch_ex_2017,honda_civic_hatchback_ex_2017_can_generated.dbc,vehicle_can,VEHICLE_DYNAMICS,0x1ea,CHECKSUM,,59,4,motorola,False,1.0,0.0,,VEHICLE_PROTOCOL_DOCUMENTED,UNKNOWN
honda.civic.gen10.us.hatch_ex_2017,honda_civic_hatchback_ex_2017_can_generated.dbc,vehicle_can,SEATBELT_STATUS,0x305,SEATBELT_DRIVER_LAMP,,7,1,motorola,False,1.0,0.0,,VEHICLE_PROTOCOL_DOCUMENTED,DISPLAY_RELEVANT
honda.civic.gen10.us.hatch_ex_2017,honda_civic_hatchback_ex_2017_can_generated.dbc,vehicle_can,SEATBELT_STATUS,0x305,SEATBELT_PASS_UNLATCHED,,10,1,motorola,False,1.0,0.0,,VEHICLE_PROTOCOL_DOCUMENTED,DISPLAY_RELEVANT
honda.civic.gen10.us.hatch_ex_2017,honda_civic_hatchback_ex_2017_can_generated.dbc,vehicle_can,SEATBELT_STATUS,0x305,SEATBELT_PASS_LATCHED,safety.seatbelt_passenger,11,1,motorola,False,1.0,0.0,,VEHICLE_PROTOCOL_DOCUMENTED,DISPLAY_RELEVANT
honda.civic.gen10.us.hatch_ex_2017,honda_civic_hatchback_ex_2017_can_generated.dbc,vehicle_can,SEATBELT_STATUS,0x305,SEATBELT_DRIVER_UNLATCHED,,12,1,motorola,False,1.0,0.0,,VEHICLE_PROTOCOL_DOCUMENTED,DISPLAY_RELEVANT
honda.civic.gen10.us.hatch_ex_2017,honda_civic_hatchback_ex_2017_can_generated.dbc,vehicle_can,SEATBELT_STATUS,0x305,SEATBELT_DRIVER_LATCHED,safety.seatbelt_driver,13,1,motorola,False,1.0,0.0,,CLUSTER_RELEVANT_SIGNAL_DOCUMENTED,DISPLAY_RELEVANT
honda.civic.gen10.us.hatch_ex_2017,honda_civic_hatchback_ex_2017_can_generated.dbc,vehicle_can,SEATBELT_STATUS,0x305,PASS_AIRBAG_OFF,,14,1,motorola,False,1.0,0.0,,VEHICLE_PROTOCOL_DOCUMENTED,DISPLAY_RELEVANT
honda.civic.gen10.us.hatch_ex_2017,honda_civic_hatchback_ex_2017_can_generated.dbc,vehicle_can,SEATBELT_STATUS,0x305,PASS_AIRBAG_ON,,15,1,motorola,False,1.0,0.0,,VEHICLE_PROTOCOL_DOCUMENTED,DISPLAY_RELEVANT
honda.civic.gen10.us.hatch_ex_2017,honda_civic_hatchback_ex_2017_can_generated.dbc,vehicle_can,SEATBELT_STATUS,0x305,COUNTER,,53,2,motorola,False,1.0,0.0,,VEHICLE_PROTOCOL_DOCUMENTED,DISPLAY_RELEVANT
honda.civic.gen10.us.hatch_ex_2017,honda_civic_hatchback_ex_2017_can_generated.dbc,vehicle_can,SEATBELT_STATUS,0x305,CHECKSUM,,51,4,motorola,False,1.0,0.0,,VEHICLE_PROTOCOL_DOCUMENTED,DISPLAY_RELEVANT
honda.civic.gen10.us.hatch_ex_2017,honda_civic_hatchback_ex_2017_can_generated.dbc,vehicle_can,CAR_SPEED,0x309,ROUGH_CAR_SPEED,,23,8,motorola,False,1.0,0.0,mph,VEHICLE_PROTOCOL_DOCUMENTED,DISPLAY_RELEVANT
honda.civic.gen10.us.hatch_ex_2017,honda_civic_hatchback_ex_2017_can_generated.dbc,vehicle_can,CAR_SPEED,0x309,CAR_SPEED,vehicle.speed,7,16,motorola,False,0.01,0.0,kph,CLUSTER_RELEVANT_SIGNAL_DOCUMENTED,DISPLAY_RELEVANT
honda.civic.gen10.us.hatch_ex_2017,honda_civic_hatchback_ex_2017_can_generated.dbc,vehicle_can,CAR_SPEED,0x309,ROUGH_CAR_SPEED_3,,39,16,motorola,False,0.01,0.0,kph,VEHICLE_PROTOCOL_DOCUMENTED,DISPLAY_RELEVANT
honda.civic.gen10.us.hatch_ex_2017,honda_civic_hatchback_ex_2017_can_generated.dbc,vehicle_can,CAR_SPEED,0x309,ROUGH_CAR_SPEED_2,,31,8,motorola,False,1.0,0.0,mph,VEHICLE_PROTOCOL_DOCUMENTED,DISPLAY_RELEVANT
honda.civic.gen10.us.hatch_ex_2017,honda_civic_hatchback_ex_2017_can_generated.dbc,vehicle_can,CAR_SPEED,0x309,LOCK_STATUS,,55,2,motorola,False,1.0,0.0,,VEHICLE_PROTOCOL_DOCUMENTED,DISPLAY_RELEVANT
honda.civic.gen10.us.hatch_ex_2017,honda_civic_hatchback_ex_2017_can_generated.dbc,vehicle_can,CAR_SPEED,0x309,COUNTER,,61,2,motorola,False,1.0,0.0,,VEHICLE_PROTOCOL_DOCUMENTED,DISPLAY_RELEVANT
honda.civic.gen10.us.hatch_ex_2017,honda_civic_hatchback_ex_2017_can_generated.dbc,vehicle_can,CAR_SPEED,0x309,CHECKSUM,,59,4,motorola,False,1.0,0.0,,VEHICLE_PROTOCOL_DOCUMENTED,DISPLAY_RELEVANT
honda.civic.gen10.us.hatch_ex_2017,honda_civic_hatchback_ex_2017_can_generated.dbc,vehicle_can,CAR_SPEED,0x309,IMPERIAL_UNIT,,63,1,motorola,False,1.0,0.0,,VEHICLE_PROTOCOL_DOCUMENTED,DISPLAY_RELEVANT
honda.civic.gen10.us.hatch_ex_2017,honda_civic_hatchback_ex_2017_can_generated.dbc,vehicle_can,ACC_HUD,0x30c,PCM_SPEED,,7,16,motorola,False,0.01,0.0,kph,VEHICLE_PROTOCOL_DOCUMENTED,ADAS_ONLY
honda.civic.gen10.us.hatch_ex_2017,honda_civic_hatchback_ex_2017_can_generated.dbc,vehicle_can,ACC_HUD,0x30c,PCM_GAS,,23,8,motorola,False,1.0,0.0,,VEHICLE_PROTOCOL_DOCUMENTED,ADAS_ONLY
honda.civic.gen10.us.hatch_ex_2017,honda_civic_hatchback_ex_2017_can_generated.dbc,vehicle_can,ACC_HUD,0x30c,CRUISE_SPEED,,31,8,motorola,False,1.0,0.0,kph,VEHICLE_PROTOCOL_DOCUMENTED,ADAS_ONLY
honda.civic.gen10.us.hatch_ex_2017,honda_civic_hatchback_ex_2017_can_generated.dbc,vehicle_can,ACC_HUD,0x30c,DTC_MODE,,39,1,motorola,False,1.0,0.0,,VEHICLE_PROTOCOL_DOCUMENTED,ADAS_ONLY
honda.civic.gen10.us.hatch_ex_2017,honda_civic_hatchback_ex_2017_can_generated.dbc,vehicle_can,ACC_HUD,0x30c,BOH,,38,1,motorola,False,1.0,0.0,,VEHICLE_PROTOCOL_DOCUMENTED,ADAS_ONLY
honda.civic.gen10.us.hatch_ex_2017,honda_civic_hatchback_ex_2017_can_generated.dbc,vehicle_can,ACC_HUD,0x30c,ACC_PROBLEM,,37,1,motorola,False,1.0,0.0,,VEHICLE_PROTOCOL_DOCUMENTED,ADAS_ONLY
honda.civic.gen10.us.hatch_ex_2017,honda_civic_hatchback_ex_2017_can_generated.dbc,vehicle_can,ACC_HUD,0x30c,FCM_OFF,,35,1,motorola,False,1.0,0.0,,VEHICLE_PROTOCOL_DOCUMENTED,ADAS_ONLY
honda.civic.gen10.us.hatch_ex_2017,honda_civic_hatchback_ex_2017_can_generated.dbc,vehicle_can,ACC_HUD,0x30c,FCM_OFF_2,,36,1,motorola,False,1.0,0.0,,VEHICLE_PROTOCOL_DOCUMENTED,ADAS_ONLY
honda.civic.gen10.us.hatch_ex_2017,honda_civic_hatchback_ex_2017_can_generated.dbc,vehicle_can,ACC_HUD,0x30c,FCM_PROBLEM,,34,1,motorola,False,1.0,0.0,,VEHICLE_PROTOCOL_DOCUMENTED,ADAS_ONLY
honda.civic.gen10.us.hatch_ex_2017,honda_civic_hatchback_ex_2017_can_generated.dbc,vehicle_can,ACC_HUD,0x30c,RADAR_OBSTRUCTED,,33,1,motorola,False,1.0,0.0,,VEHICLE_PROTOCOL_DOCUMENTED,ADAS_ONLY
honda.civic.gen10.us.hatch_ex_2017,honda_civic_hatchback_ex_2017_can_generated.dbc,vehicle_can,ACC_HUD,0x30c,ENABLE_MINI_CAR,,32,1,motorola,False,1.0,0.0,,VEHICLE_PROTOCOL_DOCUMENTED,ADAS_ONLY
honda.civic.gen10.us.hatch_ex_2017,honda_civic_hatchback_ex_2017_can_generated.dbc,vehicle_can,ACC_HUD,0x30c,HUD_DISTANCE,,47,2,motorola,False,1.0,0.0,,VEHICLE_PROTOCOL_DOCUMENTED,ADAS_ONLY
honda.civic.gen10.us.hatch_ex_2017,honda_civic_hatchback_ex_2017_can_generated.dbc,vehicle_can,ACC_HUD,0x30c,HUD_LEAD,,45,2,motorola,False,1.0,0.0,,VEHICLE_PROTOCOL_DOCUMENTED,ADAS_ONLY
honda.civic.gen10.us.hatch_ex_2017,honda_civic_hatchback_ex_2017_can_generated.dbc,vehicle_can,ACC_HUD,0x30c,BOH_3,,43,1,motorola,False,1.0,0.0,,VEHICLE_PROTOCOL_DOCUMENTED,ADAS_ONLY
honda.civic.gen10.us.hatch_ex_2017,honda_civic_hatchback_ex_2017_can_generated.dbc,vehicle_can,ACC_HUD,0x30c,BOH_4,,42,1,motorola,False,1.0,0.0,,VEHICLE_PROTOCOL_DOCUMENTED,ADAS_ONLY
honda.civic.gen10.us.hatch_ex_2017,honda_civic_hatchback_ex_2017_can_generated.dbc,vehicle_can,ACC_HUD,0x30c,BOH_5,,41,1,motorola,False,1.0,0.0,,VEHICLE_PROTOCOL_DOCUMENTED,ADAS_ONLY
honda.civic.gen10.us.hatch_ex_2017,honda_civic_hatchback_ex_2017_can_generated.dbc,vehicle_can,ACC_HUD,0x30c,CRUISE_CONTROL_LABEL,,40,1,motorola,False,1.0,0.0,,VEHICLE_PROTOCOL_DOCUMENTED,ADAS_ONLY
honda.civic.gen10.us.hatch_ex_2017,honda_civic_hatchback_ex_2017_can_generated.dbc,vehicle_can,ACC_HUD,0x30c,SET_ME_X01_2,,55,1,motorola,False,1.0,0.0,,VEHICLE_PROTOCOL_DOCUMENTED,ADAS_ONLY
honda.civic.gen10.us.hatch_ex_2017,honda_civic_hatchback_ex_2017_can_generated.dbc,vehicle_can,ACC_HUD,0x30c,IMPERIAL_UNIT,,54,1,motorola,False,1.0,0.0,,VEHICLE_PROTOCOL_DOCUMENTED,ADAS_ONLY
honda.civic.gen10.us.hatch_ex_2017,honda_civic_hatchback_ex_2017_can_generated.dbc,vehicle_can,ACC_HUD,0x30c,ACC_ON,,52,1,motorola,False,1.0,0.0,,VEHICLE_PROTOCOL_DOCUMENTED,ADAS_ONLY
honda.civic.gen10.us.hatch_ex_2017,honda_civic_hatchback_ex_2017_can_generated.dbc,vehicle_can,ACC_HUD,0x30c,CHIME,,51,3,motorola,False,1.0,0.0,,VEHICLE_PROTOCOL_DOCUMENTED,ADAS_ONLY
honda.civic.gen10.us.hatch_ex_2017,honda_civic_hatchback_ex_2017_can_generated.dbc,vehicle_can,ACC_HUD,0x30c,SET_ME_X01,,48,1,motorola,False,1.0,0.0,,VEHICLE_PROTOCOL_DOCUMENTED,ADAS_ONLY
honda.civic.gen10.us.hatch_ex_2017,honda_civic_hatchback_ex_2017_can_generated.dbc,vehicle_can,ACC_HUD,0x30c,ICONS,,63,2,motorola,False,1.0,0.0,,VEHICLE_PROTOCOL_DOCUMENTED,ADAS_ONLY
honda.civic.gen10.us.hatch_ex_2017,honda_civic_hatchback_ex_2017_can_generated.dbc,vehicle_can,ACC_HUD,0x30c,COUNTER,,61,2,motorola,False,1.0,0.0,,VEHICLE_PROTOCOL_DOCUMENTED,ADAS_ONLY
honda.civic.gen10.us.hatch_ex_2017,honda_civic_hatchback_ex_2017_can_generated.dbc,vehicle_can,ACC_HUD,0x30c,CHECKSUM,,59,4,motorola,False,1.0,0.0,,VEHICLE_PROTOCOL_DOCUMENTED,ADAS_ONLY
honda.civic.gen10.us.hatch_ex_2017,honda_civic_hatchback_ex_2017_can_generated.dbc,vehicle_can,CRUISE,0x324,HUD_SPEED_KPH,,7,8,motorola,False,1.0,0.0,kph,VEHICLE_PROTOCOL_DOCUMENTED,POWERTRAIN_ONLY
honda.civic.gen10.us.hatch_ex_2017,honda_civic_hatchback_ex_2017_can_generated.dbc,vehicle_can,CRUISE,0x324,HUD_SPEED_MPH,,15,8,motorola,False,1.0,0.0,mph,VEHICLE_PROTOCOL_DOCUMENTED,POWERTRAIN_ONLY
honda.civic.gen10.us.hatch_ex_2017,honda_civic_hatchback_ex_2017_can_generated.dbc,vehicle_can,CRUISE,0x324,TRIP_FUEL_CONSUMED,,23,16,motorola,False,1.0,0.0,,VEHICLE_PROTOCOL_DOCUMENTED,POWERTRAIN_ONLY
honda.civic.gen10.us.hatch_ex_2017,honda_civic_hatchback_ex_2017_can_generated.dbc,vehicle_can,CRUISE,0x324,CRUISE_SPEED_PCM,,39,8,motorola,False,1.0,0.0,,VEHICLE_PROTOCOL_DOCUMENTED,POWERTRAIN_ONLY
honda.civic.gen10.us.hatch_ex_2017,honda_civic_hatchback_ex_2017_can_generated.dbc,vehicle_can,CRUISE,0x324,BOH2,,47,8,motorola,True,1.0,0.0,,VEHICLE_PROTOCOL_DOCUMENTED,POWERTRAIN_ONLY
honda.civic.gen10.us.hatch_ex_2017,honda_civic_hatchback_ex_2017_can_generated.dbc,vehicle_can,CRUISE,0x324,BOH3,,55,8,motorola,False,1.0,0.0,,VEHICLE_PROTOCOL_DOCUMENTED,POWERTRAIN_ONLY
honda.civic.gen10.us.hatch_ex_2017,honda_civic_hatchback_ex_2017_can_generated.dbc,vehicle_can,CRUISE,0x324,COUNTER,,61,2,motorola,False,1.0,0.0,,VEHICLE_PROTOCOL_DOCUMENTED,POWERTRAIN_ONLY
honda.civic.gen10.us.hatch_ex_2017,honda_civic_hatchback_ex_2017_can_generated.dbc,vehicle_can,CRUISE,0x324,CHECKSUM,,59,4,motorola,False,1.0,0.0,,VEHICLE_PROTOCOL_DOCUMENTED,POWERTRAIN_ONLY
honda.civic.gen10.us.hatch_ex_2017,honda_civic_hatchback_ex_2017_can_generated.dbc,vehicle_can,STALK_STATUS,0x374,DASHBOARD_ALERT,,39,8,motorola,False,1.0,0.0,,VEHICLE_PROTOCOL_DOCUMENTED,BODY_RELEVANT
honda.civic.gen10.us.hatch_ex_2017,honda_civic_hatchback_ex_2017_can_generated.dbc,vehicle_can,STALK_STATUS,0x374,AUTO_HEADLIGHTS,,46,1,motorola,False,1.0,0.0,,VEHICLE_PROTOCOL_DOCUMENTED,BODY_RELEVANT
honda.civic.gen10.us.hatch_ex_2017,honda_civic_hatchback_ex_2017_can_generated.dbc,vehicle_can,STALK_STATUS,0x374,HIGH_BEAM_HOLD,,47,1,motorola,False,1.0,0.0,,VEHICLE_PROTOCOL_DOCUMENTED,BODY_RELEVANT
honda.civic.gen10.us.hatch_ex_2017,honda_civic_hatchback_ex_2017_can_generated.dbc,vehicle_can,STALK_STATUS,0x374,HIGH_BEAM_FLASH,,45,1,motorola,False,1.0,0.0,,VEHICLE_PROTOCOL_DOCUMENTED,BODY_RELEVANT
honda.civic.gen10.us.hatch_ex_2017,honda_civic_hatchback_ex_2017_can_generated.dbc,vehicle_can,STALK_STATUS,0x374,HEADLIGHTS_ON,lighting.headlights_on,54,1,motorola,False,1.0,0.0,,VEHICLE_PROTOCOL_DOCUMENTED,BODY_RELEVANT
honda.civic.gen10.us.hatch_ex_2017,honda_civic_hatchback_ex_2017_can_generated.dbc,vehicle_can,STALK_STATUS,0x374,WIPER_SWITCH,,53,2,motorola,False,1.0,0.0,,VEHICLE_PROTOCOL_DOCUMENTED,BODY_RELEVANT
honda.civic.gen10.us.hatch_ex_2017,honda_civic_hatchback_ex_2017_can_generated.dbc,vehicle_can,STALK_STATUS,0x374,COUNTER,,61,2,motorola,False,1.0,0.0,,VEHICLE_PROTOCOL_DOCUMENTED,BODY_RELEVANT
honda.civic.gen10.us.hatch_ex_2017,honda_civic_hatchback_ex_2017_can_generated.dbc,vehicle_can,STALK_STATUS,0x374,CHECKSUM,,59,4,motorola,False,1.0,0.0,,VEHICLE_PROTOCOL_DOCUMENTED,BODY_RELEVANT
honda.civic.gen10.us.hatch_ex_2017,honda_civic_hatchback_ex_2017_can_generated.dbc,vehicle_can,STALK_STATUS_2,0x37b,WIPERS,,17,2,motorola,False,1.0,0.0,,VEHICLE_PROTOCOL_DOCUMENTED,DISPLAY_RELEVANT
honda.civic.gen10.us.hatch_ex_2017,honda_civic_hatchback_ex_2017_can_generated.dbc,vehicle_can,STALK_STATUS_2,0x37b,LOW_BEAMS,lighting.low_beam,35,1,motorola,False,1.0,0.0,,CLUSTER_RELEVANT_SIGNAL_DOCUMENTED,DISPLAY_RELEVANT
honda.civic.gen10.us.hatch_ex_2017,honda_civic_hatchback_ex_2017_can_generated.dbc,vehicle_can,STALK_STATUS_2,0x37b,HIGH_BEAMS,lighting.high_beam,34,1,motorola,False,1.0,0.0,,CLUSTER_RELEVANT_SIGNAL_DOCUMENTED,DISPLAY_RELEVANT
honda.civic.gen10.us.hatch_ex_2017,honda_civic_hatchback_ex_2017_can_generated.dbc,vehicle_can,STALK_STATUS_2,0x37b,PARK_LIGHTS,,36,1,motorola,False,1.0,0.0,,VEHICLE_PROTOCOL_DOCUMENTED,DISPLAY_RELEVANT
honda.civic.gen10.us.hatch_ex_2017,honda_civic_hatchback_ex_2017_can_generated.dbc,vehicle_can,STALK_STATUS_2,0x37b,COUNTER,,61,2,motorola,False,1.0,0.0,,VEHICLE_PROTOCOL_DOCUMENTED,DISPLAY_RELEVANT
honda.civic.gen10.us.hatch_ex_2017,honda_civic_hatchback_ex_2017_can_generated.dbc,vehicle_can,STALK_STATUS_2,0x37b,CHECKSUM,,59,4,motorola,False,1.0,0.0,,VEHICLE_PROTOCOL_DOCUMENTED,DISPLAY_RELEVANT
honda.civic.gen10.us.hatch_ex_2017,honda_civic_hatchback_ex_2017_can_generated.dbc,vehicle_can,DOORS_STATUS,0x405,DOOR_OPEN_FL,body.driver_door,37,1,motorola,False,1.0,0.0,,CLUSTER_RELEVANT_SIGNAL_DOCUMENTED,DISPLAY_RELEVANT
honda.civic.gen10.us.hatch_ex_2017,honda_civic_hatchback_ex_2017_can_generated.dbc,vehicle_can,DOORS_STATUS,0x405,DOOR_OPEN_FR,body.passenger_door,38,1,motorola,False,1.0,0.0,,CLUSTER_RELEVANT_SIGNAL_DOCUMENTED,DISPLAY_RELEVANT
honda.civic.gen10.us.hatch_ex_2017,honda_civic_hatchback_ex_2017_can_generated.dbc,vehicle_can,DOORS_STATUS,0x405,DOOR_OPEN_RL,body.rear_left_door,39,1,motorola,False,1.0,0.0,,VEHICLE_PROTOCOL_DOCUMENTED,DISPLAY_RELEVANT
honda.civic.gen10.us.hatch_ex_2017,honda_civic_hatchback_ex_2017_can_generated.dbc,vehicle_can,DOORS_STATUS,0x405,DOOR_OPEN_RR,body.rear_right_door,40,1,motorola,False,1.0,0.0,,VEHICLE_PROTOCOL_DOCUMENTED,DISPLAY_RELEVANT
honda.civic.gen10.us.hatch_ex_2017,honda_civic_hatchback_ex_2017_can_generated.dbc,vehicle_can,DOORS_STATUS,0x405,TRUNK_OPEN,body.trunk,41,1,motorola,False,1.0,0.0,,CLUSTER_RELEVANT_SIGNAL_DOCUMENTED,DISPLAY_RELEVANT
honda.civic.gen10.us.hatch_ex_2017,honda_civic_hatchback_ex_2017_can_generated.dbc,vehicle_can,DOORS_STATUS,0x405,COUNTER,,61,2,motorola,False,1.0,0.0,,VEHICLE_PROTOCOL_DOCUMENTED,DISPLAY_RELEVANT
honda.civic.gen10.us.hatch_ex_2017,honda_civic_hatchback_ex_2017_can_generated.dbc,vehicle_can,DOORS_STATUS,0x405,CHECKSUM,,59,4,motorola,False,1.0,0.0,,VEHICLE_PROTOCOL_DOCUMENTED,DISPLAY_RELEVANT
honda.civic.gen10.us.hatch_ex_2017,honda_civic_hatchback_ex_2017_can_generated.dbc,vehicle_can,KINEMATICS,0x94,LAT_ACCEL,,7,10,motorola,False,-0.035,17.92,m/s2,VEHICLE_PROTOCOL_DOCUMENTED,UNKNOWN
honda.civic.gen10.us.hatch_ex_2017,honda_civic_hatchback_ex_2017_can_generated.dbc,vehicle_can,KINEMATICS,0x94,LONG_ACCEL,,25,10,motorola,False,-0.035,17.92,m/s2,VEHICLE_PROTOCOL_DOCUMENTED,UNKNOWN
honda.civic.gen10.us.hatch_ex_2017,honda_civic_hatchback_ex_2017_can_generated.dbc,vehicle_can,KINEMATICS,0x94,CHECKSUM,,59,4,motorola,False,1.0,0.0,,VEHICLE_PROTOCOL_DOCUMENTED,UNKNOWN
honda.civic.gen10.us.hatch_ex_2017,honda_civic_hatchback_ex_2017_can_generated.dbc,vehicle_can,KINEMATICS,0x94,COUNTER,,61,2,motorola,False,1.0,0.0,,VEHICLE_PROTOCOL_DOCUMENTED,UNKNOWN
honda.civic.gen10.us.hatch_ex_2017,honda_civic_hatchback_ex_2017_can_generated.dbc,vehicle_can,STEERING_CONTROL,0xe4,STEER_TORQUE_REQUEST,,23,1,motorola,False,1.0,0.0,,VEHICLE_PROTOCOL_DOCUMENTED,ADAS_ONLY
honda.civic.gen10.us.hatch_ex_2017,honda_civic_hatchback_ex_2017_can_generated.dbc,vehicle_can,STEERING_CONTROL,0xe4,SET_ME_X00,,22,7,motorola,False,1.0,0.0,,VEHICLE_PROTOCOL_DOCUMENTED,ADAS_ONLY
honda.civic.gen10.us.hatch_ex_2017,honda_civic_hatchback_ex_2017_can_generated.dbc,vehicle_can,STEERING_CONTROL,0xe4,SET_ME_X00_2,,31,8,motorola,False,1.0,0.0,,VEHICLE_PROTOCOL_DOCUMENTED,ADAS_ONLY
honda.civic.gen10.us.hatch_ex_2017,honda_civic_hatchback_ex_2017_can_generated.dbc,vehicle_can,STEERING_CONTROL,0xe4,STEER_TORQUE,,7,16,motorola,True,1.0,0.0,,VEHICLE_PROTOCOL_DOCUMENTED,ADAS_ONLY
honda.civic.gen10.us.hatch_ex_2017,honda_civic_hatchback_ex_2017_can_generated.dbc,vehicle_can,STEERING_CONTROL,0xe4,STEER_DOWN_TO_ZERO,,38,1,motorola,False,1.0,0.0,,VEHICLE_PROTOCOL_DOCUMENTED,ADAS_ONLY
honda.civic.gen10.us.hatch_ex_2017,honda_civic_hatchback_ex_2017_can_generated.dbc,vehicle_can,STEERING_CONTROL,0xe4,COUNTER,,37,2,motorola,False,1.0,0.0,,VEHICLE_PROTOCOL_DOCUMENTED,ADAS_ONLY
honda.civic.gen10.us.hatch_ex_2017,honda_civic_hatchback_ex_2017_can_generated.dbc,vehicle_can,STEERING_CONTROL,0xe4,CHECKSUM,,35,4,motorola,False,1.0,0.0,,VEHICLE_PROTOCOL_DOCUMENTED,ADAS_ONLY
honda.civic.gen10.us.hatch_ex_2017,honda_civic_hatchback_ex_2017_can_generated.dbc,vehicle_can,BOSCH_SUPPLEMENTAL_1,0xe5,SET_ME_X04,,0,8,intel,False,1.0,0.0,,VEHICLE_PROTOCOL_DOCUMENTED,UNKNOWN
honda.civic.gen10.us.hatch_ex_2017,honda_civic_hatchback_ex_2017_can_generated.dbc,vehicle_can,BOSCH_SUPPLEMENTAL_1,0xe5,SET_ME_X00,,8,8,intel,False,1.0,0.0,,VEHICLE_PROTOCOL_DOCUMENTED,UNKNOWN
honda.civic.gen10.us.hatch_ex_2017,honda_civic_hatchback_ex_2017_can_generated.dbc,vehicle_can,BOSCH_SUPPLEMENTAL_1,0xe5,SET_ME_X80,,16,8,intel,False,1.0,0.0,,VEHICLE_PROTOCOL_DOCUMENTED,UNKNOWN
honda.civic.gen10.us.hatch_ex_2017,honda_civic_hatchback_ex_2017_can_generated.dbc,vehicle_can,BOSCH_SUPPLEMENTAL_1,0xe5,SET_ME_X10,,24,8,intel,False,1.0,0.0,,VEHICLE_PROTOCOL_DOCUMENTED,UNKNOWN
honda.civic.gen10.us.hatch_ex_2017,honda_civic_hatchback_ex_2017_can_generated.dbc,vehicle_can,BOSCH_SUPPLEMENTAL_1,0xe5,COUNTER,,61,2,motorola,False,1.0,0.0,,VEHICLE_PROTOCOL_DOCUMENTED,UNKNOWN
honda.civic.gen10.us.hatch_ex_2017,honda_civic_hatchback_ex_2017_can_generated.dbc,vehicle_can,BOSCH_SUPPLEMENTAL_1,0xe5,CHECKSUM,,59,4,motorola,False,1.0,0.0,,VEHICLE_PROTOCOL_DOCUMENTED,UNKNOWN
honda.civic.gen10.us.hatch_ex_2017,honda_civic_hatchback_ex_2017_can_generated.dbc,vehicle_can,BRAKE_HOLD,0xe8,XMISSION_SPEED,vehicle.speed,7,14,motorola,True,1.0,0.0,,CLUSTER_RELEVANT_SIGNAL_DOCUMENTED,DISPLAY_RELEVANT
honda.civic.gen10.us.hatch_ex_2017,honda_civic_hatchback_ex_2017_can_generated.dbc,vehicle_can,BRAKE_HOLD,0xe8,COMPUTER_BRAKE,,39,16,motorola,False,1.0,0.0,,VEHICLE_PROTOCOL_DOCUMENTED,DISPLAY_RELEVANT
honda.civic.gen10.us.hatch_ex_2017,honda_civic_hatchback_ex_2017_can_generated.dbc,vehicle_can,BRAKE_HOLD,0xe8,COMPUTER_BRAKE_REQUEST,,29,1,motorola,False,1.0,0.0,,VEHICLE_PROTOCOL_DOCUMENTED,DISPLAY_RELEVANT
honda.civic.gen10.us.hatch_ex_2017,honda_civic_hatchback_ex_2017_can_generated.dbc,vehicle_can,BRAKE_HOLD,0xe8,COUNTER,,53,2,motorola,False,1.0,0.0,,VEHICLE_PROTOCOL_DOCUMENTED,DISPLAY_RELEVANT
honda.civic.gen10.us.hatch_ex_2017,honda_civic_hatchback_ex_2017_can_generated.dbc,vehicle_can,BRAKE_HOLD,0xe8,CHECKSUM,,51,4,motorola,False,1.0,0.0,,VEHICLE_PROTOCOL_DOCUMENTED,DISPLAY_RELEVANT
honda.civic.gen10.us.hatch_ex_2017,honda_civic_hatchback_ex_2017_can_generated.dbc,vehicle_can,STEER_STATUS,0x18f,STEER_TORQUE_SENSOR,,7,16,motorola,True,-1.0,0.0,tbd,VEHICLE_PROTOCOL_DOCUMENTED,UNKNOWN
honda.civic.gen10.us.hatch_ex_2017,honda_civic_hatchback_ex_2017_can_generated.dbc,vehicle_can,STEER_STATUS,0x18f,STEER_ANGLE_RATE,,23,16,motorola,True,-0.1,0.0,deg/s,VEHICLE_PROTOCOL_DOCUMENTED,UNKNOWN
honda.civic.gen10.us.hatch_ex_2017,honda_civic_hatchback_ex_2017_can_generated.dbc,vehicle_can,STEER_STATUS,0x18f,STEER_STATUS,,39,4,motorola,False,1.0,0.0,,VEHICLE_PROTOCOL_DOCUMENTED,UNKNOWN
honda.civic.gen10.us.hatch_ex_2017,honda_civic_hatchback_ex_2017_can_generated.dbc,vehicle_can,STEER_STATUS,0x18f,STEER_CONTROL_ACTIVE,,35,1,motorola,False,1.0,0.0,,VEHICLE_PROTOCOL_DOCUMENTED,UNKNOWN
honda.civic.gen10.us.hatch_ex_2017,honda_civic_hatchback_ex_2017_can_generated.dbc,vehicle_can,STEER_STATUS,0x18f,STEER_CONFIG_INDEX,,43,4,motorola,False,1.0,0.0,,VEHICLE_PROTOCOL_DOCUMENTED,UNKNOWN
honda.civic.gen10.us.hatch_ex_2017,honda_civic_hatchback_ex_2017_can_generated.dbc,vehicle_can,STEER_STATUS,0x18f,COUNTER,,53,2,motorola,False,1.0,0.0,,VEHICLE_PROTOCOL_DOCUMENTED,UNKNOWN
honda.civic.gen10.us.hatch_ex_2017,honda_civic_hatchback_ex_2017_can_generated.dbc,vehicle_can,STEER_STATUS,0x18f,CHECKSUM,,51,4,motorola,False,1.0,0.0,,VEHICLE_PROTOCOL_DOCUMENTED,UNKNOWN
honda.civic.gen10.us.hatch_ex_2017,honda_civic_hatchback_ex_2017_can_generated.dbc,vehicle_can,EPB_STATUS,0x1c2,EPB_ACTIVE,brakes.parking_brake,3,1,motorola,False,1.0,0.0,,CLUSTER_RELEVANT_SIGNAL_DOCUMENTED,DISPLAY_RELEVANT
honda.civic.gen10.us.hatch_ex_2017,honda_civic_hatchback_ex_2017_can_generated.dbc,vehicle_can,EPB_STATUS,0x1c2,EPB_STATE,,29,2,motorola,False,1.0,0.0,,VEHICLE_PROTOCOL_DOCUMENTED,DISPLAY_RELEVANT
honda.civic.gen10.us.hatch_ex_2017,honda_civic_hatchback_ex_2017_can_generated.dbc,vehicle_can,EPB_STATUS,0x1c2,COUNTER,,61,2,motorola,False,1.0,0.0,,VEHICLE_PROTOCOL_DOCUMENTED,DISPLAY_RELEVANT
honda.civic.gen10.us.hatch_ex_2017,honda_civic_hatchback_ex_2017_can_generated.dbc,vehicle_can,EPB_STATUS,0x1c2,CHECKSUM,,59,4,motorola,False,1.0,0.0,,VEHICLE_PROTOCOL_DOCUMENTED,DISPLAY_RELEVANT
honda.civic.gen10.us.hatch_ex_2017,honda_civic_hatchback_ex_2017_can_generated.dbc,vehicle_can,XXX_16,0x221,ECON_ON,,23,1,motorola,False,1.0,0.0,,VEHICLE_PROTOCOL_DOCUMENTED,UNKNOWN
honda.civic.gen10.us.hatch_ex_2017,honda_civic_hatchback_ex_2017_can_generated.dbc,vehicle_can,XXX_16,0x221,DRIVE_MODE,,37,2,motorola,False,1.0,0.0,,VEHICLE_PROTOCOL_DOCUMENTED,UNKNOWN
honda.civic.gen10.us.hatch_ex_2017,honda_civic_hatchback_ex_2017_can_generated.dbc,vehicle_can,XXX_16,0x221,COUNTER,,45,2,motorola,False,1.0,0.0,,VEHICLE_PROTOCOL_DOCUMENTED,UNKNOWN
honda.civic.gen10.us.hatch_ex_2017,honda_civic_hatchback_ex_2017_can_generated.dbc,vehicle_can,XXX_16,0x221,CHECKSUM,,43,4,motorola,False,1.0,0.0,,VEHICLE_PROTOCOL_DOCUMENTED,UNKNOWN
honda.civic.gen10.us.hatch_ex_2017,honda_civic_hatchback_ex_2017_can_generated.dbc,vehicle_can,LEFT_LANE_LINE_1,0x240,LINE_DISTANCE_VISIBLE,,39,9,motorola,False,1.0,0.0,,VEHICLE_PROTOCOL_DOCUMENTED,UNKNOWN
honda.civic.gen10.us.hatch_ex_2017,honda_civic_hatchback_ex_2017_can_generated.dbc,vehicle_can,LEFT_LANE_LINE_1,0x240,LINE_PROBABILITY,,46,6,motorola,False,0.015625,0.0,,VEHICLE_PROTOCOL_DOCUMENTED,UNKNOWN
honda.civic.gen10.us.hatch_ex_2017,honda_civic_hatchback_ex_2017_can_generated.dbc,vehicle_can,LEFT_LANE_LINE_1,0x240,LINE_OFFSET,,23,12,motorola,False,0.004,-8.192,Meters,VEHICLE_PROTOCOL_DOCUMENTED,UNKNOWN
honda.civic.gen10.us.hatch_ex_2017,honda_civic_hatchback_ex_2017_can_generated.dbc,vehicle_can,LEFT_LANE_LINE_1,0x240,LINE_ANGLE,,7,12,motorola,False,0.0005,-1.024,,VEHICLE_PROTOCOL_DOCUMENTED,UNKNOWN
honda.civic.gen10.us.hatch_ex_2017,honda_civic_hatchback_ex_2017_can_generated.dbc,vehicle_can,LEFT_LANE_LINE_1,0x240,FRAME_INDEX,,8,4,intel,False,1.0,0.0,,VEHICLE_PROTOCOL_DOCUMENTED,UNKNOWN
honda.civic.gen10.us.hatch_ex_2017,honda_civic_hatchback_ex_2017_can_generated.dbc,vehicle_can,LEFT_LANE_LINE_1,0x240,COUNTER,,61,2,motorola,False,1.0,0.0,,VEHICLE_PROTOCOL_DOCUMENTED,UNKNOWN
honda.civic.gen10.us.hatch_ex_2017,honda_civic_hatchback_ex_2017_can_generated.dbc,vehicle_can,LEFT_LANE_LINE_1,0x240,CHECKSUM,,59,4,motorola,False,1.0,0.0,,VEHICLE_PROTOCOL_DOCUMENTED,UNKNOWN
honda.civic.gen10.us.hatch_ex_2017,honda_civic_hatchback_ex_2017_can_generated.dbc,vehicle_can,LEFT_LANE_LINE_2,0x241,LINE_FAR_EDGE_POSITION,,55,8,motorola,False,1.0,-128.0,,VEHICLE_PROTOCOL_DOCUMENTED,UNKNOWN
honda.civic.gen10.us.hatch_ex_2017,honda_civic_hatchback_ex_2017_can_generated.dbc,vehicle_can,LEFT_LANE_LINE_2,0x241,LINE_SOLID,,13,1,motorola,False,1.0,0.0,,VEHICLE_PROTOCOL_DOCUMENTED,UNKNOWN
honda.civic.gen10.us.hatch_ex_2017,honda_civic_hatchback_ex_2017_can_generated.dbc,vehicle_can,LEFT_LANE_LINE_2,0x241,LINE_DASHED,,14,1,motorola,False,1.0,0.0,,VEHICLE_PROTOCOL_DOCUMENTED,UNKNOWN
honda.civic.gen10.us.hatch_ex_2017,honda_civic_hatchback_ex_2017_can_generated.dbc,vehicle_can,LEFT_LANE_LINE_2,0x241,LINE_CURVATURE,,23,12,motorola,False,1e-05,-0.02048,,VEHICLE_PROTOCOL_DOCUMENTED,UNKNOWN
honda.civic.gen10.us.hatch_ex_2017,honda_civic_hatchback_ex_2017_can_generated.dbc,vehicle_can,LEFT_LANE_LINE_2,0x241,LINE_PARAMETER,,39,12,motorola,False,1.0,0.0,,VEHICLE_PROTOCOL_DOCUMENTED,UNKNOWN
honda.civic.gen10.us.hatch_ex_2017,honda_civic_hatchback_ex_2017_can_generated.dbc,vehicle_can,LEFT_LANE_LINE_2,0x241,FRAME_INDEX,,7,4,motorola,False,1.0,0.0,,VEHICLE_PROTOCOL_DOCUMENTED,UNKNOWN
honda.civic.gen10.us.hatch_ex_2017,honda_civic_hatchback_ex_2017_can_generated.dbc,vehicle_can,LEFT_LANE_LINE_2,0x241,COUNTER,,61,2,motorola,False,1.0,0.0,,VEHICLE_PROTOCOL_DOCUMENTED,UNKNOWN
honda.civic.gen10.us.hatch_ex_2017,honda_civic_hatchback_ex_2017_can_generated.dbc,vehicle_can,LEFT_LANE_LINE_2,0x241,CHECKSUM,,59,4,motorola,False,1.0,0.0,,VEHICLE_PROTOCOL_DOCUMENTED,UNKNOWN
honda.civic.gen10.us.hatch_ex_2017,honda_civic_hatchback_ex_2017_can_generated.dbc,vehicle_can,RIGHT_LANE_LINE_1,0x243,LINE_DISTANCE_VISIBLE,,39,9,motorola,False,1.0,0.0,,VEHICLE_PROTOCOL_DOCUMENTED,UNKNOWN
honda.civic.gen10.us.hatch_ex_2017,honda_civic_hatchback_ex_2017_can_generated.dbc,vehicle_can,RIGHT_LANE_LINE_1,0x243,LINE_PROBABILITY,,46,6,motorola,False,0.015625,0.0,,VEHICLE_PROTOCOL_DOCUMENTED,UNKNOWN
honda.civic.gen10.us.hatch_ex_2017,honda_civic_hatchback_ex_2017_can_generated.dbc,vehicle_can,RIGHT_LANE_LINE_1,0x243,LINE_OFFSET,,23,12,motorola,False,0.004,-8.192,Meters,VEHICLE_PROTOCOL_DOCUMENTED,UNKNOWN
honda.civic.gen10.us.hatch_ex_2017,honda_civic_hatchback_ex_2017_can_generated.dbc,vehicle_can,RIGHT_LANE_LINE_1,0x243,LINE_ANGLE,,7,12,motorola,False,0.0005,-1.024,,VEHICLE_PROTOCOL_DOCUMENTED,UNKNOWN
honda.civic.gen10.us.hatch_ex_2017,honda_civic_hatchback_ex_2017_can_generated.dbc,vehicle_can,RIGHT_LANE_LINE_1,0x243,FRAME_INDEX,,8,4,intel,False,1.0,0.0,,VEHICLE_PROTOCOL_DOCUMENTED,UNKNOWN
honda.civic.gen10.us.hatch_ex_2017,honda_civic_hatchback_ex_2017_can_generated.dbc,vehicle_can,RIGHT_LANE_LINE_1,0x243,COUNTER,,61,2,motorola,False,1.0,0.0,,VEHICLE_PROTOCOL_DOCUMENTED,UNKNOWN
honda.civic.gen10.us.hatch_ex_2017,honda_civic_hatchback_ex_2017_can_generated.dbc,vehicle_can,RIGHT_LANE_LINE_1,0x243,CHECKSUM,,59,4,motorola,False,1.0,0.0,,VEHICLE_PROTOCOL_DOCUMENTED,UNKNOWN
honda.civic.gen10.us.hatch_ex_2017,honda_civic_hatchback_ex_2017_can_generated.dbc,vehicle_can,RIGHT_LANE_LINE_2,0x244,LINE_FAR_EDGE_POSITION,,55,8,motorola,False,1.0,-128.0,,VEHICLE_PROTOCOL_DOCUMENTED,UNKNOWN
honda.civic.gen10.us.hatch_ex_2017,honda_civic_hatchback_ex_2017_can_generated.dbc,vehicle_can,RIGHT_LANE_LINE_2,0x244,LINE_SOLID,,13,1,motorola,False,1.0,0.0,,VEHICLE_PROTOCOL_DOCUMENTED,UNKNOWN
honda.civic.gen10.us.hatch_ex_2017,honda_civic_hatchback_ex_2017_can_generated.dbc,vehicle_can,RIGHT_LANE_LINE_2,0x244,LINE_DASHED,,14,1,motorola,False,1.0,0.0,,VEHICLE_PROTOCOL_DOCUMENTED,UNKNOWN
honda.civic.gen10.us.hatch_ex_2017,honda_civic_hatchback_ex_2017_can_generated.dbc,vehicle_can,RIGHT_LANE_LINE_2,0x244,LINE_CURVATURE,,23,12,motorola,False,1e-05,-0.02048,,VEHICLE_PROTOCOL_DOCUMENTED,UNKNOWN
honda.civic.gen10.us.hatch_ex_2017,honda_civic_hatchback_ex_2017_can_generated.dbc,vehicle_can,RIGHT_LANE_LINE_2,0x244,LINE_PARAMETER,,39,12,motorola,False,1.0,0.0,,VEHICLE_PROTOCOL_DOCUMENTED,UNKNOWN
honda.civic.gen10.us.hatch_ex_2017,honda_civic_hatchback_ex_2017_can_generated.dbc,vehicle_can,RIGHT_LANE_LINE_2,0x244,FRAME_INDEX,,7,4,motorola,False,1.0,0.0,,VEHICLE_PROTOCOL_DOCUMENTED,UNKNOWN
honda.civic.gen10.us.hatch_ex_2017,honda_civic_hatchback_ex_2017_can_generated.dbc,vehicle_can,RIGHT_LANE_LINE_2,0x244,COUNTER,,61,2,motorola,False,1.0,0.0,,VEHICLE_PROTOCOL_DOCUMENTED,UNKNOWN
honda.civic.gen10.us.hatch_ex_2017,honda_civic_hatchback_ex_2017_can_generated.dbc,vehicle_can,RIGHT_LANE_LINE_2,0x244,CHECKSUM,,59,4,motorola,False,1.0,0.0,,VEHICLE_PROTOCOL_DOCUMENTED,UNKNOWN
honda.civic.gen10.us.hatch_ex_2017,honda_civic_hatchback_ex_2017_can_generated.dbc,vehicle_can,ADJACENT_LEFT_LANE_LINE_1,0x246,LINE_DISTANCE_VISIBLE,,39,9,motorola,False,1.0,0.0,,VEHICLE_PROTOCOL_DOCUMENTED,UNKNOWN
honda.civic.gen10.us.hatch_ex_2017,honda_civic_hatchback_ex_2017_can_generated.dbc,vehicle_can,ADJACENT_LEFT_LANE_LINE_1,0x246,LINE_PROBABILITY,,46,6,motorola,False,0.015625,0.0,,VEHICLE_PROTOCOL_DOCUMENTED,UNKNOWN
honda.civic.gen10.us.hatch_ex_2017,honda_civic_hatchback_ex_2017_can_generated.dbc,vehicle_can,ADJACENT_LEFT_LANE_LINE_1,0x246,LINE_OFFSET,,23,12,motorola,False,0.004,-8.192,Meters,VEHICLE_PROTOCOL_DOCUMENTED,UNKNOWN
honda.civic.gen10.us.hatch_ex_2017,honda_civic_hatchback_ex_2017_can_generated.dbc,vehicle_can,ADJACENT_LEFT_LANE_LINE_1,0x246,LINE_ANGLE,,7,12,motorola,False,0.0005,-1.024,,VEHICLE_PROTOCOL_DOCUMENTED,UNKNOWN
honda.civic.gen10.us.hatch_ex_2017,honda_civic_hatchback_ex_2017_can_generated.dbc,vehicle_can,ADJACENT_LEFT_LANE_LINE_1,0x246,FRAME_INDEX,,8,4,intel,False,1.0,0.0,,VEHICLE_PROTOCOL_DOCUMENTED,UNKNOWN
honda.civic.gen10.us.hatch_ex_2017,honda_civic_hatchback_ex_2017_can_generated.dbc,vehicle_can,ADJACENT_LEFT_LANE_LINE_1,0x246,COUNTER,,61,2,motorola,False,1.0,0.0,,VEHICLE_PROTOCOL_DOCUMENTED,UNKNOWN
honda.civic.gen10.us.hatch_ex_2017,honda_civic_hatchback_ex_2017_can_generated.dbc,vehicle_can,ADJACENT_LEFT_LANE_LINE_1,0x246,CHECKSUM,,59,4,motorola,False,1.0,0.0,,VEHICLE_PROTOCOL_DOCUMENTED,UNKNOWN
honda.civic.gen10.us.hatch_ex_2017,honda_civic_hatchback_ex_2017_can_generated.dbc,vehicle_can,ADJACENT_LEFT_LANE_LINE_2,0x247,LINE_FAR_EDGE_POSITION,,55,8,motorola,False,1.0,-128.0,,VEHICLE_PROTOCOL_DOCUMENTED,UNKNOWN
honda.civic.gen10.us.hatch_ex_2017,honda_civic_hatchback_ex_2017_can_generated.dbc,vehicle_can,ADJACENT_LEFT_LANE_LINE_2,0x247,LINE_SOLID,,13,1,motorola,False,1.0,0.0,,VEHICLE_PROTOCOL_DOCUMENTED,UNKNOWN
honda.civic.gen10.us.hatch_ex_2017,honda_civic_hatchback_ex_2017_can_generated.dbc,vehicle_can,ADJACENT_LEFT_LANE_LINE_2,0x247,LINE_DASHED,,14,1,motorola,False,1.0,0.0,,VEHICLE_PROTOCOL_DOCUMENTED,UNKNOWN
honda.civic.gen10.us.hatch_ex_2017,honda_civic_hatchback_ex_2017_can_generated.dbc,vehicle_can,ADJACENT_LEFT_LANE_LINE_2,0x247,LINE_CURVATURE,,23,12,motorola,False,1e-05,-0.02048,,VEHICLE_PROTOCOL_DOCUMENTED,UNKNOWN
honda.civic.gen10.us.hatch_ex_2017,honda_civic_hatchback_ex_2017_can_generated.dbc,vehicle_can,ADJACENT_LEFT_LANE_LINE_2,0x247,LINE_PARAMETER,,39,12,motorola,False,1.0,0.0,,VEHICLE_PROTOCOL_DOCUMENTED,UNKNOWN
honda.civic.gen10.us.hatch_ex_2017,honda_civic_hatchback_ex_2017_can_generated.dbc,vehicle_can,ADJACENT_LEFT_LANE_LINE_2,0x247,FRAME_INDEX,,7,4,motorola,False,1.0,0.0,,VEHICLE_PROTOCOL_DOCUMENTED,UNKNOWN
honda.civic.gen10.us.hatch_ex_2017,honda_civic_hatchback_ex_2017_can_generated.dbc,vehicle_can,ADJACENT_LEFT_LANE_LINE_2,0x247,COUNTER,,61,2,motorola,False,1.0,0.0,,VEHICLE_PROTOCOL_DOCUMENTED,UNKNOWN
honda.civic.gen10.us.hatch_ex_2017,honda_civic_hatchback_ex_2017_can_generated.dbc,vehicle_can,ADJACENT_LEFT_LANE_LINE_2,0x247,CHECKSUM,,59,4,motorola,False,1.0,0.0,,VEHICLE_PROTOCOL_DOCUMENTED,UNKNOWN
honda.civic.gen10.us.hatch_ex_2017,honda_civic_hatchback_ex_2017_can_generated.dbc,vehicle_can,ADJACENT_RIGHT_LANE_LINE_1,0x249,LINE_DISTANCE_VISIBLE,,39,9,motorola,False,1.0,0.0,,VEHICLE_PROTOCOL_DOCUMENTED,UNKNOWN
honda.civic.gen10.us.hatch_ex_2017,honda_civic_hatchback_ex_2017_can_generated.dbc,vehicle_can,ADJACENT_RIGHT_LANE_LINE_1,0x249,LINE_PROBABILITY,,46,6,motorola,False,0.015625,0.0,,VEHICLE_PROTOCOL_DOCUMENTED,UNKNOWN
honda.civic.gen10.us.hatch_ex_2017,honda_civic_hatchback_ex_2017_can_generated.dbc,vehicle_can,ADJACENT_RIGHT_LANE_LINE_1,0x249,LINE_OFFSET,,23,12,motorola,False,0.004,-8.192,Meters,VEHICLE_PROTOCOL_DOCUMENTED,UNKNOWN
honda.civic.gen10.us.hatch_ex_2017,honda_civic_hatchback_ex_2017_can_generated.dbc,vehicle_can,ADJACENT_RIGHT_LANE_LINE_1,0x249,LINE_ANGLE,,7,12,motorola,False,0.0005,-1.024,,VEHICLE_PROTOCOL_DOCUMENTED,UNKNOWN
honda.civic.gen10.us.hatch_ex_2017,honda_civic_hatchback_ex_2017_can_generated.dbc,vehicle_can,ADJACENT_RIGHT_LANE_LINE_1,0x249,FRAME_INDEX,,8,4,intel,False,1.0,0.0,,VEHICLE_PROTOCOL_DOCUMENTED,UNKNOWN
honda.civic.gen10.us.hatch_ex_2017,honda_civic_hatchback_ex_2017_can_generated.dbc,vehicle_can,ADJACENT_RIGHT_LANE_LINE_1,0x249,COUNTER,,61,2,motorola,False,1.0,0.0,,VEHICLE_PROTOCOL_DOCUMENTED,UNKNOWN
honda.civic.gen10.us.hatch_ex_2017,honda_civic_hatchback_ex_2017_can_generated.dbc,vehicle_can,ADJACENT_RIGHT_LANE_LINE_1,0x249,CHECKSUM,,59,4,motorola,False,1.0,0.0,,VEHICLE_PROTOCOL_DOCUMENTED,UNKNOWN
honda.civic.gen10.us.hatch_ex_2017,honda_civic_hatchback_ex_2017_can_generated.dbc,vehicle_can,ADJACENT_RIGHT_LANE_LINE_2,0x24a,LINE_FAR_EDGE_POSITION,,55,8,motorola,False,1.0,-128.0,,VEHICLE_PROTOCOL_DOCUMENTED,UNKNOWN
honda.civic.gen10.us.hatch_ex_2017,honda_civic_hatchback_ex_2017_can_generated.dbc,vehicle_can,ADJACENT_RIGHT_LANE_LINE_2,0x24a,LINE_SOLID,,13,1,motorola,False,1.0,0.0,,VEHICLE_PROTOCOL_DOCUMENTED,UNKNOWN
honda.civic.gen10.us.hatch_ex_2017,honda_civic_hatchback_ex_2017_can_generated.dbc,vehicle_can,ADJACENT_RIGHT_LANE_LINE_2,0x24a,LINE_DASHED,,14,1,motorola,False,1.0,0.0,,VEHICLE_PROTOCOL_DOCUMENTED,UNKNOWN
honda.civic.gen10.us.hatch_ex_2017,honda_civic_hatchback_ex_2017_can_generated.dbc,vehicle_can,ADJACENT_RIGHT_LANE_LINE_2,0x24a,LINE_CURVATURE,,23,12,motorola,False,1e-05,-0.02048,,VEHICLE_PROTOCOL_DOCUMENTED,UNKNOWN
honda.civic.gen10.us.hatch_ex_2017,honda_civic_hatchback_ex_2017_can_generated.dbc,vehicle_can,ADJACENT_RIGHT_LANE_LINE_2,0x24a,LINE_PARAMETER,,39,12,motorola,False,1.0,0.0,,VEHICLE_PROTOCOL_DOCUMENTED,UNKNOWN
honda.civic.gen10.us.hatch_ex_2017,honda_civic_hatchback_ex_2017_can_generated.dbc,vehicle_can,ADJACENT_RIGHT_LANE_LINE_2,0x24a,FRAME_INDEX,,7,4,motorola,False,1.0,0.0,,VEHICLE_PROTOCOL_DOCUMENTED,UNKNOWN
honda.civic.gen10.us.hatch_ex_2017,honda_civic_hatchback_ex_2017_can_generated.dbc,vehicle_can,ADJACENT_RIGHT_LANE_LINE_2,0x24a,COUNTER,,61,2,motorola,False,1.0,0.0,,VEHICLE_PROTOCOL_DOCUMENTED,UNKNOWN
honda.civic.gen10.us.hatch_ex_2017,honda_civic_hatchback_ex_2017_can_generated.dbc,vehicle_can,ADJACENT_RIGHT_LANE_LINE_2,0x24a,CHECKSUM,,59,4,motorola,False,1.0,0.0,,VEHICLE_PROTOCOL_DOCUMENTED,UNKNOWN
honda.civic.gen10.us.hatch_ex_2017,honda_civic_hatchback_ex_2017_can_generated.dbc,vehicle_can,ROUGH_WHEEL_SPEED,0x255,WHEEL_SPEED_FL,,7,8,motorola,False,1.0,0.0,mph,VEHICLE_PROTOCOL_DOCUMENTED,POWERTRAIN_ONLY
honda.civic.gen10.us.hatch_ex_2017,honda_civic_hatchback_ex_2017_can_generated.dbc,vehicle_can,ROUGH_WHEEL_SPEED,0x255,WHEEL_SPEED_FR,,15,8,motorola,False,1.0,0.0,mph,VEHICLE_PROTOCOL_DOCUMENTED,POWERTRAIN_ONLY
honda.civic.gen10.us.hatch_ex_2017,honda_civic_hatchback_ex_2017_can_generated.dbc,vehicle_can,ROUGH_WHEEL_SPEED,0x255,WHEEL_SPEED_RL,,23,8,motorola,False,1.0,0.0,mph,VEHICLE_PROTOCOL_DOCUMENTED,POWERTRAIN_ONLY
honda.civic.gen10.us.hatch_ex_2017,honda_civic_hatchback_ex_2017_can_generated.dbc,vehicle_can,ROUGH_WHEEL_SPEED,0x255,WHEEL_SPEED_RR,,31,8,motorola,False,1.0,0.0,mph,VEHICLE_PROTOCOL_DOCUMENTED,POWERTRAIN_ONLY
honda.civic.gen10.us.hatch_ex_2017,honda_civic_hatchback_ex_2017_can_generated.dbc,vehicle_can,ROUGH_WHEEL_SPEED,0x255,SET_TO_X55,,39,8,motorola,False,1.0,0.0,,VEHICLE_PROTOCOL_DOCUMENTED,POWERTRAIN_ONLY
honda.civic.gen10.us.hatch_ex_2017,honda_civic_hatchback_ex_2017_can_generated.dbc,vehicle_can,ROUGH_WHEEL_SPEED,0x255,SET_TO_X55_2,,47,8,motorola,False,1.0,0.0,,VEHICLE_PROTOCOL_DOCUMENTED,POWERTRAIN_ONLY
honda.civic.gen10.us.hatch_ex_2017,honda_civic_hatchback_ex_2017_can_generated.dbc,vehicle_can,ROUGH_WHEEL_SPEED,0x255,LONG_COUNTER,,55,8,motorola,False,1.0,0.0,,VEHICLE_PROTOCOL_DOCUMENTED,POWERTRAIN_ONLY
honda.civic.gen10.us.hatch_ex_2017,honda_civic_hatchback_ex_2017_can_generated.dbc,vehicle_can,ROUGH_WHEEL_SPEED,0x255,CHECKSUM,,59,4,motorola,False,1.0,0.0,,VEHICLE_PROTOCOL_DOCUMENTED,POWERTRAIN_ONLY
honda.civic.gen10.us.hatch_ex_2017,honda_civic_hatchback_ex_2017_can_generated.dbc,vehicle_can,ROUGH_WHEEL_SPEED,0x255,COUNTER,,61,2,motorola,False,1.0,0.0,,VEHICLE_PROTOCOL_DOCUMENTED,POWERTRAIN_ONLY
honda.civic.gen10.us.hatch_ex_2017,honda_civic_hatchback_ex_2017_can_generated.dbc,vehicle_can,SCM_BUTTONS,0x296,CRUISE_BUTTONS,,7,3,motorola,False,1.0,0.0,,VEHICLE_PROTOCOL_DOCUMENTED,BODY_RELEVANT
honda.civic.gen10.us.hatch_ex_2017,honda_civic_hatchback_ex_2017_can_generated.dbc,vehicle_can,SCM_BUTTONS,0x296,CRUISE_SETTING,,3,2,motorola,False,1.0,0.0,,VEHICLE_PROTOCOL_DOCUMENTED,BODY_RELEVANT
honda.civic.gen10.us.hatch_ex_2017,honda_civic_hatchback_ex_2017_can_generated.dbc,vehicle_can,SCM_BUTTONS,0x296,COUNTER,,29,2,motorola,False,1.0,0.0,,VEHICLE_PROTOCOL_DOCUMENTED,BODY_RELEVANT
honda.civic.gen10.us.hatch_ex_2017,honda_civic_hatchback_ex_2017_can_generated.dbc,vehicle_can,SCM_BUTTONS,0x296,CHECKSUM,,27,4,motorola,False,1.0,0.0,,VEHICLE_PROTOCOL_DOCUMENTED,BODY_RELEVANT
honda.civic.gen10.us.hatch_ex_2017,honda_civic_hatchback_ex_2017_can_generated.dbc,vehicle_can,SCM_FEEDBACK,0x326,DRIVERS_DOOR_OPEN,,17,1,motorola,False,1.0,0.0,,VEHICLE_PROTOCOL_DOCUMENTED,DISPLAY_RELEVANT
honda.civic.gen10.us.hatch_ex_2017,honda_civic_hatchback_ex_2017_can_generated.dbc,vehicle_can,SCM_FEEDBACK,0x326,MAIN_ON,,28,1,motorola,False,1.0,0.0,,VEHICLE_PROTOCOL_DOCUMENTED,DISPLAY_RELEVANT
honda.civic.gen10.us.hatch_ex_2017,honda_civic_hatchback_ex_2017_can_generated.dbc,vehicle_can,SCM_FEEDBACK,0x326,RIGHT_BLINKER,lighting.right_indicator,27,1,motorola,False,1.0,0.0,,CLUSTER_RELEVANT_SIGNAL_DOCUMENTED,DISPLAY_RELEVANT
honda.civic.gen10.us.hatch_ex_2017,honda_civic_hatchback_ex_2017_can_generated.dbc,vehicle_can,SCM_FEEDBACK,0x326,LEFT_BLINKER,lighting.left_indicator,26,1,motorola,False,1.0,0.0,,CLUSTER_RELEVANT_SIGNAL_DOCUMENTED,DISPLAY_RELEVANT
honda.civic.gen10.us.hatch_ex_2017,honda_civic_hatchback_ex_2017_can_generated.dbc,vehicle_can,SCM_FEEDBACK,0x326,CMBS_STATES,,22,2,motorola,False,1.0,0.0,,VEHICLE_PROTOCOL_DOCUMENTED,DISPLAY_RELEVANT
honda.civic.gen10.us.hatch_ex_2017,honda_civic_hatchback_ex_2017_can_generated.dbc,vehicle_can,SCM_FEEDBACK,0x326,COUNTER,,61,2,motorola,False,1.0,0.0,,VEHICLE_PROTOCOL_DOCUMENTED,DISPLAY_RELEVANT
honda.civic.gen10.us.hatch_ex_2017,honda_civic_hatchback_ex_2017_can_generated.dbc,vehicle_can,SCM_FEEDBACK,0x326,CHECKSUM,,59,4,motorola,False,1.0,0.0,,VEHICLE_PROTOCOL_DOCUMENTED,DISPLAY_RELEVANT
honda.civic.gen10.us.hatch_ex_2017,honda_civic_hatchback_ex_2017_can_generated.dbc,vehicle_can,CAMERA_MESSAGES,0x35e,ZEROS_BOH,,7,50,motorola,False,1.0,0.0,,VEHICLE_PROTOCOL_DOCUMENTED,ADAS_ONLY
honda.civic.gen10.us.hatch_ex_2017,honda_civic_hatchback_ex_2017_can_generated.dbc,vehicle_can,CAMERA_MESSAGES,0x35e,AUTO_HIGHBEAMS_ACTIVE,,53,1,motorola,False,1.0,0.0,,VEHICLE_PROTOCOL_DOCUMENTED,ADAS_ONLY
honda.civic.gen10.us.hatch_ex_2017,honda_civic_hatchback_ex_2017_can_generated.dbc,vehicle_can,CAMERA_MESSAGES,0x35e,HIGHBEAMS_ON,,52,1,motorola,False,1.0,0.0,,VEHICLE_PROTOCOL_DOCUMENTED,ADAS_ONLY
honda.civic.gen10.us.hatch_ex_2017,honda_civic_hatchback_ex_2017_can_generated.dbc,vehicle_can,CAMERA_MESSAGES,0x35e,ZEROS_BOH_2,,51,4,motorola,False,1.0,0.0,,VEHICLE_PROTOCOL_DOCUMENTED,ADAS_ONLY
honda.civic.gen10.us.hatch_ex_2017,honda_civic_hatchback_ex_2017_can_generated.dbc,vehicle_can,CAMERA_MESSAGES,0x35e,COUNTER,,61,2,motorola,False,1.0,0.0,,VEHICLE_PROTOCOL_DOCUMENTED,ADAS_ONLY
honda.civic.gen10.us.hatch_ex_2017,honda_civic_hatchback_ex_2017_can_generated.dbc,vehicle_can,CAMERA_MESSAGES,0x35e,CHECKSUM,,59,4,motorola,False,1.0,0.0,,VEHICLE_PROTOCOL_DOCUMENTED,ADAS_ONLY
honda.civic.gen10.us.hatch_ex_2017,honda_civic_hatchback_ex_2017_can_generated.dbc,vehicle_can,RADAR_HUD,0x39f,ZEROS_BOH,,7,10,motorola,False,1.0,0.0,,VEHICLE_PROTOCOL_DOCUMENTED,ADAS_ONLY
honda.civic.gen10.us.hatch_ex_2017,honda_civic_hatchback_ex_2017_can_generated.dbc,vehicle_can,RADAR_HUD,0x39f,CMBS_OFF,,12,1,motorola,False,1.0,0.0,,VEHICLE_PROTOCOL_DOCUMENTED,ADAS_ONLY
honda.civic.gen10.us.hatch_ex_2017,honda_civic_hatchback_ex_2017_can_generated.dbc,vehicle_can,RADAR_HUD,0x39f,RESUME_INSTRUCTION,,21,1,motorola,False,1.0,0.0,,VEHICLE_PROTOCOL_DOCUMENTED,ADAS_ONLY
honda.civic.gen10.us.hatch_ex_2017,honda_civic_hatchback_ex_2017_can_generated.dbc,vehicle_can,RADAR_HUD,0x39f,SET_TO_1,,13,1,motorola,False,1.0,0.0,,VEHICLE_PROTOCOL_DOCUMENTED,ADAS_ONLY
honda.civic.gen10.us.hatch_ex_2017,honda_civic_hatchback_ex_2017_can_generated.dbc,vehicle_can,RADAR_HUD,0x39f,ZEROS_BOH2,,11,4,motorola,False,1.0,0.0,,VEHICLE_PROTOCOL_DOCUMENTED,ADAS_ONLY
honda.civic.gen10.us.hatch_ex_2017,honda_civic_hatchback_ex_2017_can_generated.dbc,vehicle_can,RADAR_HUD,0x39f,APPLY_BRAKES_FOR_CANC,,23,1,motorola,False,1.0,0.0,,VEHICLE_PROTOCOL_DOCUMENTED,ADAS_ONLY
honda.civic.gen10.us.hatch_ex_2017,honda_civic_hatchback_ex_2017_can_generated.dbc,vehicle_can,RADAR_HUD,0x39f,ACC_ALERTS,,20,5,motorola,False,1.0,0.0,,VEHICLE_PROTOCOL_DOCUMENTED,ADAS_ONLY
honda.civic.gen10.us.hatch_ex_2017,honda_civic_hatchback_ex_2017_can_generated.dbc,vehicle_can,RADAR_HUD,0x39f,SET_TO_0,,22,1,motorola,False,1.0,0.0,,VEHICLE_PROTOCOL_DOCUMENTED,ADAS_ONLY
honda.civic.gen10.us.hatch_ex_2017,honda_civic_hatchback_ex_2017_can_generated.dbc,vehicle_can,RADAR_HUD,0x39f,HUD_LEAD,,40,1,motorola,False,1.0,0.0,,VEHICLE_PROTOCOL_DOCUMENTED,ADAS_ONLY
honda.civic.gen10.us.hatch_ex_2017,honda_civic_hatchback_ex_2017_can_generated.dbc,vehicle_can,RADAR_HUD,0x39f,SET_TO_64,,31,8,motorola,False,1.0,0.0,,VEHICLE_PROTOCOL_DOCUMENTED,ADAS_ONLY
honda.civic.gen10.us.hatch_ex_2017,honda_civic_hatchback_ex_2017_can_generated.dbc,vehicle_can,RADAR_HUD,0x39f,LEAD_DISTANCE,,39,8,motorola,False,1.0,0.0,,VEHICLE_PROTOCOL_DOCUMENTED,ADAS_ONLY
honda.civic.gen10.us.hatch_ex_2017,honda_civic_hatchback_ex_2017_can_generated.dbc,vehicle_can,RADAR_HUD,0x39f,ZEROS_BOH3,,47,7,motorola,False,1.0,0.0,,VEHICLE_PROTOCOL_DOCUMENTED,ADAS_ONLY
honda.civic.gen10.us.hatch_ex_2017,honda_civic_hatchback_ex_2017_can_generated.dbc,vehicle_can,RADAR_HUD,0x39f,ZEROS_BOH4,,55,8,motorola,False,1.0,0.0,,VEHICLE_PROTOCOL_DOCUMENTED,ADAS_ONLY
honda.civic.gen10.us.hatch_ex_2017,honda_civic_hatchback_ex_2017_can_generated.dbc,vehicle_can,RADAR_HUD,0x39f,COUNTER,,61,2,motorola,False,1.0,0.0,,VEHICLE_PROTOCOL_DOCUMENTED,ADAS_ONLY
honda.civic.gen10.us.hatch_ex_2017,honda_civic_hatchback_ex_2017_can_generated.dbc,vehicle_can,RADAR_HUD,0x39f,CHECKSUM,,59,4,motorola,False,1.0,0.0,,VEHICLE_PROTOCOL_DOCUMENTED,ADAS_ONLY
honda.civic.gen10.us.hatch_ex_2017,honda_civic_hatchback_ex_2017_can_generated.dbc,vehicle_can,LKAS_HUD_A,0x000033DA,CAM_TEMP_HIGH,,7,1,motorola,False,1.0,0.0,,VEHICLE_PROTOCOL_DOCUMENTED,ADAS_ONLY
honda.civic.gen10.us.hatch_ex_2017,honda_civic_hatchback_ex_2017_can_generated.dbc,vehicle_can,LKAS_HUD_A,0x000033DA,SET_ME_X41,,6,7,motorola,False,1.0,0.0,,VEHICLE_PROTOCOL_DOCUMENTED,ADAS_ONLY
honda.civic.gen10.us.hatch_ex_2017,honda_civic_hatchback_ex_2017_can_generated.dbc,vehicle_can,LKAS_HUD_A,0x000033DA,BOH,,6,7,motorola,False,1.0,0.0,,VEHICLE_PROTOCOL_DOCUMENTED,ADAS_ONLY
honda.civic.gen10.us.hatch_ex_2017,honda_civic_hatchback_ex_2017_can_generated.dbc,vehicle_can,LKAS_HUD_A,0x000033DA,DASHED_LANES,,14,1,motorola,False,1.0,0.0,,VEHICLE_PROTOCOL_DOCUMENTED,ADAS_ONLY
honda.civic.gen10.us.hatch_ex_2017,honda_civic_hatchback_ex_2017_can_generated.dbc,vehicle_can,LKAS_HUD_A,0x000033DA,DTC,,13,1,motorola,False,1.0,0.0,,VEHICLE_PROTOCOL_DOCUMENTED,ADAS_ONLY
honda.civic.gen10.us.hatch_ex_2017,honda_civic_hatchback_ex_2017_can_generated.dbc,vehicle_can,LKAS_HUD_A,0x000033DA,LKAS_PROBLEM,,12,1,motorola,False,1.0,0.0,,VEHICLE_PROTOCOL_DOCUMENTED,ADAS_ONLY
honda.civic.gen10.us.hatch_ex_2017,honda_civic_hatchback_ex_2017_can_generated.dbc,vehicle_can,LKAS_HUD_A,0x000033DA,LKAS_OFF,,11,1,motorola,False,1.0,0.0,,VEHICLE_PROTOCOL_DOCUMENTED,ADAS_ONLY
honda.civic.gen10.us.hatch_ex_2017,honda_civic_hatchback_ex_2017_can_generated.dbc,vehicle_can,LKAS_HUD_A,0x000033DA,SOLID_LANES,,10,1,motorola,False,1.0,0.0,,VEHICLE_PROTOCOL_DOCUMENTED,ADAS_ONLY
honda.civic.gen10.us.hatch_ex_2017,honda_civic_hatchback_ex_2017_can_generated.dbc,vehicle_can,LKAS_HUD_A,0x000033DA,LDW_RIGHT,,9,1,motorola,False,1.0,0.0,,VEHICLE_PROTOCOL_DOCUMENTED,ADAS_ONLY
honda.civic.gen10.us.hatch_ex_2017,honda_civic_hatchback_ex_2017_can_generated.dbc,vehicle_can,LKAS_HUD_A,0x000033DA,STEERING_REQUIRED,,8,1,motorola,False,1.0,0.0,,VEHICLE_PROTOCOL_DOCUMENTED,ADAS_ONLY
honda.civic.gen10.us.hatch_ex_2017,honda_civic_hatchback_ex_2017_can_generated.dbc,vehicle_can,LKAS_HUD_A,0x000033DA,BOH_2,,23,2,motorola,False,1.0,0.0,,VEHICLE_PROTOCOL_DOCUMENTED,ADAS_ONLY
honda.civic.gen10.us.hatch_ex_2017,honda_civic_hatchback_ex_2017_can_generated.dbc,vehicle_can,LKAS_HUD_A,0x000033DA,LDW_PROBLEM,,21,1,motorola,False,1.0,0.0,,VEHICLE_PROTOCOL_DOCUMENTED,ADAS_ONLY
honda.civic.gen10.us.hatch_ex_2017,honda_civic_hatchback_ex_2017_can_generated.dbc,vehicle_can,LKAS_HUD_A,0x000033DA,BEEP,,17,2,motorola,False,1.0,0.0,,VEHICLE_PROTOCOL_DOCUMENTED,ADAS_ONLY
honda.civic.gen10.us.hatch_ex_2017,honda_civic_hatchback_ex_2017_can_generated.dbc,vehicle_can,LKAS_HUD_A,0x000033DA,SET_ME_X01,,20,1,motorola,False,1.0,0.0,,VEHICLE_PROTOCOL_DOCUMENTED,ADAS_ONLY
honda.civic.gen10.us.hatch_ex_2017,honda_civic_hatchback_ex_2017_can_generated.dbc,vehicle_can,LKAS_HUD_A,0x000033DA,LDW_ON,,28,1,motorola,False,1.0,0.0,,VEHICLE_PROTOCOL_DOCUMENTED,ADAS_ONLY
honda.civic.gen10.us.hatch_ex_2017,honda_civic_hatchback_ex_2017_can_generated.dbc,vehicle_can,LKAS_HUD_A,0x000033DA,LDW_OFF,,27,1,motorola,False,1.0,0.0,,VEHICLE_PROTOCOL_DOCUMENTED,ADAS_ONLY
honda.civic.gen10.us.hatch_ex_2017,honda_civic_hatchback_ex_2017_can_generated.dbc,vehicle_can,LKAS_HUD_A,0x000033DA,CLEAN_WINDSHIELD,,26,1,motorola,False,1.0,0.0,,VEHICLE_PROTOCOL_DOCUMENTED,ADAS_ONLY
honda.civic.gen10.us.hatch_ex_2017,honda_civic_hatchback_ex_2017_can_generated.dbc,vehicle_can,LKAS_HUD_A,0x000033DA,COUNTER,,37,2,motorola,False,1.0,0.0,,VEHICLE_PROTOCOL_DOCUMENTED,ADAS_ONLY
honda.civic.gen10.us.hatch_ex_2017,honda_civic_hatchback_ex_2017_can_generated.dbc,vehicle_can,LKAS_HUD_A,0x000033DA,CHECKSUM,,35,4,motorola,False,1.0,0.0,,VEHICLE_PROTOCOL_DOCUMENTED,ADAS_ONLY
honda.civic.gen10.us.hatch_ex_2017,honda_civic_hatchback_ex_2017_can_generated.dbc,vehicle_can,LKAS_HUD_B,0x000033DB,CAM_TEMP_HIGH,,7,1,motorola,False,1.0,0.0,,VEHICLE_PROTOCOL_DOCUMENTED,ADAS_ONLY
honda.civic.gen10.us.hatch_ex_2017,honda_civic_hatchback_ex_2017_can_generated.dbc,vehicle_can,LKAS_HUD_B,0x000033DB,SET_ME_X41,,6,7,motorola,False,1.0,0.0,,VEHICLE_PROTOCOL_DOCUMENTED,ADAS_ONLY
honda.civic.gen10.us.hatch_ex_2017,honda_civic_hatchback_ex_2017_can_generated.dbc,vehicle_can,LKAS_HUD_B,0x000033DB,BOH,,6,7,motorola,False,1.0,0.0,,VEHICLE_PROTOCOL_DOCUMENTED,ADAS_ONLY
honda.civic.gen10.us.hatch_ex_2017,honda_civic_hatchback_ex_2017_can_generated.dbc,vehicle_can,LKAS_HUD_B,0x000033DB,DASHED_LANES,,14,1,motorola,False,1.0,0.0,,VEHICLE_PROTOCOL_DOCUMENTED,ADAS_ONLY
honda.civic.gen10.us.hatch_ex_2017,honda_civic_hatchback_ex_2017_can_generated.dbc,vehicle_can,LKAS_HUD_B,0x000033DB,DTC,,13,1,motorola,False,1.0,0.0,,VEHICLE_PROTOCOL_DOCUMENTED,ADAS_ONLY
honda.civic.gen10.us.hatch_ex_2017,honda_civic_hatchback_ex_2017_can_generated.dbc,vehicle_can,LKAS_HUD_B,0x000033DB,LKAS_PROBLEM,,12,1,motorola,False,1.0,0.0,,VEHICLE_PROTOCOL_DOCUMENTED,ADAS_ONLY
honda.civic.gen10.us.hatch_ex_2017,honda_civic_hatchback_ex_2017_can_generated.dbc,vehicle_can,LKAS_HUD_B,0x000033DB,LKAS_OFF,,11,1,motorola,False,1.0,0.0,,VEHICLE_PROTOCOL_DOCUMENTED,ADAS_ONLY
honda.civic.gen10.us.hatch_ex_2017,honda_civic_hatchback_ex_2017_can_generated.dbc,vehicle_can,LKAS_HUD_B,0x000033DB,SOLID_LANES,,10,1,motorola,False,1.0,0.0,,VEHICLE_PROTOCOL_DOCUMENTED,ADAS_ONLY
honda.civic.gen10.us.hatch_ex_2017,honda_civic_hatchback_ex_2017_can_generated.dbc,vehicle_can,LKAS_HUD_B,0x000033DB,LDW_RIGHT,,9,1,motorola,False,1.0,0.0,,VEHICLE_PROTOCOL_DOCUMENTED,ADAS_ONLY
honda.civic.gen10.us.hatch_ex_2017,honda_civic_hatchback_ex_2017_can_generated.dbc,vehicle_can,LKAS_HUD_B,0x000033DB,STEERING_REQUIRED,,8,1,motorola,False,1.0,0.0,,VEHICLE_PROTOCOL_DOCUMENTED,ADAS_ONLY
honda.civic.gen10.us.hatch_ex_2017,honda_civic_hatchback_ex_2017_can_generated.dbc,vehicle_can,LKAS_HUD_B,0x000033DB,BOH_2,,23,2,motorola,False,1.0,0.0,,VEHICLE_PROTOCOL_DOCUMENTED,ADAS_ONLY
honda.civic.gen10.us.hatch_ex_2017,honda_civic_hatchback_ex_2017_can_generated.dbc,vehicle_can,LKAS_HUD_B,0x000033DB,LDW_PROBLEM,,21,1,motorola,False,1.0,0.0,,VEHICLE_PROTOCOL_DOCUMENTED,ADAS_ONLY
honda.civic.gen10.us.hatch_ex_2017,honda_civic_hatchback_ex_2017_can_generated.dbc,vehicle_can,LKAS_HUD_B,0x000033DB,BEEP,,17,2,motorola,False,1.0,0.0,,VEHICLE_PROTOCOL_DOCUMENTED,ADAS_ONLY
honda.civic.gen10.us.hatch_ex_2017,honda_civic_hatchback_ex_2017_can_generated.dbc,vehicle_can,LKAS_HUD_B,0x000033DB,SET_ME_X01,,20,1,motorola,False,1.0,0.0,,VEHICLE_PROTOCOL_DOCUMENTED,ADAS_ONLY
honda.civic.gen10.us.hatch_ex_2017,honda_civic_hatchback_ex_2017_can_generated.dbc,vehicle_can,LKAS_HUD_B,0x000033DB,LDW_ON,,28,1,motorola,False,1.0,0.0,,VEHICLE_PROTOCOL_DOCUMENTED,ADAS_ONLY
honda.civic.gen10.us.hatch_ex_2017,honda_civic_hatchback_ex_2017_can_generated.dbc,vehicle_can,LKAS_HUD_B,0x000033DB,LDW_OFF,,27,1,motorola,False,1.0,0.0,,VEHICLE_PROTOCOL_DOCUMENTED,ADAS_ONLY
honda.civic.gen10.us.hatch_ex_2017,honda_civic_hatchback_ex_2017_can_generated.dbc,vehicle_can,LKAS_HUD_B,0x000033DB,CLEAN_WINDSHIELD,,26,1,motorola,False,1.0,0.0,,VEHICLE_PROTOCOL_DOCUMENTED,ADAS_ONLY
honda.civic.gen10.us.hatch_ex_2017,honda_civic_hatchback_ex_2017_can_generated.dbc,vehicle_can,LKAS_HUD_B,0x000033DB,COUNTER,,61,2,motorola,False,1.0,0.0,,VEHICLE_PROTOCOL_DOCUMENTED,ADAS_ONLY
honda.civic.gen10.us.hatch_ex_2017,honda_civic_hatchback_ex_2017_can_generated.dbc,vehicle_can,LKAS_HUD_B,0x000033DB,CHECKSUM,,59,4,motorola,False,1.0,0.0,,VEHICLE_PROTOCOL_DOCUMENTED,ADAS_ONLY
honda.civic.gen10.us.hatch_ex_2017,honda_civic_hatchback_ex_2017_can_generated.dbc,vehicle_can,ACC_CONTROL,0x1df,SET_TO_0,,20,5,motorola,False,1.0,0.0,,VEHICLE_PROTOCOL_DOCUMENTED,ADAS_ONLY
honda.civic.gen10.us.hatch_ex_2017,honda_civic_hatchback_ex_2017_can_generated.dbc,vehicle_can,ACC_CONTROL,0x1df,CONTROL_ON,,23,3,motorola,False,1.0,0.0,,VEHICLE_PROTOCOL_DOCUMENTED,ADAS_ONLY
honda.civic.gen10.us.hatch_ex_2017,honda_civic_hatchback_ex_2017_can_generated.dbc,vehicle_can,ACC_CONTROL,0x1df,GAS_COMMAND,,7,16,motorola,True,1.0,0.0,,VEHICLE_PROTOCOL_DOCUMENTED,ADAS_ONLY
honda.civic.gen10.us.hatch_ex_2017,honda_civic_hatchback_ex_2017_can_generated.dbc,vehicle_can,ACC_CONTROL,0x1df,ACCEL_COMMAND,,31,11,motorola,True,0.01,0.0,m/s2,VEHICLE_PROTOCOL_DOCUMENTED,ADAS_ONLY
honda.civic.gen10.us.hatch_ex_2017,honda_civic_hatchback_ex_2017_can_generated.dbc,vehicle_can,ACC_CONTROL,0x1df,BRAKE_LIGHTS,,62,1,motorola,False,1.0,0.0,,VEHICLE_PROTOCOL_DOCUMENTED,ADAS_ONLY
honda.civic.gen10.us.hatch_ex_2017,honda_civic_hatchback_ex_2017_can_generated.dbc,vehicle_can,ACC_CONTROL,0x1df,BRAKE_REQUEST,,34,1,motorola,False,1.0,0.0,,VEHICLE_PROTOCOL_DOCUMENTED,ADAS_ONLY
honda.civic.gen10.us.hatch_ex_2017,honda_civic_hatchback_ex_2017_can_generated.dbc,vehicle_can,ACC_CONTROL,0x1df,STANDSTILL,,35,1,motorola,False,1.0,0.0,,VEHICLE_PROTOCOL_DOCUMENTED,ADAS_ONLY
honda.civic.gen10.us.hatch_ex_2017,honda_civic_hatchback_ex_2017_can_generated.dbc,vehicle_can,ACC_CONTROL,0x1df,STANDSTILL_RELEASE,,36,1,motorola,False,1.0,0.0,,VEHICLE_PROTOCOL_DOCUMENTED,ADAS_ONLY
honda.civic.gen10.us.hatch_ex_2017,honda_civic_hatchback_ex_2017_can_generated.dbc,vehicle_can,ACC_CONTROL,0x1df,AEB_STATUS,,33,1,motorola,False,1.0,0.0,,VEHICLE_PROTOCOL_DOCUMENTED,ADAS_ONLY
honda.civic.gen10.us.hatch_ex_2017,honda_civic_hatchback_ex_2017_can_generated.dbc,vehicle_can,ACC_CONTROL,0x1df,AEB_BRAKING,,47,1,motorola,False,1.0,0.0,,VEHICLE_PROTOCOL_DOCUMENTED,ADAS_ONLY
honda.civic.gen10.us.hatch_ex_2017,honda_civic_hatchback_ex_2017_can_generated.dbc,vehicle_can,ACC_CONTROL,0x1df,AEB_PREPARE,,43,1,motorola,False,1.0,0.0,,VEHICLE_PROTOCOL_DOCUMENTED,ADAS_ONLY
honda.civic.gen10.us.hatch_ex_2017,honda_civic_hatchback_ex_2017_can_generated.dbc,vehicle_can,ACC_CONTROL,0x1df,COUNTER,,61,2,motorola,False,1.0,0.0,,VEHICLE_PROTOCOL_DOCUMENTED,ADAS_ONLY
honda.civic.gen10.us.hatch_ex_2017,honda_civic_hatchback_ex_2017_can_generated.dbc,vehicle_can,ACC_CONTROL,0x1df,CHECKSUM,,59,4,motorola,False,1.0,0.0,,VEHICLE_PROTOCOL_DOCUMENTED,ADAS_ONLY
honda.civic.gen10.us.hatch_ex_2017,honda_civic_hatchback_ex_2017_can_generated.dbc,vehicle_can,ACC_CONTROL_ON,0x1ef,SET_TO_75,,31,8,motorola,False,1.0,0.0,,VEHICLE_PROTOCOL_DOCUMENTED,ADAS_ONLY
honda.civic.gen10.us.hatch_ex_2017,honda_civic_hatchback_ex_2017_can_generated.dbc,vehicle_can,ACC_CONTROL_ON,0x1ef,SET_TO_30,,39,8,motorola,False,1.0,0.0,,VEHICLE_PROTOCOL_DOCUMENTED,ADAS_ONLY
honda.civic.gen10.us.hatch_ex_2017,honda_civic_hatchback_ex_2017_can_generated.dbc,vehicle_can,ACC_CONTROL_ON,0x1ef,ZEROS_BOH,,23,8,motorola,False,1.0,0.0,,VEHICLE_PROTOCOL_DOCUMENTED,ADAS_ONLY
honda.civic.gen10.us.hatch_ex_2017,honda_civic_hatchback_ex_2017_can_generated.dbc,vehicle_can,ACC_CONTROL_ON,0x1ef,ZEROS_BOH2,,47,16,motorola,False,1.0,0.0,,VEHICLE_PROTOCOL_DOCUMENTED,ADAS_ONLY
honda.civic.gen10.us.hatch_ex_2017,honda_civic_hatchback_ex_2017_can_generated.dbc,vehicle_can,ACC_CONTROL_ON,0x1ef,SET_TO_FF,,15,8,motorola,False,1.0,0.0,,VEHICLE_PROTOCOL_DOCUMENTED,ADAS_ONLY
honda.civic.gen10.us.hatch_ex_2017,honda_civic_hatchback_ex_2017_can_generated.dbc,vehicle_can,ACC_CONTROL_ON,0x1ef,SET_TO_3,,6,7,motorola,False,1.0,0.0,,VEHICLE_PROTOCOL_DOCUMENTED,ADAS_ONLY
honda.civic.gen10.us.hatch_ex_2017,honda_civic_hatchback_ex_2017_can_generated.dbc,vehicle_can,ACC_CONTROL_ON,0x1ef,CONTROL_ON,,7,1,motorola,False,1.0,0.0,,VEHICLE_PROTOCOL_DOCUMENTED,ADAS_ONLY
honda.civic.gen10.us.hatch_ex_2017,honda_civic_hatchback_ex_2017_can_generated.dbc,vehicle_can,ACC_CONTROL_ON,0x1ef,CHECKSUM,,59,4,motorola,False,1.0,0.0,,VEHICLE_PROTOCOL_DOCUMENTED,ADAS_ONLY
honda.civic.gen10.us.hatch_ex_2017,honda_civic_hatchback_ex_2017_can_generated.dbc,vehicle_can,ACC_CONTROL_ON,0x1ef,COUNTER,,61,2,motorola,False,1.0,0.0,,VEHICLE_PROTOCOL_DOCUMENTED,ADAS_ONLY
honda.civic.gen10.us.hatch_ex_2017,honda_civic_hatchback_ex_2017_can_generated.dbc,vehicle_can,LKAS_HUD,0x33d,CAM_TEMP_HIGH,,7,1,motorola,False,1.0,0.0,,VEHICLE_PROTOCOL_DOCUMENTED,ADAS_ONLY
honda.civic.gen10.us.hatch_ex_2017,honda_civic_hatchback_ex_2017_can_generated.dbc,vehicle_can,LKAS_HUD,0x33d,SET_ME_X41,,6,7,motorola,False,1.0,0.0,,VEHICLE_PROTOCOL_DOCUMENTED,ADAS_ONLY
honda.civic.gen10.us.hatch_ex_2017,honda_civic_hatchback_ex_2017_can_generated.dbc,vehicle_can,LKAS_HUD,0x33d,BOH,,6,7,motorola,False,1.0,0.0,,VEHICLE_PROTOCOL_DOCUMENTED,ADAS_ONLY
honda.civic.gen10.us.hatch_ex_2017,honda_civic_hatchback_ex_2017_can_generated.dbc,vehicle_can,LKAS_HUD,0x33d,DASHED_LANES,,14,1,motorola,False,1.0,0.0,,VEHICLE_PROTOCOL_DOCUMENTED,ADAS_ONLY
honda.civic.gen10.us.hatch_ex_2017,honda_civic_hatchback_ex_2017_can_generated.dbc,vehicle_can,LKAS_HUD,0x33d,DTC,,13,1,motorola,False,1.0,0.0,,VEHICLE_PROTOCOL_DOCUMENTED,ADAS_ONLY
honda.civic.gen10.us.hatch_ex_2017,honda_civic_hatchback_ex_2017_can_generated.dbc,vehicle_can,LKAS_HUD,0x33d,LKAS_PROBLEM,,12,1,motorola,False,1.0,0.0,,VEHICLE_PROTOCOL_DOCUMENTED,ADAS_ONLY
honda.civic.gen10.us.hatch_ex_2017,honda_civic_hatchback_ex_2017_can_generated.dbc,vehicle_can,LKAS_HUD,0x33d,LKAS_OFF,,11,1,motorola,False,1.0,0.0,,VEHICLE_PROTOCOL_DOCUMENTED,ADAS_ONLY
honda.civic.gen10.us.hatch_ex_2017,honda_civic_hatchback_ex_2017_can_generated.dbc,vehicle_can,LKAS_HUD,0x33d,SOLID_LANES,,10,1,motorola,False,1.0,0.0,,VEHICLE_PROTOCOL_DOCUMENTED,ADAS_ONLY
honda.civic.gen10.us.hatch_ex_2017,honda_civic_hatchback_ex_2017_can_generated.dbc,vehicle_can,LKAS_HUD,0x33d,LDW_RIGHT,,9,1,motorola,False,1.0,0.0,,VEHICLE_PROTOCOL_DOCUMENTED,ADAS_ONLY
honda.civic.gen10.us.hatch_ex_2017,honda_civic_hatchback_ex_2017_can_generated.dbc,vehicle_can,LKAS_HUD,0x33d,STEERING_REQUIRED,,8,1,motorola,False,1.0,0.0,,VEHICLE_PROTOCOL_DOCUMENTED,ADAS_ONLY
honda.civic.gen10.us.hatch_ex_2017,honda_civic_hatchback_ex_2017_can_generated.dbc,vehicle_can,LKAS_HUD,0x33d,BOH_2,,23,2,motorola,False,1.0,0.0,,VEHICLE_PROTOCOL_DOCUMENTED,ADAS_ONLY
honda.civic.gen10.us.hatch_ex_2017,honda_civic_hatchback_ex_2017_can_generated.dbc,vehicle_can,LKAS_HUD,0x33d,LDW_PROBLEM,,21,1,motorola,False,1.0,0.0,,VEHICLE_PROTOCOL_DOCUMENTED,ADAS_ONLY
honda.civic.gen10.us.hatch_ex_2017,honda_civic_hatchback_ex_2017_can_generated.dbc,vehicle_can,LKAS_HUD,0x33d,BEEP,,17,2,motorola,False,1.0,0.0,,VEHICLE_PROTOCOL_DOCUMENTED,ADAS_ONLY
honda.civic.gen10.us.hatch_ex_2017,honda_civic_hatchback_ex_2017_can_generated.dbc,vehicle_can,LKAS_HUD,0x33d,LDW_ON,,28,1,motorola,False,1.0,0.0,,VEHICLE_PROTOCOL_DOCUMENTED,ADAS_ONLY
honda.civic.gen10.us.hatch_ex_2017,honda_civic_hatchback_ex_2017_can_generated.dbc,vehicle_can,LKAS_HUD,0x33d,LDW_OFF,,27,1,motorola,False,1.0,0.0,,VEHICLE_PROTOCOL_DOCUMENTED,ADAS_ONLY
honda.civic.gen10.us.hatch_ex_2017,honda_civic_hatchback_ex_2017_can_generated.dbc,vehicle_can,LKAS_HUD,0x33d,CLEAN_WINDSHIELD,,26,1,motorola,False,1.0,0.0,,VEHICLE_PROTOCOL_DOCUMENTED,ADAS_ONLY
honda.civic.gen10.us.hatch_ex_2017,honda_civic_hatchback_ex_2017_can_generated.dbc,vehicle_can,LKAS_HUD,0x33d,SET_ME_X48,,31,8,motorola,False,1.0,0.0,,VEHICLE_PROTOCOL_DOCUMENTED,ADAS_ONLY
honda.civic.gen10.us.hatch_ex_2017,honda_civic_hatchback_ex_2017_can_generated.dbc,vehicle_can,LKAS_HUD,0x33d,COUNTER,,37,2,motorola,False,1.0,0.0,,VEHICLE_PROTOCOL_DOCUMENTED,ADAS_ONLY
honda.civic.gen10.us.hatch_ex_2017,honda_civic_hatchback_ex_2017_can_generated.dbc,vehicle_can,LKAS_HUD,0x33d,CHECKSUM,,35,4,motorola,False,1.0,0.0,,VEHICLE_PROTOCOL_DOCUMENTED,ADAS_ONLY
honda.civic.gen10.us.hatch_ex_2017,honda_civic_hatchback_ex_2017_can_generated.dbc,vehicle_can,STEERING_SENSORS,0x14a,STEER_ANGLE,chassis.steering_angle,7,16,motorola,True,-0.1,0.0,deg,VEHICLE_PROTOCOL_DOCUMENTED,UNKNOWN
honda.civic.gen10.us.hatch_ex_2017,honda_civic_hatchback_ex_2017_can_generated.dbc,vehicle_can,STEERING_SENSORS,0x14a,STEER_ANGLE_RATE,,23,16,motorola,True,-1.0,0.0,deg/s,VEHICLE_PROTOCOL_DOCUMENTED,UNKNOWN
honda.civic.gen10.us.hatch_ex_2017,honda_civic_hatchback_ex_2017_can_generated.dbc,vehicle_can,STEERING_SENSORS,0x14a,STEER_SENSOR_STATUS_1,,34,1,motorola,False,1.0,0.0,,VEHICLE_PROTOCOL_DOCUMENTED,UNKNOWN
honda.civic.gen10.us.hatch_ex_2017,honda_civic_hatchback_ex_2017_can_generated.dbc,vehicle_can,STEERING_SENSORS,0x14a,STEER_SENSOR_STATUS_2,,33,1,motorola,False,1.0,0.0,,VEHICLE_PROTOCOL_DOCUMENTED,UNKNOWN
honda.civic.gen10.us.hatch_ex_2017,honda_civic_hatchback_ex_2017_can_generated.dbc,vehicle_can,STEERING_SENSORS,0x14a,STEER_SENSOR_STATUS_3,,32,1,motorola,False,1.0,0.0,,VEHICLE_PROTOCOL_DOCUMENTED,UNKNOWN
honda.civic.gen10.us.hatch_ex_2017,honda_civic_hatchback_ex_2017_can_generated.dbc,vehicle_can,STEERING_SENSORS,0x14a,STEER_WHEEL_ANGLE,,47,16,motorola,True,-0.1,0.0,deg,VEHICLE_PROTOCOL_DOCUMENTED,UNKNOWN
honda.civic.gen10.us.hatch_ex_2017,honda_civic_hatchback_ex_2017_can_generated.dbc,vehicle_can,STEERING_SENSORS,0x14a,COUNTER,,61,2,motorola,False,1.0,0.0,,VEHICLE_PROTOCOL_DOCUMENTED,UNKNOWN
honda.civic.gen10.us.hatch_ex_2017,honda_civic_hatchback_ex_2017_can_generated.dbc,vehicle_can,STEERING_SENSORS,0x14a,CHECKSUM,,59,4,motorola,False,1.0,0.0,,VEHICLE_PROTOCOL_DOCUMENTED,UNKNOWN
honda.civic.gen10.us.hatch_ex_2017,honda_civic_hatchback_ex_2017_can_generated.dbc,vehicle_can,GEARBOX,0x191,GEAR_SHIFTER,transmission.gear,5,6,motorola,False,1.0,0.0,,CLUSTER_RELEVANT_SIGNAL_DOCUMENTED,DISPLAY_RELEVANT
honda.civic.gen10.us.hatch_ex_2017,honda_civic_hatchback_ex_2017_can_generated.dbc,vehicle_can,GEARBOX,0x191,BOH,,45,6,motorola,False,1.0,0.0,,VEHICLE_PROTOCOL_DOCUMENTED,DISPLAY_RELEVANT
honda.civic.gen10.us.hatch_ex_2017,honda_civic_hatchback_ex_2017_can_generated.dbc,vehicle_can,GEARBOX,0x191,GEAR2,,31,8,motorola,False,1.0,0.0,,VEHICLE_PROTOCOL_DOCUMENTED,DISPLAY_RELEVANT
honda.civic.gen10.us.hatch_ex_2017,honda_civic_hatchback_ex_2017_can_generated.dbc,vehicle_can,GEARBOX,0x191,GEAR,,39,8,motorola,False,1.0,0.0,,VEHICLE_PROTOCOL_DOCUMENTED,DISPLAY_RELEVANT
honda.civic.gen10.us.hatch_ex_2017,honda_civic_hatchback_ex_2017_can_generated.dbc,vehicle_can,GEARBOX,0x191,ZEROS_BOH,,47,2,motorola,False,1.0,0.0,,VEHICLE_PROTOCOL_DOCUMENTED,DISPLAY_RELEVANT
honda.civic.gen10.us.hatch_ex_2017,honda_civic_hatchback_ex_2017_can_generated.dbc,vehicle_can,GEARBOX,0x191,COUNTER,,61,2,motorola,False,1.0,0.0,,VEHICLE_PROTOCOL_DOCUMENTED,DISPLAY_RELEVANT
honda.civic.gen10.us.hatch_ex_2017,honda_civic_hatchback_ex_2017_can_generated.dbc,vehicle_can,GEARBOX,0x191,CHECKSUM,,59,4,motorola,False,1.0,0.0,,VEHICLE_PROTOCOL_DOCUMENTED,DISPLAY_RELEVANT
honda.civic.gen10.us.hatch_ex_2017,honda_civic_hatchback_ex_2017_can_generated.dbc,vehicle_can,STANDSTILL,0x1b0,WHEELS_MOVING,,12,1,motorola,False,1.0,0.0,,VEHICLE_PROTOCOL_DOCUMENTED,POWERTRAIN_ONLY
honda.civic.gen10.us.hatch_ex_2017,honda_civic_hatchback_ex_2017_can_generated.dbc,vehicle_can,STANDSTILL,0x1b0,BRAKE_ERROR_1,,11,1,motorola,False,1.0,0.0,,VEHICLE_PROTOCOL_DOCUMENTED,POWERTRAIN_ONLY
honda.civic.gen10.us.hatch_ex_2017,honda_civic_hatchback_ex_2017_can_generated.dbc,vehicle_can,STANDSTILL,0x1b0,BRAKE_ERROR_2,,9,1,motorola,False,1.0,0.0,,VEHICLE_PROTOCOL_DOCUMENTED,POWERTRAIN_ONLY
honda.civic.gen10.us.hatch_ex_2017,honda_civic_hatchback_ex_2017_can_generated.dbc,vehicle_can,STANDSTILL,0x1b0,COUNTER,,53,2,motorola,False,1.0,0.0,,VEHICLE_PROTOCOL_DOCUMENTED,POWERTRAIN_ONLY
honda.civic.gen10.us.hatch_ex_2017,honda_civic_hatchback_ex_2017_can_generated.dbc,vehicle_can,STANDSTILL,0x1b0,CHECKSUM,,51,4,motorola,False,1.0,0.0,,VEHICLE_PROTOCOL_DOCUMENTED,POWERTRAIN_ONLY
honda.civic.gen10.us.hatch_ex_2017,honda_civic_hatchback_ex_2017_can_generated.dbc,vehicle_can,LEGACY_BRAKE_COMMAND,0x1fa,CHIME,,40,8,intel,False,1.0,0.0,,VEHICLE_PROTOCOL_DOCUMENTED,ADAS_ONLY
honda.civic.gen10.us.hatch_ex_2017,honda_civic_hatchback_ex_2017_can_generated.dbc,vehicle_can,LEGACY_BRAKE_COMMAND,0x1fa,CHECKSUM,,59,4,motorola,False,1.0,0.0,,VEHICLE_PROTOCOL_DOCUMENTED,ADAS_ONLY
honda.civic.gen10.us.hatch_ex_2017,honda_civic_hatchback_ex_2017_can_generated.dbc,vehicle_can,LEGACY_BRAKE_COMMAND,0x1fa,COUNTER,,61,2,motorola,False,1.0,0.0,,VEHICLE_PROTOCOL_DOCUMENTED,ADAS_ONLY
honda.civic.gen10.us.hatch_ex_2017,honda_civic_hatchback_ex_2017_can_generated.dbc,vehicle_can,CRUISE_PARAMS,0x37c,CRUISE_SPEED_OFFSET,,31,8,motorola,True,0.1,0.0,kph,VEHICLE_PROTOCOL_DOCUMENTED,POWERTRAIN_ONLY
honda.civic.gen10.us.hatch_ex_2017,honda_civic_hatchback_ex_2017_can_generated.dbc,vehicle_can,CRUISE_PARAMS,0x37c,CHECKSUM,,59,4,motorola,False,1.0,0.0,,VEHICLE_PROTOCOL_DOCUMENTED,POWERTRAIN_ONLY
honda.civic.gen10.us.hatch_ex_2017,honda_civic_hatchback_ex_2017_can_generated.dbc,vehicle_can,CRUISE_PARAMS,0x37c,COUNTER,,61,2,motorola,False,1.0,0.0,,VEHICLE_PROTOCOL_DOCUMENTED,POWERTRAIN_ONLY
honda.civic.gen11.us.ex_2022,honda_civic_ex_2022_can_generated.dbc,vehicle_can,GAS_COMMAND,0x200,GAS_COMMAND,,7,16,motorola,False,0.253984064,-83.3,,VEHICLE_PROTOCOL_DOCUMENTED,ADAS_ONLY
honda.civic.gen11.us.ex_2022,honda_civic_ex_2022_can_generated.dbc,vehicle_can,GAS_COMMAND,0x200,GAS_COMMAND2,,23,16,motorola,False,0.126992032,-83.3,,VEHICLE_PROTOCOL_DOCUMENTED,ADAS_ONLY
honda.civic.gen11.us.ex_2022,honda_civic_ex_2022_can_generated.dbc,vehicle_can,GAS_COMMAND,0x200,ENABLE,,39,1,motorola,False,1.0,0.0,,VEHICLE_PROTOCOL_DOCUMENTED,ADAS_ONLY
honda.civic.gen11.us.ex_2022,honda_civic_ex_2022_can_generated.dbc,vehicle_can,GAS_COMMAND,0x200,COUNTER_PEDAL,,35,4,motorola,False,1.0,0.0,,VEHICLE_PROTOCOL_DOCUMENTED,ADAS_ONLY
honda.civic.gen11.us.ex_2022,honda_civic_ex_2022_can_generated.dbc,vehicle_can,GAS_COMMAND,0x200,CHECKSUM_PEDAL,,47,8,motorola,False,1.0,0.0,,VEHICLE_PROTOCOL_DOCUMENTED,ADAS_ONLY
honda.civic.gen11.us.ex_2022,honda_civic_ex_2022_can_generated.dbc,vehicle_can,GAS_SENSOR,0x201,INTERCEPTOR_GAS,,7,16,motorola,False,1.0,0.0,,VEHICLE_PROTOCOL_DOCUMENTED,UNKNOWN
honda.civic.gen11.us.ex_2022,honda_civic_ex_2022_can_generated.dbc,vehicle_can,GAS_SENSOR,0x201,INTERCEPTOR_GAS2,,23,16,motorola,False,1.0,0.0,,VEHICLE_PROTOCOL_DOCUMENTED,UNKNOWN
honda.civic.gen11.us.ex_2022,honda_civic_ex_2022_can_generated.dbc,vehicle_can,GAS_SENSOR,0x201,STATE,,39,4,motorola,False,1.0,0.0,,VEHICLE_PROTOCOL_DOCUMENTED,UNKNOWN
honda.civic.gen11.us.ex_2022,honda_civic_ex_2022_can_generated.dbc,vehicle_can,GAS_SENSOR,0x201,COUNTER_PEDAL,,35,4,motorola,False,1.0,0.0,,VEHICLE_PROTOCOL_DOCUMENTED,UNKNOWN
honda.civic.gen11.us.ex_2022,honda_civic_ex_2022_can_generated.dbc,vehicle_can,GAS_SENSOR,0x201,CHECKSUM_PEDAL,,47,8,motorola,False,1.0,0.0,,VEHICLE_PROTOCOL_DOCUMENTED,UNKNOWN
honda.civic.gen11.us.ex_2022,honda_civic_ex_2022_can_generated.dbc,vehicle_can,GAS_PEDAL_2,0x130,ENGINE_TORQUE_ESTIMATE,,7,16,motorola,True,1.0,0.0,Nm,VEHICLE_PROTOCOL_DOCUMENTED,POWERTRAIN_ONLY
honda.civic.gen11.us.ex_2022,honda_civic_ex_2022_can_generated.dbc,vehicle_can,GAS_PEDAL_2,0x130,ENGINE_TORQUE_REQUEST,,23,16,motorola,True,1.0,0.0,Nm,VEHICLE_PROTOCOL_DOCUMENTED,POWERTRAIN_ONLY
honda.civic.gen11.us.ex_2022,honda_civic_ex_2022_can_generated.dbc,vehicle_can,GAS_PEDAL_2,0x130,CAR_GAS,,39,8,motorola,False,1.0,0.0,,VEHICLE_PROTOCOL_DOCUMENTED,POWERTRAIN_ONLY
honda.civic.gen11.us.ex_2022,honda_civic_ex_2022_can_generated.dbc,vehicle_can,GAS_PEDAL_2,0x130,COUNTER,,61,2,motorola,False,1.0,0.0,,VEHICLE_PROTOCOL_DOCUMENTED,POWERTRAIN_ONLY
honda.civic.gen11.us.ex_2022,honda_civic_ex_2022_can_generated.dbc,vehicle_can,GAS_PEDAL_2,0x130,CHECKSUM,,59,4,motorola,False,1.0,0.0,,VEHICLE_PROTOCOL_DOCUMENTED,POWERTRAIN_ONLY
honda.civic.gen11.us.ex_2022,honda_civic_ex_2022_can_generated.dbc,vehicle_can,GAS_PEDAL,0x13c,CAR_GAS,,39,8,motorola,False,1.0,0.0,,VEHICLE_PROTOCOL_DOCUMENTED,POWERTRAIN_ONLY
honda.civic.gen11.us.ex_2022,honda_civic_ex_2022_can_generated.dbc,vehicle_can,GAS_PEDAL,0x13c,COUNTER,,61,2,motorola,False,1.0,0.0,,VEHICLE_PROTOCOL_DOCUMENTED,POWERTRAIN_ONLY
honda.civic.gen11.us.ex_2022,honda_civic_ex_2022_can_generated.dbc,vehicle_can,GAS_PEDAL,0x13c,CHECKSUM,,59,4,motorola,False,1.0,0.0,,VEHICLE_PROTOCOL_DOCUMENTED,POWERTRAIN_ONLY
honda.civic.gen11.us.ex_2022,honda_civic_ex_2022_can_generated.dbc,vehicle_can,ENGINE_DATA,0x158,XMISSION_SPEED,vehicle.speed,7,16,motorola,False,0.01,0.0,kph,CLUSTER_RELEVANT_SIGNAL_DOCUMENTED,DISPLAY_RELEVANT
honda.civic.gen11.us.ex_2022,honda_civic_ex_2022_can_generated.dbc,vehicle_can,ENGINE_DATA,0x158,ENGINE_RPM,powertrain.engine_rpm,23,16,motorola,False,1.0,0.0,rpm,CLUSTER_RELEVANT_SIGNAL_DOCUMENTED,DISPLAY_RELEVANT
honda.civic.gen11.us.ex_2022,honda_civic_ex_2022_can_generated.dbc,vehicle_can,ENGINE_DATA,0x158,XMISSION_SPEED2,,39,16,motorola,False,0.01,0.0,kph,VEHICLE_PROTOCOL_DOCUMENTED,DISPLAY_RELEVANT
honda.civic.gen11.us.ex_2022,honda_civic_ex_2022_can_generated.dbc,vehicle_can,ENGINE_DATA,0x158,ODOMETER,vehicle.odometer,55,8,motorola,False,10.0,0.0,m,CLUSTER_RELEVANT_SIGNAL_DOCUMENTED,DISPLAY_RELEVANT
honda.civic.gen11.us.ex_2022,honda_civic_ex_2022_can_generated.dbc,vehicle_can,ENGINE_DATA,0x158,COUNTER,,61,2,motorola,False,1.0,0.0,,VEHICLE_PROTOCOL_DOCUMENTED,DISPLAY_RELEVANT
honda.civic.gen11.us.ex_2022,honda_civic_ex_2022_can_generated.dbc,vehicle_can,ENGINE_DATA,0x158,CHECKSUM,,59,4,motorola,False,1.0,0.0,,VEHICLE_PROTOCOL_DOCUMENTED,DISPLAY_RELEVANT
honda.civic.gen11.us.ex_2022,honda_civic_ex_2022_can_generated.dbc,vehicle_can,POWERTRAIN_DATA,0x17c,PEDAL_GAS,powertrain.throttle_position,7,8,motorola,False,1.0,0.0,,VEHICLE_PROTOCOL_DOCUMENTED,DISPLAY_RELEVANT
honda.civic.gen11.us.ex_2022,honda_civic_ex_2022_can_generated.dbc,vehicle_can,POWERTRAIN_DATA,0x17c,ENGINE_RPM,powertrain.engine_rpm,23,16,motorola,False,1.0,0.0,rpm,CLUSTER_RELEVANT_SIGNAL_DOCUMENTED,DISPLAY_RELEVANT
honda.civic.gen11.us.ex_2022,honda_civic_ex_2022_can_generated.dbc,vehicle_can,POWERTRAIN_DATA,0x17c,GAS_PRESSED,,39,1,motorola,False,1.0,0.0,,VEHICLE_PROTOCOL_DOCUMENTED,DISPLAY_RELEVANT
honda.civic.gen11.us.ex_2022,honda_civic_ex_2022_can_generated.dbc,vehicle_can,POWERTRAIN_DATA,0x17c,ACC_STATUS,adas.acc_state,38,1,motorola,False,1.0,0.0,,VEHICLE_PROTOCOL_DOCUMENTED,DISPLAY_RELEVANT
honda.civic.gen11.us.ex_2022,honda_civic_ex_2022_can_generated.dbc,vehicle_can,POWERTRAIN_DATA,0x17c,BOH_17C,,37,5,motorola,False,1.0,0.0,,VEHICLE_PROTOCOL_DOCUMENTED,DISPLAY_RELEVANT
honda.civic.gen11.us.ex_2022,honda_civic_ex_2022_can_generated.dbc,vehicle_can,POWERTRAIN_DATA,0x17c,BRAKE_SWITCH,,32,1,motorola,False,1.0,0.0,,VEHICLE_PROTOCOL_DOCUMENTED,DISPLAY_RELEVANT
honda.civic.gen11.us.ex_2022,honda_civic_ex_2022_can_generated.dbc,vehicle_can,POWERTRAIN_DATA,0x17c,BOH2_17C,,47,10,motorola,False,1.0,0.0,,VEHICLE_PROTOCOL_DOCUMENTED,DISPLAY_RELEVANT
honda.civic.gen11.us.ex_2022,honda_civic_ex_2022_can_generated.dbc,vehicle_can,POWERTRAIN_DATA,0x17c,BRAKE_PRESSED,brakes.service_brake,53,1,motorola,False,1.0,0.0,,VEHICLE_PROTOCOL_DOCUMENTED,DISPLAY_RELEVANT
honda.civic.gen11.us.ex_2022,honda_civic_ex_2022_can_generated.dbc,vehicle_can,POWERTRAIN_DATA,0x17c,BOH3_17C,,52,5,motorola,False,1.0,0.0,,VEHICLE_PROTOCOL_DOCUMENTED,DISPLAY_RELEVANT
honda.civic.gen11.us.ex_2022,honda_civic_ex_2022_can_generated.dbc,vehicle_can,POWERTRAIN_DATA,0x17c,COUNTER,,61,2,motorola,False,1.0,0.0,,VEHICLE_PROTOCOL_DOCUMENTED,DISPLAY_RELEVANT
honda.civic.gen11.us.ex_2022,honda_civic_ex_2022_can_generated.dbc,vehicle_can,POWERTRAIN_DATA,0x17c,CHECKSUM,,59,4,motorola,False,1.0,0.0,,VEHICLE_PROTOCOL_DOCUMENTED,DISPLAY_RELEVANT
honda.civic.gen11.us.ex_2022,honda_civic_ex_2022_can_generated.dbc,vehicle_can,VSA_STATUS,0x1a4,USER_BRAKE,,7,16,motorola,False,0.015625,-1.609375,,VEHICLE_PROTOCOL_DOCUMENTED,DISPLAY_RELEVANT
honda.civic.gen11.us.ex_2022,honda_civic_ex_2022_can_generated.dbc,vehicle_can,VSA_STATUS,0x1a4,COMPUTER_BRAKING,,23,1,motorola,False,1.0,0.0,,VEHICLE_PROTOCOL_DOCUMENTED,DISPLAY_RELEVANT
honda.civic.gen11.us.ex_2022,honda_civic_ex_2022_can_generated.dbc,vehicle_can,VSA_STATUS,0x1a4,ESP_DISABLED,stability.vsa_warning,28,1,motorola,False,1.0,0.0,,CLUSTER_RELEVANT_SIGNAL_DOCUMENTED,DISPLAY_RELEVANT
honda.civic.gen11.us.ex_2022,honda_civic_ex_2022_can_generated.dbc,vehicle_can,VSA_STATUS,0x1a4,BRAKE_HOLD_RELATED,,52,1,motorola,False,1.0,0.0,,VEHICLE_PROTOCOL_DOCUMENTED,DISPLAY_RELEVANT
honda.civic.gen11.us.ex_2022,honda_civic_ex_2022_can_generated.dbc,vehicle_can,VSA_STATUS,0x1a4,BRAKE_HOLD_ACTIVE,,46,1,motorola,False,1.0,0.0,,VEHICLE_PROTOCOL_DOCUMENTED,DISPLAY_RELEVANT
honda.civic.gen11.us.ex_2022,honda_civic_ex_2022_can_generated.dbc,vehicle_can,VSA_STATUS,0x1a4,BRAKE_HOLD_ENABLED,,45,1,motorola,False,1.0,0.0,,VEHICLE_PROTOCOL_DOCUMENTED,DISPLAY_RELEVANT
honda.civic.gen11.us.ex_2022,honda_civic_ex_2022_can_generated.dbc,vehicle_can,VSA_STATUS,0x1a4,COUNTER,,61,2,motorola,False,1.0,0.0,,VEHICLE_PROTOCOL_DOCUMENTED,DISPLAY_RELEVANT
honda.civic.gen11.us.ex_2022,honda_civic_ex_2022_can_generated.dbc,vehicle_can,VSA_STATUS,0x1a4,CHECKSUM,,59,4,motorola,False,1.0,0.0,,VEHICLE_PROTOCOL_DOCUMENTED,DISPLAY_RELEVANT
honda.civic.gen11.us.ex_2022,honda_civic_ex_2022_can_generated.dbc,vehicle_can,STEER_MOTOR_TORQUE,0x1ab,CONFIG_VALID,,7,1,motorola,False,1.0,0.0,,VEHICLE_PROTOCOL_DOCUMENTED,UNKNOWN
honda.civic.gen11.us.ex_2022,honda_civic_ex_2022_can_generated.dbc,vehicle_can,STEER_MOTOR_TORQUE,0x1ab,MOTOR_TORQUE,,1,10,motorola,False,1.0,0.0,,VEHICLE_PROTOCOL_DOCUMENTED,UNKNOWN
honda.civic.gen11.us.ex_2022,honda_civic_ex_2022_can_generated.dbc,vehicle_can,STEER_MOTOR_TORQUE,0x1ab,OUTPUT_DISABLED,,22,1,motorola,False,1.0,0.0,,VEHICLE_PROTOCOL_DOCUMENTED,UNKNOWN
honda.civic.gen11.us.ex_2022,honda_civic_ex_2022_can_generated.dbc,vehicle_can,STEER_MOTOR_TORQUE,0x1ab,COUNTER,,21,2,motorola,False,1.0,0.0,,VEHICLE_PROTOCOL_DOCUMENTED,UNKNOWN
honda.civic.gen11.us.ex_2022,honda_civic_ex_2022_can_generated.dbc,vehicle_can,STEER_MOTOR_TORQUE,0x1ab,CHECKSUM,,19,4,motorola,False,1.0,0.0,,VEHICLE_PROTOCOL_DOCUMENTED,UNKNOWN
honda.civic.gen11.us.ex_2022,honda_civic_ex_2022_can_generated.dbc,vehicle_can,WHEEL_SPEEDS,0x1d0,WHEEL_SPEED_FL,,7,15,motorola,False,0.01,0.0,kph,VEHICLE_PROTOCOL_DOCUMENTED,POWERTRAIN_ONLY
honda.civic.gen11.us.ex_2022,honda_civic_ex_2022_can_generated.dbc,vehicle_can,WHEEL_SPEEDS,0x1d0,WHEEL_SPEED_FR,,8,15,motorola,False,0.01,0.0,kph,VEHICLE_PROTOCOL_DOCUMENTED,POWERTRAIN_ONLY
honda.civic.gen11.us.ex_2022,honda_civic_ex_2022_can_generated.dbc,vehicle_can,WHEEL_SPEEDS,0x1d0,WHEEL_SPEED_RL,,25,15,motorola,False,0.01,0.0,kph,VEHICLE_PROTOCOL_DOCUMENTED,POWERTRAIN_ONLY
honda.civic.gen11.us.ex_2022,honda_civic_ex_2022_can_generated.dbc,vehicle_can,WHEEL_SPEEDS,0x1d0,WHEEL_SPEED_RR,,42,15,motorola,False,0.01,0.0,kph,VEHICLE_PROTOCOL_DOCUMENTED,POWERTRAIN_ONLY
honda.civic.gen11.us.ex_2022,honda_civic_ex_2022_can_generated.dbc,vehicle_can,WHEEL_SPEEDS,0x1d0,CHECKSUM,,59,4,motorola,False,1.0,0.0,,VEHICLE_PROTOCOL_DOCUMENTED,POWERTRAIN_ONLY
honda.civic.gen11.us.ex_2022,honda_civic_ex_2022_can_generated.dbc,vehicle_can,VEHICLE_DYNAMICS,0x1ea,LAT_ACCEL,,7,16,motorola,True,0.0015,0.0,m/s2,VEHICLE_PROTOCOL_DOCUMENTED,UNKNOWN
honda.civic.gen11.us.ex_2022,honda_civic_ex_2022_can_generated.dbc,vehicle_can,VEHICLE_DYNAMICS,0x1ea,LONG_ACCEL,,23,16,motorola,True,0.0015,0.0,m/s2,VEHICLE_PROTOCOL_DOCUMENTED,UNKNOWN
honda.civic.gen11.us.ex_2022,honda_civic_ex_2022_can_generated.dbc,vehicle_can,VEHICLE_DYNAMICS,0x1ea,COUNTER,,61,2,motorola,False,1.0,0.0,,VEHICLE_PROTOCOL_DOCUMENTED,UNKNOWN
honda.civic.gen11.us.ex_2022,honda_civic_ex_2022_can_generated.dbc,vehicle_can,VEHICLE_DYNAMICS,0x1ea,CHECKSUM,,59,4,motorola,False,1.0,0.0,,VEHICLE_PROTOCOL_DOCUMENTED,UNKNOWN
honda.civic.gen11.us.ex_2022,honda_civic_ex_2022_can_generated.dbc,vehicle_can,SEATBELT_STATUS,0x305,SEATBELT_DRIVER_LAMP,,7,1,motorola,False,1.0,0.0,,VEHICLE_PROTOCOL_DOCUMENTED,DISPLAY_RELEVANT
honda.civic.gen11.us.ex_2022,honda_civic_ex_2022_can_generated.dbc,vehicle_can,SEATBELT_STATUS,0x305,SEATBELT_PASS_UNLATCHED,,10,1,motorola,False,1.0,0.0,,VEHICLE_PROTOCOL_DOCUMENTED,DISPLAY_RELEVANT
honda.civic.gen11.us.ex_2022,honda_civic_ex_2022_can_generated.dbc,vehicle_can,SEATBELT_STATUS,0x305,SEATBELT_PASS_LATCHED,safety.seatbelt_passenger,11,1,motorola,False,1.0,0.0,,VEHICLE_PROTOCOL_DOCUMENTED,DISPLAY_RELEVANT
honda.civic.gen11.us.ex_2022,honda_civic_ex_2022_can_generated.dbc,vehicle_can,SEATBELT_STATUS,0x305,SEATBELT_DRIVER_UNLATCHED,,12,1,motorola,False,1.0,0.0,,VEHICLE_PROTOCOL_DOCUMENTED,DISPLAY_RELEVANT
honda.civic.gen11.us.ex_2022,honda_civic_ex_2022_can_generated.dbc,vehicle_can,SEATBELT_STATUS,0x305,SEATBELT_DRIVER_LATCHED,safety.seatbelt_driver,13,1,motorola,False,1.0,0.0,,CLUSTER_RELEVANT_SIGNAL_DOCUMENTED,DISPLAY_RELEVANT
honda.civic.gen11.us.ex_2022,honda_civic_ex_2022_can_generated.dbc,vehicle_can,SEATBELT_STATUS,0x305,PASS_AIRBAG_OFF,,14,1,motorola,False,1.0,0.0,,VEHICLE_PROTOCOL_DOCUMENTED,DISPLAY_RELEVANT
honda.civic.gen11.us.ex_2022,honda_civic_ex_2022_can_generated.dbc,vehicle_can,SEATBELT_STATUS,0x305,PASS_AIRBAG_ON,,15,1,motorola,False,1.0,0.0,,VEHICLE_PROTOCOL_DOCUMENTED,DISPLAY_RELEVANT
honda.civic.gen11.us.ex_2022,honda_civic_ex_2022_can_generated.dbc,vehicle_can,SEATBELT_STATUS,0x305,COUNTER,,53,2,motorola,False,1.0,0.0,,VEHICLE_PROTOCOL_DOCUMENTED,DISPLAY_RELEVANT
honda.civic.gen11.us.ex_2022,honda_civic_ex_2022_can_generated.dbc,vehicle_can,SEATBELT_STATUS,0x305,CHECKSUM,,51,4,motorola,False,1.0,0.0,,VEHICLE_PROTOCOL_DOCUMENTED,DISPLAY_RELEVANT
honda.civic.gen11.us.ex_2022,honda_civic_ex_2022_can_generated.dbc,vehicle_can,CAR_SPEED,0x309,ROUGH_CAR_SPEED,,23,8,motorola,False,1.0,0.0,mph,VEHICLE_PROTOCOL_DOCUMENTED,DISPLAY_RELEVANT
honda.civic.gen11.us.ex_2022,honda_civic_ex_2022_can_generated.dbc,vehicle_can,CAR_SPEED,0x309,CAR_SPEED,vehicle.speed,7,16,motorola,False,0.01,0.0,kph,CLUSTER_RELEVANT_SIGNAL_DOCUMENTED,DISPLAY_RELEVANT
honda.civic.gen11.us.ex_2022,honda_civic_ex_2022_can_generated.dbc,vehicle_can,CAR_SPEED,0x309,ROUGH_CAR_SPEED_3,,39,16,motorola,False,0.01,0.0,kph,VEHICLE_PROTOCOL_DOCUMENTED,DISPLAY_RELEVANT
honda.civic.gen11.us.ex_2022,honda_civic_ex_2022_can_generated.dbc,vehicle_can,CAR_SPEED,0x309,ROUGH_CAR_SPEED_2,,31,8,motorola,False,1.0,0.0,mph,VEHICLE_PROTOCOL_DOCUMENTED,DISPLAY_RELEVANT
honda.civic.gen11.us.ex_2022,honda_civic_ex_2022_can_generated.dbc,vehicle_can,CAR_SPEED,0x309,LOCK_STATUS,,55,2,motorola,False,1.0,0.0,,VEHICLE_PROTOCOL_DOCUMENTED,DISPLAY_RELEVANT
honda.civic.gen11.us.ex_2022,honda_civic_ex_2022_can_generated.dbc,vehicle_can,CAR_SPEED,0x309,COUNTER,,61,2,motorola,False,1.0,0.0,,VEHICLE_PROTOCOL_DOCUMENTED,DISPLAY_RELEVANT
honda.civic.gen11.us.ex_2022,honda_civic_ex_2022_can_generated.dbc,vehicle_can,CAR_SPEED,0x309,CHECKSUM,,59,4,motorola,False,1.0,0.0,,VEHICLE_PROTOCOL_DOCUMENTED,DISPLAY_RELEVANT
honda.civic.gen11.us.ex_2022,honda_civic_ex_2022_can_generated.dbc,vehicle_can,CAR_SPEED,0x309,IMPERIAL_UNIT,,63,1,motorola,False,1.0,0.0,,VEHICLE_PROTOCOL_DOCUMENTED,DISPLAY_RELEVANT
honda.civic.gen11.us.ex_2022,honda_civic_ex_2022_can_generated.dbc,vehicle_can,ACC_HUD,0x30c,PCM_SPEED,,7,16,motorola,False,0.01,0.0,kph,VEHICLE_PROTOCOL_DOCUMENTED,ADAS_ONLY
honda.civic.gen11.us.ex_2022,honda_civic_ex_2022_can_generated.dbc,vehicle_can,ACC_HUD,0x30c,PCM_GAS,,23,8,motorola,False,1.0,0.0,,VEHICLE_PROTOCOL_DOCUMENTED,ADAS_ONLY
honda.civic.gen11.us.ex_2022,honda_civic_ex_2022_can_generated.dbc,vehicle_can,ACC_HUD,0x30c,CRUISE_SPEED,,31,8,motorola,False,1.0,0.0,kph,VEHICLE_PROTOCOL_DOCUMENTED,ADAS_ONLY
honda.civic.gen11.us.ex_2022,honda_civic_ex_2022_can_generated.dbc,vehicle_can,ACC_HUD,0x30c,DTC_MODE,,39,1,motorola,False,1.0,0.0,,VEHICLE_PROTOCOL_DOCUMENTED,ADAS_ONLY
honda.civic.gen11.us.ex_2022,honda_civic_ex_2022_can_generated.dbc,vehicle_can,ACC_HUD,0x30c,BOH,,38,1,motorola,False,1.0,0.0,,VEHICLE_PROTOCOL_DOCUMENTED,ADAS_ONLY
honda.civic.gen11.us.ex_2022,honda_civic_ex_2022_can_generated.dbc,vehicle_can,ACC_HUD,0x30c,ACC_PROBLEM,,37,1,motorola,False,1.0,0.0,,VEHICLE_PROTOCOL_DOCUMENTED,ADAS_ONLY
honda.civic.gen11.us.ex_2022,honda_civic_ex_2022_can_generated.dbc,vehicle_can,ACC_HUD,0x30c,FCM_OFF,,35,1,motorola,False,1.0,0.0,,VEHICLE_PROTOCOL_DOCUMENTED,ADAS_ONLY
honda.civic.gen11.us.ex_2022,honda_civic_ex_2022_can_generated.dbc,vehicle_can,ACC_HUD,0x30c,FCM_OFF_2,,36,1,motorola,False,1.0,0.0,,VEHICLE_PROTOCOL_DOCUMENTED,ADAS_ONLY
honda.civic.gen11.us.ex_2022,honda_civic_ex_2022_can_generated.dbc,vehicle_can,ACC_HUD,0x30c,FCM_PROBLEM,,34,1,motorola,False,1.0,0.0,,VEHICLE_PROTOCOL_DOCUMENTED,ADAS_ONLY
honda.civic.gen11.us.ex_2022,honda_civic_ex_2022_can_generated.dbc,vehicle_can,ACC_HUD,0x30c,RADAR_OBSTRUCTED,,33,1,motorola,False,1.0,0.0,,VEHICLE_PROTOCOL_DOCUMENTED,ADAS_ONLY
honda.civic.gen11.us.ex_2022,honda_civic_ex_2022_can_generated.dbc,vehicle_can,ACC_HUD,0x30c,ENABLE_MINI_CAR,,32,1,motorola,False,1.0,0.0,,VEHICLE_PROTOCOL_DOCUMENTED,ADAS_ONLY
honda.civic.gen11.us.ex_2022,honda_civic_ex_2022_can_generated.dbc,vehicle_can,ACC_HUD,0x30c,HUD_DISTANCE,,47,2,motorola,False,1.0,0.0,,VEHICLE_PROTOCOL_DOCUMENTED,ADAS_ONLY
honda.civic.gen11.us.ex_2022,honda_civic_ex_2022_can_generated.dbc,vehicle_can,ACC_HUD,0x30c,HUD_LEAD,,45,2,motorola,False,1.0,0.0,,VEHICLE_PROTOCOL_DOCUMENTED,ADAS_ONLY
honda.civic.gen11.us.ex_2022,honda_civic_ex_2022_can_generated.dbc,vehicle_can,ACC_HUD,0x30c,BOH_3,,43,1,motorola,False,1.0,0.0,,VEHICLE_PROTOCOL_DOCUMENTED,ADAS_ONLY
honda.civic.gen11.us.ex_2022,honda_civic_ex_2022_can_generated.dbc,vehicle_can,ACC_HUD,0x30c,BOH_4,,42,1,motorola,False,1.0,0.0,,VEHICLE_PROTOCOL_DOCUMENTED,ADAS_ONLY
honda.civic.gen11.us.ex_2022,honda_civic_ex_2022_can_generated.dbc,vehicle_can,ACC_HUD,0x30c,BOH_5,,41,1,motorola,False,1.0,0.0,,VEHICLE_PROTOCOL_DOCUMENTED,ADAS_ONLY
honda.civic.gen11.us.ex_2022,honda_civic_ex_2022_can_generated.dbc,vehicle_can,ACC_HUD,0x30c,CRUISE_CONTROL_LABEL,,40,1,motorola,False,1.0,0.0,,VEHICLE_PROTOCOL_DOCUMENTED,ADAS_ONLY
honda.civic.gen11.us.ex_2022,honda_civic_ex_2022_can_generated.dbc,vehicle_can,ACC_HUD,0x30c,SET_ME_X01_2,,55,1,motorola,False,1.0,0.0,,VEHICLE_PROTOCOL_DOCUMENTED,ADAS_ONLY
honda.civic.gen11.us.ex_2022,honda_civic_ex_2022_can_generated.dbc,vehicle_can,ACC_HUD,0x30c,IMPERIAL_UNIT,,54,1,motorola,False,1.0,0.0,,VEHICLE_PROTOCOL_DOCUMENTED,ADAS_ONLY
honda.civic.gen11.us.ex_2022,honda_civic_ex_2022_can_generated.dbc,vehicle_can,ACC_HUD,0x30c,ACC_ON,,52,1,motorola,False,1.0,0.0,,VEHICLE_PROTOCOL_DOCUMENTED,ADAS_ONLY
honda.civic.gen11.us.ex_2022,honda_civic_ex_2022_can_generated.dbc,vehicle_can,ACC_HUD,0x30c,CHIME,,51,3,motorola,False,1.0,0.0,,VEHICLE_PROTOCOL_DOCUMENTED,ADAS_ONLY
honda.civic.gen11.us.ex_2022,honda_civic_ex_2022_can_generated.dbc,vehicle_can,ACC_HUD,0x30c,SET_ME_X01,,48,1,motorola,False,1.0,0.0,,VEHICLE_PROTOCOL_DOCUMENTED,ADAS_ONLY
honda.civic.gen11.us.ex_2022,honda_civic_ex_2022_can_generated.dbc,vehicle_can,ACC_HUD,0x30c,ICONS,,63,2,motorola,False,1.0,0.0,,VEHICLE_PROTOCOL_DOCUMENTED,ADAS_ONLY
honda.civic.gen11.us.ex_2022,honda_civic_ex_2022_can_generated.dbc,vehicle_can,ACC_HUD,0x30c,COUNTER,,61,2,motorola,False,1.0,0.0,,VEHICLE_PROTOCOL_DOCUMENTED,ADAS_ONLY
honda.civic.gen11.us.ex_2022,honda_civic_ex_2022_can_generated.dbc,vehicle_can,ACC_HUD,0x30c,CHECKSUM,,59,4,motorola,False,1.0,0.0,,VEHICLE_PROTOCOL_DOCUMENTED,ADAS_ONLY
honda.civic.gen11.us.ex_2022,honda_civic_ex_2022_can_generated.dbc,vehicle_can,CRUISE,0x324,HUD_SPEED_KPH,,7,8,motorola,False,1.0,0.0,kph,VEHICLE_PROTOCOL_DOCUMENTED,POWERTRAIN_ONLY
honda.civic.gen11.us.ex_2022,honda_civic_ex_2022_can_generated.dbc,vehicle_can,CRUISE,0x324,HUD_SPEED_MPH,,15,8,motorola,False,1.0,0.0,mph,VEHICLE_PROTOCOL_DOCUMENTED,POWERTRAIN_ONLY
honda.civic.gen11.us.ex_2022,honda_civic_ex_2022_can_generated.dbc,vehicle_can,CRUISE,0x324,TRIP_FUEL_CONSUMED,,23,16,motorola,False,1.0,0.0,,VEHICLE_PROTOCOL_DOCUMENTED,POWERTRAIN_ONLY
honda.civic.gen11.us.ex_2022,honda_civic_ex_2022_can_generated.dbc,vehicle_can,CRUISE,0x324,CRUISE_SPEED_PCM,,39,8,motorola,False,1.0,0.0,,VEHICLE_PROTOCOL_DOCUMENTED,POWERTRAIN_ONLY
honda.civic.gen11.us.ex_2022,honda_civic_ex_2022_can_generated.dbc,vehicle_can,CRUISE,0x324,BOH2,,47,8,motorola,True,1.0,0.0,,VEHICLE_PROTOCOL_DOCUMENTED,POWERTRAIN_ONLY
honda.civic.gen11.us.ex_2022,honda_civic_ex_2022_can_generated.dbc,vehicle_can,CRUISE,0x324,BOH3,,55,8,motorola,False,1.0,0.0,,VEHICLE_PROTOCOL_DOCUMENTED,POWERTRAIN_ONLY
honda.civic.gen11.us.ex_2022,honda_civic_ex_2022_can_generated.dbc,vehicle_can,CRUISE,0x324,COUNTER,,61,2,motorola,False,1.0,0.0,,VEHICLE_PROTOCOL_DOCUMENTED,POWERTRAIN_ONLY
honda.civic.gen11.us.ex_2022,honda_civic_ex_2022_can_generated.dbc,vehicle_can,CRUISE,0x324,CHECKSUM,,59,4,motorola,False,1.0,0.0,,VEHICLE_PROTOCOL_DOCUMENTED,POWERTRAIN_ONLY
honda.civic.gen11.us.ex_2022,honda_civic_ex_2022_can_generated.dbc,vehicle_can,STALK_STATUS,0x374,DASHBOARD_ALERT,,39,8,motorola,False,1.0,0.0,,VEHICLE_PROTOCOL_DOCUMENTED,BODY_RELEVANT
honda.civic.gen11.us.ex_2022,honda_civic_ex_2022_can_generated.dbc,vehicle_can,STALK_STATUS,0x374,AUTO_HEADLIGHTS,,46,1,motorola,False,1.0,0.0,,VEHICLE_PROTOCOL_DOCUMENTED,BODY_RELEVANT
honda.civic.gen11.us.ex_2022,honda_civic_ex_2022_can_generated.dbc,vehicle_can,STALK_STATUS,0x374,HIGH_BEAM_HOLD,,47,1,motorola,False,1.0,0.0,,VEHICLE_PROTOCOL_DOCUMENTED,BODY_RELEVANT
honda.civic.gen11.us.ex_2022,honda_civic_ex_2022_can_generated.dbc,vehicle_can,STALK_STATUS,0x374,HIGH_BEAM_FLASH,,45,1,motorola,False,1.0,0.0,,VEHICLE_PROTOCOL_DOCUMENTED,BODY_RELEVANT
honda.civic.gen11.us.ex_2022,honda_civic_ex_2022_can_generated.dbc,vehicle_can,STALK_STATUS,0x374,HEADLIGHTS_ON,lighting.headlights_on,54,1,motorola,False,1.0,0.0,,VEHICLE_PROTOCOL_DOCUMENTED,BODY_RELEVANT
honda.civic.gen11.us.ex_2022,honda_civic_ex_2022_can_generated.dbc,vehicle_can,STALK_STATUS,0x374,WIPER_SWITCH,,53,2,motorola,False,1.0,0.0,,VEHICLE_PROTOCOL_DOCUMENTED,BODY_RELEVANT
honda.civic.gen11.us.ex_2022,honda_civic_ex_2022_can_generated.dbc,vehicle_can,STALK_STATUS,0x374,COUNTER,,61,2,motorola,False,1.0,0.0,,VEHICLE_PROTOCOL_DOCUMENTED,BODY_RELEVANT
honda.civic.gen11.us.ex_2022,honda_civic_ex_2022_can_generated.dbc,vehicle_can,STALK_STATUS,0x374,CHECKSUM,,59,4,motorola,False,1.0,0.0,,VEHICLE_PROTOCOL_DOCUMENTED,BODY_RELEVANT
honda.civic.gen11.us.ex_2022,honda_civic_ex_2022_can_generated.dbc,vehicle_can,STALK_STATUS_2,0x37b,WIPERS,,17,2,motorola,False,1.0,0.0,,VEHICLE_PROTOCOL_DOCUMENTED,DISPLAY_RELEVANT
honda.civic.gen11.us.ex_2022,honda_civic_ex_2022_can_generated.dbc,vehicle_can,STALK_STATUS_2,0x37b,LOW_BEAMS,lighting.low_beam,35,1,motorola,False,1.0,0.0,,CLUSTER_RELEVANT_SIGNAL_DOCUMENTED,DISPLAY_RELEVANT
honda.civic.gen11.us.ex_2022,honda_civic_ex_2022_can_generated.dbc,vehicle_can,STALK_STATUS_2,0x37b,HIGH_BEAMS,lighting.high_beam,34,1,motorola,False,1.0,0.0,,CLUSTER_RELEVANT_SIGNAL_DOCUMENTED,DISPLAY_RELEVANT
honda.civic.gen11.us.ex_2022,honda_civic_ex_2022_can_generated.dbc,vehicle_can,STALK_STATUS_2,0x37b,PARK_LIGHTS,,36,1,motorola,False,1.0,0.0,,VEHICLE_PROTOCOL_DOCUMENTED,DISPLAY_RELEVANT
honda.civic.gen11.us.ex_2022,honda_civic_ex_2022_can_generated.dbc,vehicle_can,STALK_STATUS_2,0x37b,COUNTER,,61,2,motorola,False,1.0,0.0,,VEHICLE_PROTOCOL_DOCUMENTED,DISPLAY_RELEVANT
honda.civic.gen11.us.ex_2022,honda_civic_ex_2022_can_generated.dbc,vehicle_can,STALK_STATUS_2,0x37b,CHECKSUM,,59,4,motorola,False,1.0,0.0,,VEHICLE_PROTOCOL_DOCUMENTED,DISPLAY_RELEVANT
honda.civic.gen11.us.ex_2022,honda_civic_ex_2022_can_generated.dbc,vehicle_can,DOORS_STATUS,0x405,DOOR_OPEN_FL,body.driver_door,37,1,motorola,False,1.0,0.0,,CLUSTER_RELEVANT_SIGNAL_DOCUMENTED,DISPLAY_RELEVANT
honda.civic.gen11.us.ex_2022,honda_civic_ex_2022_can_generated.dbc,vehicle_can,DOORS_STATUS,0x405,DOOR_OPEN_FR,body.passenger_door,38,1,motorola,False,1.0,0.0,,CLUSTER_RELEVANT_SIGNAL_DOCUMENTED,DISPLAY_RELEVANT
honda.civic.gen11.us.ex_2022,honda_civic_ex_2022_can_generated.dbc,vehicle_can,DOORS_STATUS,0x405,DOOR_OPEN_RL,body.rear_left_door,39,1,motorola,False,1.0,0.0,,VEHICLE_PROTOCOL_DOCUMENTED,DISPLAY_RELEVANT
honda.civic.gen11.us.ex_2022,honda_civic_ex_2022_can_generated.dbc,vehicle_can,DOORS_STATUS,0x405,DOOR_OPEN_RR,body.rear_right_door,40,1,motorola,False,1.0,0.0,,VEHICLE_PROTOCOL_DOCUMENTED,DISPLAY_RELEVANT
honda.civic.gen11.us.ex_2022,honda_civic_ex_2022_can_generated.dbc,vehicle_can,DOORS_STATUS,0x405,TRUNK_OPEN,body.trunk,41,1,motorola,False,1.0,0.0,,CLUSTER_RELEVANT_SIGNAL_DOCUMENTED,DISPLAY_RELEVANT
honda.civic.gen11.us.ex_2022,honda_civic_ex_2022_can_generated.dbc,vehicle_can,DOORS_STATUS,0x405,COUNTER,,61,2,motorola,False,1.0,0.0,,VEHICLE_PROTOCOL_DOCUMENTED,DISPLAY_RELEVANT
honda.civic.gen11.us.ex_2022,honda_civic_ex_2022_can_generated.dbc,vehicle_can,DOORS_STATUS,0x405,CHECKSUM,,59,4,motorola,False,1.0,0.0,,VEHICLE_PROTOCOL_DOCUMENTED,DISPLAY_RELEVANT
honda.civic.gen11.us.ex_2022,honda_civic_ex_2022_can_generated.dbc,vehicle_can,KINEMATICS,0x94,LAT_ACCEL,,7,10,motorola,False,-0.035,17.92,m/s2,VEHICLE_PROTOCOL_DOCUMENTED,UNKNOWN
honda.civic.gen11.us.ex_2022,honda_civic_ex_2022_can_generated.dbc,vehicle_can,KINEMATICS,0x94,LONG_ACCEL,,25,10,motorola,False,-0.035,17.92,m/s2,VEHICLE_PROTOCOL_DOCUMENTED,UNKNOWN
honda.civic.gen11.us.ex_2022,honda_civic_ex_2022_can_generated.dbc,vehicle_can,KINEMATICS,0x94,CHECKSUM,,59,4,motorola,False,1.0,0.0,,VEHICLE_PROTOCOL_DOCUMENTED,UNKNOWN
honda.civic.gen11.us.ex_2022,honda_civic_ex_2022_can_generated.dbc,vehicle_can,KINEMATICS,0x94,COUNTER,,61,2,motorola,False,1.0,0.0,,VEHICLE_PROTOCOL_DOCUMENTED,UNKNOWN
honda.civic.gen11.us.ex_2022,honda_civic_ex_2022_can_generated.dbc,vehicle_can,STEERING_CONTROL,0xe4,STEER_TORQUE_REQUEST,,23,1,motorola,False,1.0,0.0,,VEHICLE_PROTOCOL_DOCUMENTED,ADAS_ONLY
honda.civic.gen11.us.ex_2022,honda_civic_ex_2022_can_generated.dbc,vehicle_can,STEERING_CONTROL,0xe4,SET_ME_X00,,22,7,motorola,False,1.0,0.0,,VEHICLE_PROTOCOL_DOCUMENTED,ADAS_ONLY
honda.civic.gen11.us.ex_2022,honda_civic_ex_2022_can_generated.dbc,vehicle_can,STEERING_CONTROL,0xe4,SET_ME_X00_2,,31,8,motorola,False,1.0,0.0,,VEHICLE_PROTOCOL_DOCUMENTED,ADAS_ONLY
honda.civic.gen11.us.ex_2022,honda_civic_ex_2022_can_generated.dbc,vehicle_can,STEERING_CONTROL,0xe4,STEER_TORQUE,,7,16,motorola,True,1.0,0.0,,VEHICLE_PROTOCOL_DOCUMENTED,ADAS_ONLY
honda.civic.gen11.us.ex_2022,honda_civic_ex_2022_can_generated.dbc,vehicle_can,STEERING_CONTROL,0xe4,STEER_DOWN_TO_ZERO,,38,1,motorola,False,1.0,0.0,,VEHICLE_PROTOCOL_DOCUMENTED,ADAS_ONLY
honda.civic.gen11.us.ex_2022,honda_civic_ex_2022_can_generated.dbc,vehicle_can,STEERING_CONTROL,0xe4,COUNTER,,37,2,motorola,False,1.0,0.0,,VEHICLE_PROTOCOL_DOCUMENTED,ADAS_ONLY
honda.civic.gen11.us.ex_2022,honda_civic_ex_2022_can_generated.dbc,vehicle_can,STEERING_CONTROL,0xe4,CHECKSUM,,35,4,motorola,False,1.0,0.0,,VEHICLE_PROTOCOL_DOCUMENTED,ADAS_ONLY
honda.civic.gen11.us.ex_2022,honda_civic_ex_2022_can_generated.dbc,vehicle_can,BOSCH_SUPPLEMENTAL_1,0xe5,SET_ME_X04,,0,8,intel,False,1.0,0.0,,VEHICLE_PROTOCOL_DOCUMENTED,UNKNOWN
honda.civic.gen11.us.ex_2022,honda_civic_ex_2022_can_generated.dbc,vehicle_can,BOSCH_SUPPLEMENTAL_1,0xe5,SET_ME_X00,,8,8,intel,False,1.0,0.0,,VEHICLE_PROTOCOL_DOCUMENTED,UNKNOWN
honda.civic.gen11.us.ex_2022,honda_civic_ex_2022_can_generated.dbc,vehicle_can,BOSCH_SUPPLEMENTAL_1,0xe5,SET_ME_X80,,16,8,intel,False,1.0,0.0,,VEHICLE_PROTOCOL_DOCUMENTED,UNKNOWN
honda.civic.gen11.us.ex_2022,honda_civic_ex_2022_can_generated.dbc,vehicle_can,BOSCH_SUPPLEMENTAL_1,0xe5,SET_ME_X10,,24,8,intel,False,1.0,0.0,,VEHICLE_PROTOCOL_DOCUMENTED,UNKNOWN
honda.civic.gen11.us.ex_2022,honda_civic_ex_2022_can_generated.dbc,vehicle_can,BOSCH_SUPPLEMENTAL_1,0xe5,COUNTER,,61,2,motorola,False,1.0,0.0,,VEHICLE_PROTOCOL_DOCUMENTED,UNKNOWN
honda.civic.gen11.us.ex_2022,honda_civic_ex_2022_can_generated.dbc,vehicle_can,BOSCH_SUPPLEMENTAL_1,0xe5,CHECKSUM,,59,4,motorola,False,1.0,0.0,,VEHICLE_PROTOCOL_DOCUMENTED,UNKNOWN
honda.civic.gen11.us.ex_2022,honda_civic_ex_2022_can_generated.dbc,vehicle_can,BRAKE_HOLD,0xe8,XMISSION_SPEED,vehicle.speed,7,14,motorola,True,1.0,0.0,,CLUSTER_RELEVANT_SIGNAL_DOCUMENTED,DISPLAY_RELEVANT
honda.civic.gen11.us.ex_2022,honda_civic_ex_2022_can_generated.dbc,vehicle_can,BRAKE_HOLD,0xe8,COMPUTER_BRAKE,,39,16,motorola,False,1.0,0.0,,VEHICLE_PROTOCOL_DOCUMENTED,DISPLAY_RELEVANT
honda.civic.gen11.us.ex_2022,honda_civic_ex_2022_can_generated.dbc,vehicle_can,BRAKE_HOLD,0xe8,COMPUTER_BRAKE_REQUEST,,29,1,motorola,False,1.0,0.0,,VEHICLE_PROTOCOL_DOCUMENTED,DISPLAY_RELEVANT
honda.civic.gen11.us.ex_2022,honda_civic_ex_2022_can_generated.dbc,vehicle_can,BRAKE_HOLD,0xe8,COUNTER,,53,2,motorola,False,1.0,0.0,,VEHICLE_PROTOCOL_DOCUMENTED,DISPLAY_RELEVANT
honda.civic.gen11.us.ex_2022,honda_civic_ex_2022_can_generated.dbc,vehicle_can,BRAKE_HOLD,0xe8,CHECKSUM,,51,4,motorola,False,1.0,0.0,,VEHICLE_PROTOCOL_DOCUMENTED,DISPLAY_RELEVANT
honda.civic.gen11.us.ex_2022,honda_civic_ex_2022_can_generated.dbc,vehicle_can,STEER_STATUS,0x18f,STEER_TORQUE_SENSOR,,7,16,motorola,True,-1.0,0.0,tbd,VEHICLE_PROTOCOL_DOCUMENTED,UNKNOWN
honda.civic.gen11.us.ex_2022,honda_civic_ex_2022_can_generated.dbc,vehicle_can,STEER_STATUS,0x18f,STEER_ANGLE_RATE,,23,16,motorola,True,-0.1,0.0,deg/s,VEHICLE_PROTOCOL_DOCUMENTED,UNKNOWN
honda.civic.gen11.us.ex_2022,honda_civic_ex_2022_can_generated.dbc,vehicle_can,STEER_STATUS,0x18f,STEER_STATUS,,39,4,motorola,False,1.0,0.0,,VEHICLE_PROTOCOL_DOCUMENTED,UNKNOWN
honda.civic.gen11.us.ex_2022,honda_civic_ex_2022_can_generated.dbc,vehicle_can,STEER_STATUS,0x18f,STEER_CONTROL_ACTIVE,,35,1,motorola,False,1.0,0.0,,VEHICLE_PROTOCOL_DOCUMENTED,UNKNOWN
honda.civic.gen11.us.ex_2022,honda_civic_ex_2022_can_generated.dbc,vehicle_can,STEER_STATUS,0x18f,STEER_CONFIG_INDEX,,43,4,motorola,False,1.0,0.0,,VEHICLE_PROTOCOL_DOCUMENTED,UNKNOWN
honda.civic.gen11.us.ex_2022,honda_civic_ex_2022_can_generated.dbc,vehicle_can,STEER_STATUS,0x18f,COUNTER,,53,2,motorola,False,1.0,0.0,,VEHICLE_PROTOCOL_DOCUMENTED,UNKNOWN
honda.civic.gen11.us.ex_2022,honda_civic_ex_2022_can_generated.dbc,vehicle_can,STEER_STATUS,0x18f,CHECKSUM,,51,4,motorola,False,1.0,0.0,,VEHICLE_PROTOCOL_DOCUMENTED,UNKNOWN
honda.civic.gen11.us.ex_2022,honda_civic_ex_2022_can_generated.dbc,vehicle_can,EPB_STATUS,0x1c2,EPB_ACTIVE,brakes.parking_brake,3,1,motorola,False,1.0,0.0,,CLUSTER_RELEVANT_SIGNAL_DOCUMENTED,DISPLAY_RELEVANT
honda.civic.gen11.us.ex_2022,honda_civic_ex_2022_can_generated.dbc,vehicle_can,EPB_STATUS,0x1c2,EPB_STATE,,29,2,motorola,False,1.0,0.0,,VEHICLE_PROTOCOL_DOCUMENTED,DISPLAY_RELEVANT
honda.civic.gen11.us.ex_2022,honda_civic_ex_2022_can_generated.dbc,vehicle_can,EPB_STATUS,0x1c2,COUNTER,,61,2,motorola,False,1.0,0.0,,VEHICLE_PROTOCOL_DOCUMENTED,DISPLAY_RELEVANT
honda.civic.gen11.us.ex_2022,honda_civic_ex_2022_can_generated.dbc,vehicle_can,EPB_STATUS,0x1c2,CHECKSUM,,59,4,motorola,False,1.0,0.0,,VEHICLE_PROTOCOL_DOCUMENTED,DISPLAY_RELEVANT
honda.civic.gen11.us.ex_2022,honda_civic_ex_2022_can_generated.dbc,vehicle_can,XXX_16,0x221,ECON_ON,,23,1,motorola,False,1.0,0.0,,VEHICLE_PROTOCOL_DOCUMENTED,UNKNOWN
honda.civic.gen11.us.ex_2022,honda_civic_ex_2022_can_generated.dbc,vehicle_can,XXX_16,0x221,DRIVE_MODE,,37,2,motorola,False,1.0,0.0,,VEHICLE_PROTOCOL_DOCUMENTED,UNKNOWN
honda.civic.gen11.us.ex_2022,honda_civic_ex_2022_can_generated.dbc,vehicle_can,XXX_16,0x221,COUNTER,,45,2,motorola,False,1.0,0.0,,VEHICLE_PROTOCOL_DOCUMENTED,UNKNOWN
honda.civic.gen11.us.ex_2022,honda_civic_ex_2022_can_generated.dbc,vehicle_can,XXX_16,0x221,CHECKSUM,,43,4,motorola,False,1.0,0.0,,VEHICLE_PROTOCOL_DOCUMENTED,UNKNOWN
honda.civic.gen11.us.ex_2022,honda_civic_ex_2022_can_generated.dbc,vehicle_can,LEFT_LANE_LINE_1,0x240,LINE_DISTANCE_VISIBLE,,39,9,motorola,False,1.0,0.0,,VEHICLE_PROTOCOL_DOCUMENTED,UNKNOWN
honda.civic.gen11.us.ex_2022,honda_civic_ex_2022_can_generated.dbc,vehicle_can,LEFT_LANE_LINE_1,0x240,LINE_PROBABILITY,,46,6,motorola,False,0.015625,0.0,,VEHICLE_PROTOCOL_DOCUMENTED,UNKNOWN
honda.civic.gen11.us.ex_2022,honda_civic_ex_2022_can_generated.dbc,vehicle_can,LEFT_LANE_LINE_1,0x240,LINE_OFFSET,,23,12,motorola,False,0.004,-8.192,Meters,VEHICLE_PROTOCOL_DOCUMENTED,UNKNOWN
honda.civic.gen11.us.ex_2022,honda_civic_ex_2022_can_generated.dbc,vehicle_can,LEFT_LANE_LINE_1,0x240,LINE_ANGLE,,7,12,motorola,False,0.0005,-1.024,,VEHICLE_PROTOCOL_DOCUMENTED,UNKNOWN
honda.civic.gen11.us.ex_2022,honda_civic_ex_2022_can_generated.dbc,vehicle_can,LEFT_LANE_LINE_1,0x240,FRAME_INDEX,,8,4,intel,False,1.0,0.0,,VEHICLE_PROTOCOL_DOCUMENTED,UNKNOWN
honda.civic.gen11.us.ex_2022,honda_civic_ex_2022_can_generated.dbc,vehicle_can,LEFT_LANE_LINE_1,0x240,COUNTER,,61,2,motorola,False,1.0,0.0,,VEHICLE_PROTOCOL_DOCUMENTED,UNKNOWN
honda.civic.gen11.us.ex_2022,honda_civic_ex_2022_can_generated.dbc,vehicle_can,LEFT_LANE_LINE_1,0x240,CHECKSUM,,59,4,motorola,False,1.0,0.0,,VEHICLE_PROTOCOL_DOCUMENTED,UNKNOWN
honda.civic.gen11.us.ex_2022,honda_civic_ex_2022_can_generated.dbc,vehicle_can,LEFT_LANE_LINE_2,0x241,LINE_FAR_EDGE_POSITION,,55,8,motorola,False,1.0,-128.0,,VEHICLE_PROTOCOL_DOCUMENTED,UNKNOWN
honda.civic.gen11.us.ex_2022,honda_civic_ex_2022_can_generated.dbc,vehicle_can,LEFT_LANE_LINE_2,0x241,LINE_SOLID,,13,1,motorola,False,1.0,0.0,,VEHICLE_PROTOCOL_DOCUMENTED,UNKNOWN
honda.civic.gen11.us.ex_2022,honda_civic_ex_2022_can_generated.dbc,vehicle_can,LEFT_LANE_LINE_2,0x241,LINE_DASHED,,14,1,motorola,False,1.0,0.0,,VEHICLE_PROTOCOL_DOCUMENTED,UNKNOWN
honda.civic.gen11.us.ex_2022,honda_civic_ex_2022_can_generated.dbc,vehicle_can,LEFT_LANE_LINE_2,0x241,LINE_CURVATURE,,23,12,motorola,False,1e-05,-0.02048,,VEHICLE_PROTOCOL_DOCUMENTED,UNKNOWN
honda.civic.gen11.us.ex_2022,honda_civic_ex_2022_can_generated.dbc,vehicle_can,LEFT_LANE_LINE_2,0x241,LINE_PARAMETER,,39,12,motorola,False,1.0,0.0,,VEHICLE_PROTOCOL_DOCUMENTED,UNKNOWN
honda.civic.gen11.us.ex_2022,honda_civic_ex_2022_can_generated.dbc,vehicle_can,LEFT_LANE_LINE_2,0x241,FRAME_INDEX,,7,4,motorola,False,1.0,0.0,,VEHICLE_PROTOCOL_DOCUMENTED,UNKNOWN
honda.civic.gen11.us.ex_2022,honda_civic_ex_2022_can_generated.dbc,vehicle_can,LEFT_LANE_LINE_2,0x241,COUNTER,,61,2,motorola,False,1.0,0.0,,VEHICLE_PROTOCOL_DOCUMENTED,UNKNOWN
honda.civic.gen11.us.ex_2022,honda_civic_ex_2022_can_generated.dbc,vehicle_can,LEFT_LANE_LINE_2,0x241,CHECKSUM,,59,4,motorola,False,1.0,0.0,,VEHICLE_PROTOCOL_DOCUMENTED,UNKNOWN
honda.civic.gen11.us.ex_2022,honda_civic_ex_2022_can_generated.dbc,vehicle_can,RIGHT_LANE_LINE_1,0x243,LINE_DISTANCE_VISIBLE,,39,9,motorola,False,1.0,0.0,,VEHICLE_PROTOCOL_DOCUMENTED,UNKNOWN
honda.civic.gen11.us.ex_2022,honda_civic_ex_2022_can_generated.dbc,vehicle_can,RIGHT_LANE_LINE_1,0x243,LINE_PROBABILITY,,46,6,motorola,False,0.015625,0.0,,VEHICLE_PROTOCOL_DOCUMENTED,UNKNOWN
honda.civic.gen11.us.ex_2022,honda_civic_ex_2022_can_generated.dbc,vehicle_can,RIGHT_LANE_LINE_1,0x243,LINE_OFFSET,,23,12,motorola,False,0.004,-8.192,Meters,VEHICLE_PROTOCOL_DOCUMENTED,UNKNOWN
honda.civic.gen11.us.ex_2022,honda_civic_ex_2022_can_generated.dbc,vehicle_can,RIGHT_LANE_LINE_1,0x243,LINE_ANGLE,,7,12,motorola,False,0.0005,-1.024,,VEHICLE_PROTOCOL_DOCUMENTED,UNKNOWN
honda.civic.gen11.us.ex_2022,honda_civic_ex_2022_can_generated.dbc,vehicle_can,RIGHT_LANE_LINE_1,0x243,FRAME_INDEX,,8,4,intel,False,1.0,0.0,,VEHICLE_PROTOCOL_DOCUMENTED,UNKNOWN
honda.civic.gen11.us.ex_2022,honda_civic_ex_2022_can_generated.dbc,vehicle_can,RIGHT_LANE_LINE_1,0x243,COUNTER,,61,2,motorola,False,1.0,0.0,,VEHICLE_PROTOCOL_DOCUMENTED,UNKNOWN
honda.civic.gen11.us.ex_2022,honda_civic_ex_2022_can_generated.dbc,vehicle_can,RIGHT_LANE_LINE_1,0x243,CHECKSUM,,59,4,motorola,False,1.0,0.0,,VEHICLE_PROTOCOL_DOCUMENTED,UNKNOWN
honda.civic.gen11.us.ex_2022,honda_civic_ex_2022_can_generated.dbc,vehicle_can,RIGHT_LANE_LINE_2,0x244,LINE_FAR_EDGE_POSITION,,55,8,motorola,False,1.0,-128.0,,VEHICLE_PROTOCOL_DOCUMENTED,UNKNOWN
honda.civic.gen11.us.ex_2022,honda_civic_ex_2022_can_generated.dbc,vehicle_can,RIGHT_LANE_LINE_2,0x244,LINE_SOLID,,13,1,motorola,False,1.0,0.0,,VEHICLE_PROTOCOL_DOCUMENTED,UNKNOWN
honda.civic.gen11.us.ex_2022,honda_civic_ex_2022_can_generated.dbc,vehicle_can,RIGHT_LANE_LINE_2,0x244,LINE_DASHED,,14,1,motorola,False,1.0,0.0,,VEHICLE_PROTOCOL_DOCUMENTED,UNKNOWN
honda.civic.gen11.us.ex_2022,honda_civic_ex_2022_can_generated.dbc,vehicle_can,RIGHT_LANE_LINE_2,0x244,LINE_CURVATURE,,23,12,motorola,False,1e-05,-0.02048,,VEHICLE_PROTOCOL_DOCUMENTED,UNKNOWN
honda.civic.gen11.us.ex_2022,honda_civic_ex_2022_can_generated.dbc,vehicle_can,RIGHT_LANE_LINE_2,0x244,LINE_PARAMETER,,39,12,motorola,False,1.0,0.0,,VEHICLE_PROTOCOL_DOCUMENTED,UNKNOWN
honda.civic.gen11.us.ex_2022,honda_civic_ex_2022_can_generated.dbc,vehicle_can,RIGHT_LANE_LINE_2,0x244,FRAME_INDEX,,7,4,motorola,False,1.0,0.0,,VEHICLE_PROTOCOL_DOCUMENTED,UNKNOWN
honda.civic.gen11.us.ex_2022,honda_civic_ex_2022_can_generated.dbc,vehicle_can,RIGHT_LANE_LINE_2,0x244,COUNTER,,61,2,motorola,False,1.0,0.0,,VEHICLE_PROTOCOL_DOCUMENTED,UNKNOWN
honda.civic.gen11.us.ex_2022,honda_civic_ex_2022_can_generated.dbc,vehicle_can,RIGHT_LANE_LINE_2,0x244,CHECKSUM,,59,4,motorola,False,1.0,0.0,,VEHICLE_PROTOCOL_DOCUMENTED,UNKNOWN
honda.civic.gen11.us.ex_2022,honda_civic_ex_2022_can_generated.dbc,vehicle_can,ADJACENT_LEFT_LANE_LINE_1,0x246,LINE_DISTANCE_VISIBLE,,39,9,motorola,False,1.0,0.0,,VEHICLE_PROTOCOL_DOCUMENTED,UNKNOWN
honda.civic.gen11.us.ex_2022,honda_civic_ex_2022_can_generated.dbc,vehicle_can,ADJACENT_LEFT_LANE_LINE_1,0x246,LINE_PROBABILITY,,46,6,motorola,False,0.015625,0.0,,VEHICLE_PROTOCOL_DOCUMENTED,UNKNOWN
honda.civic.gen11.us.ex_2022,honda_civic_ex_2022_can_generated.dbc,vehicle_can,ADJACENT_LEFT_LANE_LINE_1,0x246,LINE_OFFSET,,23,12,motorola,False,0.004,-8.192,Meters,VEHICLE_PROTOCOL_DOCUMENTED,UNKNOWN
honda.civic.gen11.us.ex_2022,honda_civic_ex_2022_can_generated.dbc,vehicle_can,ADJACENT_LEFT_LANE_LINE_1,0x246,LINE_ANGLE,,7,12,motorola,False,0.0005,-1.024,,VEHICLE_PROTOCOL_DOCUMENTED,UNKNOWN
honda.civic.gen11.us.ex_2022,honda_civic_ex_2022_can_generated.dbc,vehicle_can,ADJACENT_LEFT_LANE_LINE_1,0x246,FRAME_INDEX,,8,4,intel,False,1.0,0.0,,VEHICLE_PROTOCOL_DOCUMENTED,UNKNOWN
honda.civic.gen11.us.ex_2022,honda_civic_ex_2022_can_generated.dbc,vehicle_can,ADJACENT_LEFT_LANE_LINE_1,0x246,COUNTER,,61,2,motorola,False,1.0,0.0,,VEHICLE_PROTOCOL_DOCUMENTED,UNKNOWN
honda.civic.gen11.us.ex_2022,honda_civic_ex_2022_can_generated.dbc,vehicle_can,ADJACENT_LEFT_LANE_LINE_1,0x246,CHECKSUM,,59,4,motorola,False,1.0,0.0,,VEHICLE_PROTOCOL_DOCUMENTED,UNKNOWN
honda.civic.gen11.us.ex_2022,honda_civic_ex_2022_can_generated.dbc,vehicle_can,ADJACENT_LEFT_LANE_LINE_2,0x247,LINE_FAR_EDGE_POSITION,,55,8,motorola,False,1.0,-128.0,,VEHICLE_PROTOCOL_DOCUMENTED,UNKNOWN
honda.civic.gen11.us.ex_2022,honda_civic_ex_2022_can_generated.dbc,vehicle_can,ADJACENT_LEFT_LANE_LINE_2,0x247,LINE_SOLID,,13,1,motorola,False,1.0,0.0,,VEHICLE_PROTOCOL_DOCUMENTED,UNKNOWN
honda.civic.gen11.us.ex_2022,honda_civic_ex_2022_can_generated.dbc,vehicle_can,ADJACENT_LEFT_LANE_LINE_2,0x247,LINE_DASHED,,14,1,motorola,False,1.0,0.0,,VEHICLE_PROTOCOL_DOCUMENTED,UNKNOWN
honda.civic.gen11.us.ex_2022,honda_civic_ex_2022_can_generated.dbc,vehicle_can,ADJACENT_LEFT_LANE_LINE_2,0x247,LINE_CURVATURE,,23,12,motorola,False,1e-05,-0.02048,,VEHICLE_PROTOCOL_DOCUMENTED,UNKNOWN
honda.civic.gen11.us.ex_2022,honda_civic_ex_2022_can_generated.dbc,vehicle_can,ADJACENT_LEFT_LANE_LINE_2,0x247,LINE_PARAMETER,,39,12,motorola,False,1.0,0.0,,VEHICLE_PROTOCOL_DOCUMENTED,UNKNOWN
honda.civic.gen11.us.ex_2022,honda_civic_ex_2022_can_generated.dbc,vehicle_can,ADJACENT_LEFT_LANE_LINE_2,0x247,FRAME_INDEX,,7,4,motorola,False,1.0,0.0,,VEHICLE_PROTOCOL_DOCUMENTED,UNKNOWN
honda.civic.gen11.us.ex_2022,honda_civic_ex_2022_can_generated.dbc,vehicle_can,ADJACENT_LEFT_LANE_LINE_2,0x247,COUNTER,,61,2,motorola,False,1.0,0.0,,VEHICLE_PROTOCOL_DOCUMENTED,UNKNOWN
honda.civic.gen11.us.ex_2022,honda_civic_ex_2022_can_generated.dbc,vehicle_can,ADJACENT_LEFT_LANE_LINE_2,0x247,CHECKSUM,,59,4,motorola,False,1.0,0.0,,VEHICLE_PROTOCOL_DOCUMENTED,UNKNOWN
honda.civic.gen11.us.ex_2022,honda_civic_ex_2022_can_generated.dbc,vehicle_can,ADJACENT_RIGHT_LANE_LINE_1,0x249,LINE_DISTANCE_VISIBLE,,39,9,motorola,False,1.0,0.0,,VEHICLE_PROTOCOL_DOCUMENTED,UNKNOWN
honda.civic.gen11.us.ex_2022,honda_civic_ex_2022_can_generated.dbc,vehicle_can,ADJACENT_RIGHT_LANE_LINE_1,0x249,LINE_PROBABILITY,,46,6,motorola,False,0.015625,0.0,,VEHICLE_PROTOCOL_DOCUMENTED,UNKNOWN
honda.civic.gen11.us.ex_2022,honda_civic_ex_2022_can_generated.dbc,vehicle_can,ADJACENT_RIGHT_LANE_LINE_1,0x249,LINE_OFFSET,,23,12,motorola,False,0.004,-8.192,Meters,VEHICLE_PROTOCOL_DOCUMENTED,UNKNOWN
honda.civic.gen11.us.ex_2022,honda_civic_ex_2022_can_generated.dbc,vehicle_can,ADJACENT_RIGHT_LANE_LINE_1,0x249,LINE_ANGLE,,7,12,motorola,False,0.0005,-1.024,,VEHICLE_PROTOCOL_DOCUMENTED,UNKNOWN
honda.civic.gen11.us.ex_2022,honda_civic_ex_2022_can_generated.dbc,vehicle_can,ADJACENT_RIGHT_LANE_LINE_1,0x249,FRAME_INDEX,,8,4,intel,False,1.0,0.0,,VEHICLE_PROTOCOL_DOCUMENTED,UNKNOWN
honda.civic.gen11.us.ex_2022,honda_civic_ex_2022_can_generated.dbc,vehicle_can,ADJACENT_RIGHT_LANE_LINE_1,0x249,COUNTER,,61,2,motorola,False,1.0,0.0,,VEHICLE_PROTOCOL_DOCUMENTED,UNKNOWN
honda.civic.gen11.us.ex_2022,honda_civic_ex_2022_can_generated.dbc,vehicle_can,ADJACENT_RIGHT_LANE_LINE_1,0x249,CHECKSUM,,59,4,motorola,False,1.0,0.0,,VEHICLE_PROTOCOL_DOCUMENTED,UNKNOWN
honda.civic.gen11.us.ex_2022,honda_civic_ex_2022_can_generated.dbc,vehicle_can,ADJACENT_RIGHT_LANE_LINE_2,0x24a,LINE_FAR_EDGE_POSITION,,55,8,motorola,False,1.0,-128.0,,VEHICLE_PROTOCOL_DOCUMENTED,UNKNOWN
honda.civic.gen11.us.ex_2022,honda_civic_ex_2022_can_generated.dbc,vehicle_can,ADJACENT_RIGHT_LANE_LINE_2,0x24a,LINE_SOLID,,13,1,motorola,False,1.0,0.0,,VEHICLE_PROTOCOL_DOCUMENTED,UNKNOWN
honda.civic.gen11.us.ex_2022,honda_civic_ex_2022_can_generated.dbc,vehicle_can,ADJACENT_RIGHT_LANE_LINE_2,0x24a,LINE_DASHED,,14,1,motorola,False,1.0,0.0,,VEHICLE_PROTOCOL_DOCUMENTED,UNKNOWN
honda.civic.gen11.us.ex_2022,honda_civic_ex_2022_can_generated.dbc,vehicle_can,ADJACENT_RIGHT_LANE_LINE_2,0x24a,LINE_CURVATURE,,23,12,motorola,False,1e-05,-0.02048,,VEHICLE_PROTOCOL_DOCUMENTED,UNKNOWN
honda.civic.gen11.us.ex_2022,honda_civic_ex_2022_can_generated.dbc,vehicle_can,ADJACENT_RIGHT_LANE_LINE_2,0x24a,LINE_PARAMETER,,39,12,motorola,False,1.0,0.0,,VEHICLE_PROTOCOL_DOCUMENTED,UNKNOWN
honda.civic.gen11.us.ex_2022,honda_civic_ex_2022_can_generated.dbc,vehicle_can,ADJACENT_RIGHT_LANE_LINE_2,0x24a,FRAME_INDEX,,7,4,motorola,False,1.0,0.0,,VEHICLE_PROTOCOL_DOCUMENTED,UNKNOWN
honda.civic.gen11.us.ex_2022,honda_civic_ex_2022_can_generated.dbc,vehicle_can,ADJACENT_RIGHT_LANE_LINE_2,0x24a,COUNTER,,61,2,motorola,False,1.0,0.0,,VEHICLE_PROTOCOL_DOCUMENTED,UNKNOWN
honda.civic.gen11.us.ex_2022,honda_civic_ex_2022_can_generated.dbc,vehicle_can,ADJACENT_RIGHT_LANE_LINE_2,0x24a,CHECKSUM,,59,4,motorola,False,1.0,0.0,,VEHICLE_PROTOCOL_DOCUMENTED,UNKNOWN
honda.civic.gen11.us.ex_2022,honda_civic_ex_2022_can_generated.dbc,vehicle_can,ROUGH_WHEEL_SPEED,0x255,WHEEL_SPEED_FL,,7,8,motorola,False,1.0,0.0,mph,VEHICLE_PROTOCOL_DOCUMENTED,POWERTRAIN_ONLY
honda.civic.gen11.us.ex_2022,honda_civic_ex_2022_can_generated.dbc,vehicle_can,ROUGH_WHEEL_SPEED,0x255,WHEEL_SPEED_FR,,15,8,motorola,False,1.0,0.0,mph,VEHICLE_PROTOCOL_DOCUMENTED,POWERTRAIN_ONLY
honda.civic.gen11.us.ex_2022,honda_civic_ex_2022_can_generated.dbc,vehicle_can,ROUGH_WHEEL_SPEED,0x255,WHEEL_SPEED_RL,,23,8,motorola,False,1.0,0.0,mph,VEHICLE_PROTOCOL_DOCUMENTED,POWERTRAIN_ONLY
honda.civic.gen11.us.ex_2022,honda_civic_ex_2022_can_generated.dbc,vehicle_can,ROUGH_WHEEL_SPEED,0x255,WHEEL_SPEED_RR,,31,8,motorola,False,1.0,0.0,mph,VEHICLE_PROTOCOL_DOCUMENTED,POWERTRAIN_ONLY
honda.civic.gen11.us.ex_2022,honda_civic_ex_2022_can_generated.dbc,vehicle_can,ROUGH_WHEEL_SPEED,0x255,SET_TO_X55,,39,8,motorola,False,1.0,0.0,,VEHICLE_PROTOCOL_DOCUMENTED,POWERTRAIN_ONLY
honda.civic.gen11.us.ex_2022,honda_civic_ex_2022_can_generated.dbc,vehicle_can,ROUGH_WHEEL_SPEED,0x255,SET_TO_X55_2,,47,8,motorola,False,1.0,0.0,,VEHICLE_PROTOCOL_DOCUMENTED,POWERTRAIN_ONLY
honda.civic.gen11.us.ex_2022,honda_civic_ex_2022_can_generated.dbc,vehicle_can,ROUGH_WHEEL_SPEED,0x255,LONG_COUNTER,,55,8,motorola,False,1.0,0.0,,VEHICLE_PROTOCOL_DOCUMENTED,POWERTRAIN_ONLY
honda.civic.gen11.us.ex_2022,honda_civic_ex_2022_can_generated.dbc,vehicle_can,ROUGH_WHEEL_SPEED,0x255,CHECKSUM,,59,4,motorola,False,1.0,0.0,,VEHICLE_PROTOCOL_DOCUMENTED,POWERTRAIN_ONLY
honda.civic.gen11.us.ex_2022,honda_civic_ex_2022_can_generated.dbc,vehicle_can,ROUGH_WHEEL_SPEED,0x255,COUNTER,,61,2,motorola,False,1.0,0.0,,VEHICLE_PROTOCOL_DOCUMENTED,POWERTRAIN_ONLY
honda.civic.gen11.us.ex_2022,honda_civic_ex_2022_can_generated.dbc,vehicle_can,SCM_BUTTONS,0x296,CRUISE_BUTTONS,,7,3,motorola,False,1.0,0.0,,VEHICLE_PROTOCOL_DOCUMENTED,BODY_RELEVANT
honda.civic.gen11.us.ex_2022,honda_civic_ex_2022_can_generated.dbc,vehicle_can,SCM_BUTTONS,0x296,CRUISE_SETTING,,3,2,motorola,False,1.0,0.0,,VEHICLE_PROTOCOL_DOCUMENTED,BODY_RELEVANT
honda.civic.gen11.us.ex_2022,honda_civic_ex_2022_can_generated.dbc,vehicle_can,SCM_BUTTONS,0x296,COUNTER,,29,2,motorola,False,1.0,0.0,,VEHICLE_PROTOCOL_DOCUMENTED,BODY_RELEVANT
honda.civic.gen11.us.ex_2022,honda_civic_ex_2022_can_generated.dbc,vehicle_can,SCM_BUTTONS,0x296,CHECKSUM,,27,4,motorola,False,1.0,0.0,,VEHICLE_PROTOCOL_DOCUMENTED,BODY_RELEVANT
honda.civic.gen11.us.ex_2022,honda_civic_ex_2022_can_generated.dbc,vehicle_can,SCM_FEEDBACK,0x326,DRIVERS_DOOR_OPEN,,17,1,motorola,False,1.0,0.0,,VEHICLE_PROTOCOL_DOCUMENTED,DISPLAY_RELEVANT
honda.civic.gen11.us.ex_2022,honda_civic_ex_2022_can_generated.dbc,vehicle_can,SCM_FEEDBACK,0x326,MAIN_ON,,28,1,motorola,False,1.0,0.0,,VEHICLE_PROTOCOL_DOCUMENTED,DISPLAY_RELEVANT
honda.civic.gen11.us.ex_2022,honda_civic_ex_2022_can_generated.dbc,vehicle_can,SCM_FEEDBACK,0x326,RIGHT_BLINKER,lighting.right_indicator,27,1,motorola,False,1.0,0.0,,CLUSTER_RELEVANT_SIGNAL_DOCUMENTED,DISPLAY_RELEVANT
honda.civic.gen11.us.ex_2022,honda_civic_ex_2022_can_generated.dbc,vehicle_can,SCM_FEEDBACK,0x326,LEFT_BLINKER,lighting.left_indicator,26,1,motorola,False,1.0,0.0,,CLUSTER_RELEVANT_SIGNAL_DOCUMENTED,DISPLAY_RELEVANT
honda.civic.gen11.us.ex_2022,honda_civic_ex_2022_can_generated.dbc,vehicle_can,SCM_FEEDBACK,0x326,CMBS_STATES,,22,2,motorola,False,1.0,0.0,,VEHICLE_PROTOCOL_DOCUMENTED,DISPLAY_RELEVANT
honda.civic.gen11.us.ex_2022,honda_civic_ex_2022_can_generated.dbc,vehicle_can,SCM_FEEDBACK,0x326,COUNTER,,61,2,motorola,False,1.0,0.0,,VEHICLE_PROTOCOL_DOCUMENTED,DISPLAY_RELEVANT
honda.civic.gen11.us.ex_2022,honda_civic_ex_2022_can_generated.dbc,vehicle_can,SCM_FEEDBACK,0x326,CHECKSUM,,59,4,motorola,False,1.0,0.0,,VEHICLE_PROTOCOL_DOCUMENTED,DISPLAY_RELEVANT
honda.civic.gen11.us.ex_2022,honda_civic_ex_2022_can_generated.dbc,vehicle_can,CAMERA_MESSAGES,0x35e,ZEROS_BOH,,7,50,motorola,False,1.0,0.0,,VEHICLE_PROTOCOL_DOCUMENTED,ADAS_ONLY
honda.civic.gen11.us.ex_2022,honda_civic_ex_2022_can_generated.dbc,vehicle_can,CAMERA_MESSAGES,0x35e,AUTO_HIGHBEAMS_ACTIVE,,53,1,motorola,False,1.0,0.0,,VEHICLE_PROTOCOL_DOCUMENTED,ADAS_ONLY
honda.civic.gen11.us.ex_2022,honda_civic_ex_2022_can_generated.dbc,vehicle_can,CAMERA_MESSAGES,0x35e,HIGHBEAMS_ON,,52,1,motorola,False,1.0,0.0,,VEHICLE_PROTOCOL_DOCUMENTED,ADAS_ONLY
honda.civic.gen11.us.ex_2022,honda_civic_ex_2022_can_generated.dbc,vehicle_can,CAMERA_MESSAGES,0x35e,ZEROS_BOH_2,,51,4,motorola,False,1.0,0.0,,VEHICLE_PROTOCOL_DOCUMENTED,ADAS_ONLY
honda.civic.gen11.us.ex_2022,honda_civic_ex_2022_can_generated.dbc,vehicle_can,CAMERA_MESSAGES,0x35e,COUNTER,,61,2,motorola,False,1.0,0.0,,VEHICLE_PROTOCOL_DOCUMENTED,ADAS_ONLY
honda.civic.gen11.us.ex_2022,honda_civic_ex_2022_can_generated.dbc,vehicle_can,CAMERA_MESSAGES,0x35e,CHECKSUM,,59,4,motorola,False,1.0,0.0,,VEHICLE_PROTOCOL_DOCUMENTED,ADAS_ONLY
honda.civic.gen11.us.ex_2022,honda_civic_ex_2022_can_generated.dbc,vehicle_can,RADAR_HUD,0x39f,ZEROS_BOH,,7,10,motorola,False,1.0,0.0,,VEHICLE_PROTOCOL_DOCUMENTED,ADAS_ONLY
honda.civic.gen11.us.ex_2022,honda_civic_ex_2022_can_generated.dbc,vehicle_can,RADAR_HUD,0x39f,CMBS_OFF,,12,1,motorola,False,1.0,0.0,,VEHICLE_PROTOCOL_DOCUMENTED,ADAS_ONLY
honda.civic.gen11.us.ex_2022,honda_civic_ex_2022_can_generated.dbc,vehicle_can,RADAR_HUD,0x39f,RESUME_INSTRUCTION,,21,1,motorola,False,1.0,0.0,,VEHICLE_PROTOCOL_DOCUMENTED,ADAS_ONLY
honda.civic.gen11.us.ex_2022,honda_civic_ex_2022_can_generated.dbc,vehicle_can,RADAR_HUD,0x39f,SET_TO_1,,13,1,motorola,False,1.0,0.0,,VEHICLE_PROTOCOL_DOCUMENTED,ADAS_ONLY
honda.civic.gen11.us.ex_2022,honda_civic_ex_2022_can_generated.dbc,vehicle_can,RADAR_HUD,0x39f,ZEROS_BOH2,,11,4,motorola,False,1.0,0.0,,VEHICLE_PROTOCOL_DOCUMENTED,ADAS_ONLY
honda.civic.gen11.us.ex_2022,honda_civic_ex_2022_can_generated.dbc,vehicle_can,RADAR_HUD,0x39f,APPLY_BRAKES_FOR_CANC,,23,1,motorola,False,1.0,0.0,,VEHICLE_PROTOCOL_DOCUMENTED,ADAS_ONLY
honda.civic.gen11.us.ex_2022,honda_civic_ex_2022_can_generated.dbc,vehicle_can,RADAR_HUD,0x39f,ACC_ALERTS,,20,5,motorola,False,1.0,0.0,,VEHICLE_PROTOCOL_DOCUMENTED,ADAS_ONLY
honda.civic.gen11.us.ex_2022,honda_civic_ex_2022_can_generated.dbc,vehicle_can,RADAR_HUD,0x39f,SET_TO_0,,22,1,motorola,False,1.0,0.0,,VEHICLE_PROTOCOL_DOCUMENTED,ADAS_ONLY
honda.civic.gen11.us.ex_2022,honda_civic_ex_2022_can_generated.dbc,vehicle_can,RADAR_HUD,0x39f,HUD_LEAD,,40,1,motorola,False,1.0,0.0,,VEHICLE_PROTOCOL_DOCUMENTED,ADAS_ONLY
honda.civic.gen11.us.ex_2022,honda_civic_ex_2022_can_generated.dbc,vehicle_can,RADAR_HUD,0x39f,SET_TO_64,,31,8,motorola,False,1.0,0.0,,VEHICLE_PROTOCOL_DOCUMENTED,ADAS_ONLY
honda.civic.gen11.us.ex_2022,honda_civic_ex_2022_can_generated.dbc,vehicle_can,RADAR_HUD,0x39f,LEAD_DISTANCE,,39,8,motorola,False,1.0,0.0,,VEHICLE_PROTOCOL_DOCUMENTED,ADAS_ONLY
honda.civic.gen11.us.ex_2022,honda_civic_ex_2022_can_generated.dbc,vehicle_can,RADAR_HUD,0x39f,ZEROS_BOH3,,47,7,motorola,False,1.0,0.0,,VEHICLE_PROTOCOL_DOCUMENTED,ADAS_ONLY
honda.civic.gen11.us.ex_2022,honda_civic_ex_2022_can_generated.dbc,vehicle_can,RADAR_HUD,0x39f,ZEROS_BOH4,,55,8,motorola,False,1.0,0.0,,VEHICLE_PROTOCOL_DOCUMENTED,ADAS_ONLY
honda.civic.gen11.us.ex_2022,honda_civic_ex_2022_can_generated.dbc,vehicle_can,RADAR_HUD,0x39f,COUNTER,,61,2,motorola,False,1.0,0.0,,VEHICLE_PROTOCOL_DOCUMENTED,ADAS_ONLY
honda.civic.gen11.us.ex_2022,honda_civic_ex_2022_can_generated.dbc,vehicle_can,RADAR_HUD,0x39f,CHECKSUM,,59,4,motorola,False,1.0,0.0,,VEHICLE_PROTOCOL_DOCUMENTED,ADAS_ONLY
honda.civic.gen11.us.ex_2022,honda_civic_ex_2022_can_generated.dbc,vehicle_can,LKAS_HUD_A,0x000033DA,CAM_TEMP_HIGH,,7,1,motorola,False,1.0,0.0,,VEHICLE_PROTOCOL_DOCUMENTED,ADAS_ONLY
honda.civic.gen11.us.ex_2022,honda_civic_ex_2022_can_generated.dbc,vehicle_can,LKAS_HUD_A,0x000033DA,SET_ME_X41,,6,7,motorola,False,1.0,0.0,,VEHICLE_PROTOCOL_DOCUMENTED,ADAS_ONLY
honda.civic.gen11.us.ex_2022,honda_civic_ex_2022_can_generated.dbc,vehicle_can,LKAS_HUD_A,0x000033DA,BOH,,6,7,motorola,False,1.0,0.0,,VEHICLE_PROTOCOL_DOCUMENTED,ADAS_ONLY
honda.civic.gen11.us.ex_2022,honda_civic_ex_2022_can_generated.dbc,vehicle_can,LKAS_HUD_A,0x000033DA,DASHED_LANES,,14,1,motorola,False,1.0,0.0,,VEHICLE_PROTOCOL_DOCUMENTED,ADAS_ONLY
honda.civic.gen11.us.ex_2022,honda_civic_ex_2022_can_generated.dbc,vehicle_can,LKAS_HUD_A,0x000033DA,DTC,,13,1,motorola,False,1.0,0.0,,VEHICLE_PROTOCOL_DOCUMENTED,ADAS_ONLY
honda.civic.gen11.us.ex_2022,honda_civic_ex_2022_can_generated.dbc,vehicle_can,LKAS_HUD_A,0x000033DA,LKAS_PROBLEM,,12,1,motorola,False,1.0,0.0,,VEHICLE_PROTOCOL_DOCUMENTED,ADAS_ONLY
honda.civic.gen11.us.ex_2022,honda_civic_ex_2022_can_generated.dbc,vehicle_can,LKAS_HUD_A,0x000033DA,LKAS_OFF,,11,1,motorola,False,1.0,0.0,,VEHICLE_PROTOCOL_DOCUMENTED,ADAS_ONLY
honda.civic.gen11.us.ex_2022,honda_civic_ex_2022_can_generated.dbc,vehicle_can,LKAS_HUD_A,0x000033DA,SOLID_LANES,,10,1,motorola,False,1.0,0.0,,VEHICLE_PROTOCOL_DOCUMENTED,ADAS_ONLY
honda.civic.gen11.us.ex_2022,honda_civic_ex_2022_can_generated.dbc,vehicle_can,LKAS_HUD_A,0x000033DA,LDW_RIGHT,,9,1,motorola,False,1.0,0.0,,VEHICLE_PROTOCOL_DOCUMENTED,ADAS_ONLY
honda.civic.gen11.us.ex_2022,honda_civic_ex_2022_can_generated.dbc,vehicle_can,LKAS_HUD_A,0x000033DA,STEERING_REQUIRED,,8,1,motorola,False,1.0,0.0,,VEHICLE_PROTOCOL_DOCUMENTED,ADAS_ONLY
honda.civic.gen11.us.ex_2022,honda_civic_ex_2022_can_generated.dbc,vehicle_can,LKAS_HUD_A,0x000033DA,BOH_2,,23,2,motorola,False,1.0,0.0,,VEHICLE_PROTOCOL_DOCUMENTED,ADAS_ONLY
honda.civic.gen11.us.ex_2022,honda_civic_ex_2022_can_generated.dbc,vehicle_can,LKAS_HUD_A,0x000033DA,LDW_PROBLEM,,21,1,motorola,False,1.0,0.0,,VEHICLE_PROTOCOL_DOCUMENTED,ADAS_ONLY
honda.civic.gen11.us.ex_2022,honda_civic_ex_2022_can_generated.dbc,vehicle_can,LKAS_HUD_A,0x000033DA,BEEP,,17,2,motorola,False,1.0,0.0,,VEHICLE_PROTOCOL_DOCUMENTED,ADAS_ONLY
honda.civic.gen11.us.ex_2022,honda_civic_ex_2022_can_generated.dbc,vehicle_can,LKAS_HUD_A,0x000033DA,SET_ME_X01,,20,1,motorola,False,1.0,0.0,,VEHICLE_PROTOCOL_DOCUMENTED,ADAS_ONLY
honda.civic.gen11.us.ex_2022,honda_civic_ex_2022_can_generated.dbc,vehicle_can,LKAS_HUD_A,0x000033DA,LDW_ON,,28,1,motorola,False,1.0,0.0,,VEHICLE_PROTOCOL_DOCUMENTED,ADAS_ONLY
honda.civic.gen11.us.ex_2022,honda_civic_ex_2022_can_generated.dbc,vehicle_can,LKAS_HUD_A,0x000033DA,LDW_OFF,,27,1,motorola,False,1.0,0.0,,VEHICLE_PROTOCOL_DOCUMENTED,ADAS_ONLY
honda.civic.gen11.us.ex_2022,honda_civic_ex_2022_can_generated.dbc,vehicle_can,LKAS_HUD_A,0x000033DA,CLEAN_WINDSHIELD,,26,1,motorola,False,1.0,0.0,,VEHICLE_PROTOCOL_DOCUMENTED,ADAS_ONLY
honda.civic.gen11.us.ex_2022,honda_civic_ex_2022_can_generated.dbc,vehicle_can,LKAS_HUD_A,0x000033DA,COUNTER,,37,2,motorola,False,1.0,0.0,,VEHICLE_PROTOCOL_DOCUMENTED,ADAS_ONLY
honda.civic.gen11.us.ex_2022,honda_civic_ex_2022_can_generated.dbc,vehicle_can,LKAS_HUD_A,0x000033DA,CHECKSUM,,35,4,motorola,False,1.0,0.0,,VEHICLE_PROTOCOL_DOCUMENTED,ADAS_ONLY
honda.civic.gen11.us.ex_2022,honda_civic_ex_2022_can_generated.dbc,vehicle_can,LKAS_HUD_B,0x000033DB,CAM_TEMP_HIGH,,7,1,motorola,False,1.0,0.0,,VEHICLE_PROTOCOL_DOCUMENTED,ADAS_ONLY
honda.civic.gen11.us.ex_2022,honda_civic_ex_2022_can_generated.dbc,vehicle_can,LKAS_HUD_B,0x000033DB,SET_ME_X41,,6,7,motorola,False,1.0,0.0,,VEHICLE_PROTOCOL_DOCUMENTED,ADAS_ONLY
honda.civic.gen11.us.ex_2022,honda_civic_ex_2022_can_generated.dbc,vehicle_can,LKAS_HUD_B,0x000033DB,BOH,,6,7,motorola,False,1.0,0.0,,VEHICLE_PROTOCOL_DOCUMENTED,ADAS_ONLY
honda.civic.gen11.us.ex_2022,honda_civic_ex_2022_can_generated.dbc,vehicle_can,LKAS_HUD_B,0x000033DB,DASHED_LANES,,14,1,motorola,False,1.0,0.0,,VEHICLE_PROTOCOL_DOCUMENTED,ADAS_ONLY
honda.civic.gen11.us.ex_2022,honda_civic_ex_2022_can_generated.dbc,vehicle_can,LKAS_HUD_B,0x000033DB,DTC,,13,1,motorola,False,1.0,0.0,,VEHICLE_PROTOCOL_DOCUMENTED,ADAS_ONLY
honda.civic.gen11.us.ex_2022,honda_civic_ex_2022_can_generated.dbc,vehicle_can,LKAS_HUD_B,0x000033DB,LKAS_PROBLEM,,12,1,motorola,False,1.0,0.0,,VEHICLE_PROTOCOL_DOCUMENTED,ADAS_ONLY
honda.civic.gen11.us.ex_2022,honda_civic_ex_2022_can_generated.dbc,vehicle_can,LKAS_HUD_B,0x000033DB,LKAS_OFF,,11,1,motorola,False,1.0,0.0,,VEHICLE_PROTOCOL_DOCUMENTED,ADAS_ONLY
honda.civic.gen11.us.ex_2022,honda_civic_ex_2022_can_generated.dbc,vehicle_can,LKAS_HUD_B,0x000033DB,SOLID_LANES,,10,1,motorola,False,1.0,0.0,,VEHICLE_PROTOCOL_DOCUMENTED,ADAS_ONLY
honda.civic.gen11.us.ex_2022,honda_civic_ex_2022_can_generated.dbc,vehicle_can,LKAS_HUD_B,0x000033DB,LDW_RIGHT,,9,1,motorola,False,1.0,0.0,,VEHICLE_PROTOCOL_DOCUMENTED,ADAS_ONLY
honda.civic.gen11.us.ex_2022,honda_civic_ex_2022_can_generated.dbc,vehicle_can,LKAS_HUD_B,0x000033DB,STEERING_REQUIRED,,8,1,motorola,False,1.0,0.0,,VEHICLE_PROTOCOL_DOCUMENTED,ADAS_ONLY
honda.civic.gen11.us.ex_2022,honda_civic_ex_2022_can_generated.dbc,vehicle_can,LKAS_HUD_B,0x000033DB,BOH_2,,23,2,motorola,False,1.0,0.0,,VEHICLE_PROTOCOL_DOCUMENTED,ADAS_ONLY
honda.civic.gen11.us.ex_2022,honda_civic_ex_2022_can_generated.dbc,vehicle_can,LKAS_HUD_B,0x000033DB,LDW_PROBLEM,,21,1,motorola,False,1.0,0.0,,VEHICLE_PROTOCOL_DOCUMENTED,ADAS_ONLY
honda.civic.gen11.us.ex_2022,honda_civic_ex_2022_can_generated.dbc,vehicle_can,LKAS_HUD_B,0x000033DB,BEEP,,17,2,motorola,False,1.0,0.0,,VEHICLE_PROTOCOL_DOCUMENTED,ADAS_ONLY
honda.civic.gen11.us.ex_2022,honda_civic_ex_2022_can_generated.dbc,vehicle_can,LKAS_HUD_B,0x000033DB,SET_ME_X01,,20,1,motorola,False,1.0,0.0,,VEHICLE_PROTOCOL_DOCUMENTED,ADAS_ONLY
honda.civic.gen11.us.ex_2022,honda_civic_ex_2022_can_generated.dbc,vehicle_can,LKAS_HUD_B,0x000033DB,LDW_ON,,28,1,motorola,False,1.0,0.0,,VEHICLE_PROTOCOL_DOCUMENTED,ADAS_ONLY
honda.civic.gen11.us.ex_2022,honda_civic_ex_2022_can_generated.dbc,vehicle_can,LKAS_HUD_B,0x000033DB,LDW_OFF,,27,1,motorola,False,1.0,0.0,,VEHICLE_PROTOCOL_DOCUMENTED,ADAS_ONLY
honda.civic.gen11.us.ex_2022,honda_civic_ex_2022_can_generated.dbc,vehicle_can,LKAS_HUD_B,0x000033DB,CLEAN_WINDSHIELD,,26,1,motorola,False,1.0,0.0,,VEHICLE_PROTOCOL_DOCUMENTED,ADAS_ONLY
honda.civic.gen11.us.ex_2022,honda_civic_ex_2022_can_generated.dbc,vehicle_can,LKAS_HUD_B,0x000033DB,COUNTER,,61,2,motorola,False,1.0,0.0,,VEHICLE_PROTOCOL_DOCUMENTED,ADAS_ONLY
honda.civic.gen11.us.ex_2022,honda_civic_ex_2022_can_generated.dbc,vehicle_can,LKAS_HUD_B,0x000033DB,CHECKSUM,,59,4,motorola,False,1.0,0.0,,VEHICLE_PROTOCOL_DOCUMENTED,ADAS_ONLY
honda.civic.gen11.us.ex_2022,honda_civic_ex_2022_can_generated.dbc,vehicle_can,STEERING_SENSORS,0x14a,STEER_ANGLE,chassis.steering_angle,7,16,motorola,True,-0.1,0.0,deg,VEHICLE_PROTOCOL_DOCUMENTED,UNKNOWN
honda.civic.gen11.us.ex_2022,honda_civic_ex_2022_can_generated.dbc,vehicle_can,STEERING_SENSORS,0x14a,STEER_ANGLE_RATE,,23,16,motorola,True,-1.0,0.0,deg/s,VEHICLE_PROTOCOL_DOCUMENTED,UNKNOWN
honda.civic.gen11.us.ex_2022,honda_civic_ex_2022_can_generated.dbc,vehicle_can,STEERING_SENSORS,0x14a,STEER_SENSOR_STATUS_1,,34,1,motorola,False,1.0,0.0,,VEHICLE_PROTOCOL_DOCUMENTED,UNKNOWN
honda.civic.gen11.us.ex_2022,honda_civic_ex_2022_can_generated.dbc,vehicle_can,STEERING_SENSORS,0x14a,STEER_SENSOR_STATUS_2,,33,1,motorola,False,1.0,0.0,,VEHICLE_PROTOCOL_DOCUMENTED,UNKNOWN
honda.civic.gen11.us.ex_2022,honda_civic_ex_2022_can_generated.dbc,vehicle_can,STEERING_SENSORS,0x14a,STEER_SENSOR_STATUS_3,,32,1,motorola,False,1.0,0.0,,VEHICLE_PROTOCOL_DOCUMENTED,UNKNOWN
honda.civic.gen11.us.ex_2022,honda_civic_ex_2022_can_generated.dbc,vehicle_can,STEERING_SENSORS,0x14a,STEER_WHEEL_ANGLE,,47,16,motorola,True,-0.1,0.0,deg,VEHICLE_PROTOCOL_DOCUMENTED,UNKNOWN
honda.civic.gen11.us.ex_2022,honda_civic_ex_2022_can_generated.dbc,vehicle_can,STEERING_SENSORS,0x14a,COUNTER,,61,2,motorola,False,1.0,0.0,,VEHICLE_PROTOCOL_DOCUMENTED,UNKNOWN
honda.civic.gen11.us.ex_2022,honda_civic_ex_2022_can_generated.dbc,vehicle_can,STEERING_SENSORS,0x14a,CHECKSUM,,59,4,motorola,False,1.0,0.0,,VEHICLE_PROTOCOL_DOCUMENTED,UNKNOWN
honda.civic.gen11.us.ex_2022,honda_civic_ex_2022_can_generated.dbc,vehicle_can,GEARBOX,0x191,GEAR_SHIFTER,transmission.gear,5,6,motorola,False,1.0,0.0,,CLUSTER_RELEVANT_SIGNAL_DOCUMENTED,DISPLAY_RELEVANT
honda.civic.gen11.us.ex_2022,honda_civic_ex_2022_can_generated.dbc,vehicle_can,GEARBOX,0x191,BOH,,45,6,motorola,False,1.0,0.0,,VEHICLE_PROTOCOL_DOCUMENTED,DISPLAY_RELEVANT
honda.civic.gen11.us.ex_2022,honda_civic_ex_2022_can_generated.dbc,vehicle_can,GEARBOX,0x191,GEAR2,,31,8,motorola,False,1.0,0.0,,VEHICLE_PROTOCOL_DOCUMENTED,DISPLAY_RELEVANT
honda.civic.gen11.us.ex_2022,honda_civic_ex_2022_can_generated.dbc,vehicle_can,GEARBOX,0x191,GEAR,,39,8,motorola,False,1.0,0.0,,VEHICLE_PROTOCOL_DOCUMENTED,DISPLAY_RELEVANT
honda.civic.gen11.us.ex_2022,honda_civic_ex_2022_can_generated.dbc,vehicle_can,GEARBOX,0x191,ZEROS_BOH,,47,2,motorola,False,1.0,0.0,,VEHICLE_PROTOCOL_DOCUMENTED,DISPLAY_RELEVANT
honda.civic.gen11.us.ex_2022,honda_civic_ex_2022_can_generated.dbc,vehicle_can,GEARBOX,0x191,COUNTER,,61,2,motorola,False,1.0,0.0,,VEHICLE_PROTOCOL_DOCUMENTED,DISPLAY_RELEVANT
honda.civic.gen11.us.ex_2022,honda_civic_ex_2022_can_generated.dbc,vehicle_can,GEARBOX,0x191,CHECKSUM,,59,4,motorola,False,1.0,0.0,,VEHICLE_PROTOCOL_DOCUMENTED,DISPLAY_RELEVANT
honda.civic.gen11.us.ex_2022,honda_civic_ex_2022_can_generated.dbc,vehicle_can,GEARBOX_ALT,0x1a3,GEAR,,7,8,motorola,False,1.0,0.0,,VEHICLE_PROTOCOL_DOCUMENTED,DISPLAY_RELEVANT
honda.civic.gen11.us.ex_2022,honda_civic_ex_2022_can_generated.dbc,vehicle_can,GEARBOX_ALT,0x1a3,GEAR_SHIFTER,transmission.gear,29,6,motorola,False,1.0,0.0,,CLUSTER_RELEVANT_SIGNAL_DOCUMENTED,DISPLAY_RELEVANT
honda.civic.gen11.us.ex_2022,honda_civic_ex_2022_can_generated.dbc,vehicle_can,GEARBOX_ALT,0x1a3,COUNTER,,61,2,motorola,False,1.0,0.0,,VEHICLE_PROTOCOL_DOCUMENTED,DISPLAY_RELEVANT
honda.civic.gen11.us.ex_2022,honda_civic_ex_2022_can_generated.dbc,vehicle_can,GEARBOX_ALT,0x1a3,CHECKSUM,,59,4,motorola,False,1.0,0.0,,VEHICLE_PROTOCOL_DOCUMENTED,DISPLAY_RELEVANT
honda.civic.gen11.us.ex_2022,honda_civic_ex_2022_can_generated.dbc,vehicle_can,STANDSTILL,0x1b0,WHEELS_MOVING,,12,1,motorola,False,1.0,0.0,,VEHICLE_PROTOCOL_DOCUMENTED,POWERTRAIN_ONLY
honda.civic.gen11.us.ex_2022,honda_civic_ex_2022_can_generated.dbc,vehicle_can,STANDSTILL,0x1b0,BRAKE_ERROR_1,,11,1,motorola,False,1.0,0.0,,VEHICLE_PROTOCOL_DOCUMENTED,POWERTRAIN_ONLY
honda.civic.gen11.us.ex_2022,honda_civic_ex_2022_can_generated.dbc,vehicle_can,STANDSTILL,0x1b0,BRAKE_ERROR_2,,9,1,motorola,False,1.0,0.0,,VEHICLE_PROTOCOL_DOCUMENTED,POWERTRAIN_ONLY
honda.civic.gen11.us.ex_2022,honda_civic_ex_2022_can_generated.dbc,vehicle_can,STANDSTILL,0x1b0,COUNTER,,53,2,motorola,False,1.0,0.0,,VEHICLE_PROTOCOL_DOCUMENTED,POWERTRAIN_ONLY
honda.civic.gen11.us.ex_2022,honda_civic_ex_2022_can_generated.dbc,vehicle_can,STANDSTILL,0x1b0,CHECKSUM,,51,4,motorola,False,1.0,0.0,,VEHICLE_PROTOCOL_DOCUMENTED,POWERTRAIN_ONLY
honda.civic.gen11.us.ex_2022,honda_civic_ex_2022_can_generated.dbc,vehicle_can,BRAKE_MODULE,0x1be,BRAKE_PRESSED,brakes.service_brake,4,1,motorola,False,1.0,0.0,,VEHICLE_PROTOCOL_DOCUMENTED,UNKNOWN
honda.civic.gen11.us.ex_2022,honda_civic_ex_2022_can_generated.dbc,vehicle_can,BRAKE_MODULE,0x1be,CRUISE_FAULT,,22,1,motorola,False,1.0,0.0,,VEHICLE_PROTOCOL_DOCUMENTED,UNKNOWN
honda.civic.gen11.us.ex_2022,honda_civic_ex_2022_can_generated.dbc,vehicle_can,BRAKE_MODULE,0x1be,COUNTER,,21,2,motorola,False,1.0,0.0,,VEHICLE_PROTOCOL_DOCUMENTED,UNKNOWN
honda.civic.gen11.us.ex_2022,honda_civic_ex_2022_can_generated.dbc,vehicle_can,BRAKE_MODULE,0x1be,CHECKSUM,,19,4,motorola,False,1.0,0.0,,VEHICLE_PROTOCOL_DOCUMENTED,UNKNOWN
honda.civic.gen11.us.ex_2022,honda_civic_ex_2022_can_generated.dbc,vehicle_can,ACC_CONTROL,0x1c8,ACCEL_COMMAND,,7,12,motorola,True,0.01,0.0,m/s^2,VEHICLE_PROTOCOL_DOCUMENTED,ADAS_ONLY
honda.civic.gen11.us.ex_2022,honda_civic_ex_2022_can_generated.dbc,vehicle_can,ACC_CONTROL,0x1c8,IDLESTOP_ALLOW,,8,1,motorola,False,1.0,0.0,,VEHICLE_PROTOCOL_DOCUMENTED,ADAS_ONLY
honda.civic.gen11.us.ex_2022,honda_civic_ex_2022_can_generated.dbc,vehicle_can,ACC_CONTROL,0x1c8,STANDSTILL,,9,1,motorola,False,1.0,0.0,,VEHICLE_PROTOCOL_DOCUMENTED,ADAS_ONLY
honda.civic.gen11.us.ex_2022,honda_civic_ex_2022_can_generated.dbc,vehicle_can,ACC_CONTROL,0x1c8,CONTROL_ON,,10,1,motorola,False,1.0,0.0,,VEHICLE_PROTOCOL_DOCUMENTED,ADAS_ONLY
honda.civic.gen11.us.ex_2022,honda_civic_ex_2022_can_generated.dbc,vehicle_can,ACC_CONTROL,0x1c8,BOH,,23,1,motorola,False,1.0,0.0,,VEHICLE_PROTOCOL_DOCUMENTED,ADAS_ONLY
honda.civic.gen11.us.ex_2022,honda_civic_ex_2022_can_generated.dbc,vehicle_can,ACC_CONTROL,0x1c8,AEB_STATUS,,33,1,intel,False,1.0,0.0,,VEHICLE_PROTOCOL_DOCUMENTED,ADAS_ONLY
honda.civic.gen11.us.ex_2022,honda_civic_ex_2022_can_generated.dbc,vehicle_can,ACC_CONTROL,0x1c8,AEB_BRAKING,,47,1,motorola,False,1.0,0.0,,VEHICLE_PROTOCOL_DOCUMENTED,ADAS_ONLY
honda.civic.gen11.us.ex_2022,honda_civic_ex_2022_can_generated.dbc,vehicle_can,ACC_CONTROL,0x1c8,AEB_PREPARE,,43,1,motorola,False,1.0,0.0,,VEHICLE_PROTOCOL_DOCUMENTED,ADAS_ONLY
honda.civic.gen11.us.ex_2022,honda_civic_ex_2022_can_generated.dbc,vehicle_can,ACC_CONTROL,0x1c8,FCW_1,,24,1,intel,False,1.0,0.0,,VEHICLE_PROTOCOL_DOCUMENTED,ADAS_ONLY
honda.civic.gen11.us.ex_2022,honda_civic_ex_2022_can_generated.dbc,vehicle_can,ACC_CONTROL,0x1c8,FCW_2,,54,1,motorola,False,1.0,0.0,,VEHICLE_PROTOCOL_DOCUMENTED,ADAS_ONLY
honda.civic.gen11.us.ex_2022,honda_civic_ex_2022_can_generated.dbc,vehicle_can,ACC_CONTROL,0x1c8,CHECKSUM,,59,4,motorola,False,1.0,0.0,,VEHICLE_PROTOCOL_DOCUMENTED,ADAS_ONLY
honda.civic.gen11.us.ex_2022,honda_civic_ex_2022_can_generated.dbc,vehicle_can,ACC_CONTROL,0x1c8,COUNTER,,61,2,motorola,False,1.0,0.0,,VEHICLE_PROTOCOL_DOCUMENTED,ADAS_ONLY
honda.civic.gen11.us.ex_2022,honda_civic_ex_2022_can_generated.dbc,vehicle_can,CRUISE_FAULT_STATUS,0x1d3,CRUISE_FAULT,,3,1,motorola,False,1.0,0.0,,VEHICLE_PROTOCOL_DOCUMENTED,POWERTRAIN_ONLY
honda.civic.gen11.us.ex_2022,honda_civic_ex_2022_can_generated.dbc,vehicle_can,CRUISE_FAULT_STATUS,0x1d3,CHECKSUM,,59,4,motorola,False,1.0,0.0,,VEHICLE_PROTOCOL_DOCUMENTED,POWERTRAIN_ONLY
honda.civic.gen11.us.ex_2022,honda_civic_ex_2022_can_generated.dbc,vehicle_can,CRUISE_FAULT_STATUS,0x1d3,COUNTER,,61,2,motorola,False,1.0,0.0,,VEHICLE_PROTOCOL_DOCUMENTED,POWERTRAIN_ONLY
honda.civic.gen11.us.ex_2022,honda_civic_ex_2022_can_generated.dbc,vehicle_can,LKAS_HUD,0x33d,CAM_TEMP_HIGH,,7,1,motorola,False,1.0,0.0,,VEHICLE_PROTOCOL_DOCUMENTED,ADAS_ONLY
honda.civic.gen11.us.ex_2022,honda_civic_ex_2022_can_generated.dbc,vehicle_can,LKAS_HUD,0x33d,SET_ME_X41,,6,7,motorola,False,1.0,0.0,,VEHICLE_PROTOCOL_DOCUMENTED,ADAS_ONLY
honda.civic.gen11.us.ex_2022,honda_civic_ex_2022_can_generated.dbc,vehicle_can,LKAS_HUD,0x33d,BOH,,6,7,motorola,False,1.0,0.0,,VEHICLE_PROTOCOL_DOCUMENTED,ADAS_ONLY
honda.civic.gen11.us.ex_2022,honda_civic_ex_2022_can_generated.dbc,vehicle_can,LKAS_HUD,0x33d,DASHED_LANES,,14,1,motorola,False,1.0,0.0,,VEHICLE_PROTOCOL_DOCUMENTED,ADAS_ONLY
honda.civic.gen11.us.ex_2022,honda_civic_ex_2022_can_generated.dbc,vehicle_can,LKAS_HUD,0x33d,DTC,,13,1,motorola,False,1.0,0.0,,VEHICLE_PROTOCOL_DOCUMENTED,ADAS_ONLY
honda.civic.gen11.us.ex_2022,honda_civic_ex_2022_can_generated.dbc,vehicle_can,LKAS_HUD,0x33d,LKAS_PROBLEM,,12,1,motorola,False,1.0,0.0,,VEHICLE_PROTOCOL_DOCUMENTED,ADAS_ONLY
honda.civic.gen11.us.ex_2022,honda_civic_ex_2022_can_generated.dbc,vehicle_can,LKAS_HUD,0x33d,LKAS_OFF,,11,1,motorola,False,1.0,0.0,,VEHICLE_PROTOCOL_DOCUMENTED,ADAS_ONLY
honda.civic.gen11.us.ex_2022,honda_civic_ex_2022_can_generated.dbc,vehicle_can,LKAS_HUD,0x33d,SOLID_LANES,,10,1,motorola,False,1.0,0.0,,VEHICLE_PROTOCOL_DOCUMENTED,ADAS_ONLY
honda.civic.gen11.us.ex_2022,honda_civic_ex_2022_can_generated.dbc,vehicle_can,LKAS_HUD,0x33d,LDW_RIGHT,,9,1,motorola,False,1.0,0.0,,VEHICLE_PROTOCOL_DOCUMENTED,ADAS_ONLY
honda.civic.gen11.us.ex_2022,honda_civic_ex_2022_can_generated.dbc,vehicle_can,LKAS_HUD,0x33d,STEERING_REQUIRED,,8,1,motorola,False,1.0,0.0,,VEHICLE_PROTOCOL_DOCUMENTED,ADAS_ONLY
honda.civic.gen11.us.ex_2022,honda_civic_ex_2022_can_generated.dbc,vehicle_can,LKAS_HUD,0x33d,BOH_2,,23,2,motorola,False,1.0,0.0,,VEHICLE_PROTOCOL_DOCUMENTED,ADAS_ONLY
honda.civic.gen11.us.ex_2022,honda_civic_ex_2022_can_generated.dbc,vehicle_can,LKAS_HUD,0x33d,LDW_PROBLEM,,21,1,motorola,False,1.0,0.0,,VEHICLE_PROTOCOL_DOCUMENTED,ADAS_ONLY
honda.civic.gen11.us.ex_2022,honda_civic_ex_2022_can_generated.dbc,vehicle_can,LKAS_HUD,0x33d,BEEP,,17,2,motorola,False,1.0,0.0,,VEHICLE_PROTOCOL_DOCUMENTED,ADAS_ONLY
honda.civic.gen11.us.ex_2022,honda_civic_ex_2022_can_generated.dbc,vehicle_can,LKAS_HUD,0x33d,LDW_ON,,28,1,motorola,False,1.0,0.0,,VEHICLE_PROTOCOL_DOCUMENTED,ADAS_ONLY
honda.civic.gen11.us.ex_2022,honda_civic_ex_2022_can_generated.dbc,vehicle_can,LKAS_HUD,0x33d,LDW_OFF,,27,1,motorola,False,1.0,0.0,,VEHICLE_PROTOCOL_DOCUMENTED,ADAS_ONLY
honda.civic.gen11.us.ex_2022,honda_civic_ex_2022_can_generated.dbc,vehicle_can,LKAS_HUD,0x33d,CLEAN_WINDSHIELD,,26,1,motorola,False,1.0,0.0,,VEHICLE_PROTOCOL_DOCUMENTED,ADAS_ONLY
honda.civic.gen11.us.ex_2022,honda_civic_ex_2022_can_generated.dbc,vehicle_can,LKAS_HUD,0x33d,SET_ME_X48,,31,8,motorola,False,1.0,0.0,,VEHICLE_PROTOCOL_DOCUMENTED,ADAS_ONLY
honda.civic.gen11.us.ex_2022,honda_civic_ex_2022_can_generated.dbc,vehicle_can,LKAS_HUD,0x33d,LANE_LINES,,36,2,motorola,False,1.0,0.0,,VEHICLE_PROTOCOL_DOCUMENTED,ADAS_ONLY
honda.civic.gen11.us.ex_2022,honda_civic_ex_2022_can_generated.dbc,vehicle_can,LKAS_HUD,0x33d,COUNTER,,61,2,motorola,False,1.0,0.0,,VEHICLE_PROTOCOL_DOCUMENTED,ADAS_ONLY
honda.civic.gen11.us.ex_2022,honda_civic_ex_2022_can_generated.dbc,vehicle_can,LKAS_HUD,0x33d,CHECKSUM,,59,4,motorola,False,1.0,0.0,,VEHICLE_PROTOCOL_DOCUMENTED,ADAS_ONLY
honda.civic.gen11.us.ex_2022,honda_civic_ex_2022_can_generated.dbc,vehicle_can,CRUISE_PARAMS,0x372,CRUISE_SPEED_OFFSET,,31,8,motorola,True,0.1,0.0,kph,VEHICLE_PROTOCOL_DOCUMENTED,POWERTRAIN_ONLY
honda.civic.gen11.us.ex_2022,honda_civic_ex_2022_can_generated.dbc,vehicle_can,CRUISE_PARAMS,0x372,CHECKSUM,,59,4,motorola,False,1.0,0.0,,VEHICLE_PROTOCOL_DOCUMENTED,POWERTRAIN_ONLY
honda.civic.gen11.us.ex_2022,honda_civic_ex_2022_can_generated.dbc,vehicle_can,CRUISE_PARAMS,0x372,COUNTER,,61,2,motorola,False,1.0,0.0,,VEHICLE_PROTOCOL_DOCUMENTED,POWERTRAIN_ONLY
honda.civic.gen11.us.ex_2022,honda_civic_ex_2022_can_generated.dbc,vehicle_can,LKAS_HUD_2,0x0F31AA54,COUNTER_2,,7,2,motorola,False,1.0,0.0,,VEHICLE_PROTOCOL_DOCUMENTED,ADAS_ONLY
honda.civic.gen11.us.ex_2022,honda_civic_ex_2022_can_generated.dbc,vehicle_can,LKAS_HUD_2,0x0F31AA54,SET_ME_X01,,5,1,motorola,False,1.0,0.0,,VEHICLE_PROTOCOL_DOCUMENTED,ADAS_ONLY
honda.civic.gen11.us.ex_2022,honda_civic_ex_2022_can_generated.dbc,vehicle_can,LKAS_HUD_2,0x0F31AA54,LKAS_BOH_1,,15,6,motorola,False,1.0,0.0,,VEHICLE_PROTOCOL_DOCUMENTED,ADAS_ONLY
honda.civic.gen11.us.ex_2022,honda_civic_ex_2022_can_generated.dbc,vehicle_can,LKAS_HUD_2,0x0F31AA54,LEFT_LANE,,23,2,motorola,False,1.0,0.0,,VEHICLE_PROTOCOL_DOCUMENTED,ADAS_ONLY
honda.civic.gen11.us.ex_2022,honda_civic_ex_2022_can_generated.dbc,vehicle_can,LKAS_HUD_2,0x0F31AA54,RIGHT_LANE,,21,2,motorola,False,1.0,0.0,,VEHICLE_PROTOCOL_DOCUMENTED,ADAS_ONLY
honda.civic.gen11.us.ex_2022,honda_civic_ex_2022_can_generated.dbc,vehicle_can,LKAS_HUD_2,0x0F31AA54,LKAS_BOH_2,,30,5,motorola,False,1.0,0.0,,VEHICLE_PROTOCOL_DOCUMENTED,ADAS_ONLY
honda.civic.gen11.us.ex_2022,honda_civic_ex_2022_can_generated.dbc,vehicle_can,LKAS_HUD_2,0x0F31AA54,COUNTER,,61,2,motorola,False,1.0,0.0,,VEHICLE_PROTOCOL_DOCUMENTED,ADAS_ONLY
honda.civic.gen11.us.ex_2022,honda_civic_ex_2022_can_generated.dbc,vehicle_can,LKAS_HUD_2,0x0F31AA54,CHECKSUM,,59,4,motorola,False,1.0,0.0,,VEHICLE_PROTOCOL_DOCUMENTED,ADAS_ONLY
honda.accord.gen10.us.2018,honda_accord_2018_can_generated.dbc,vehicle_can,GAS_PEDAL_2,0x130,ENGINE_TORQUE_ESTIMATE,,7,16,motorola,True,1.0,0.0,Nm,VEHICLE_PROTOCOL_DOCUMENTED,POWERTRAIN_ONLY
honda.accord.gen10.us.2018,honda_accord_2018_can_generated.dbc,vehicle_can,GAS_PEDAL_2,0x130,ENGINE_TORQUE_REQUEST,,23,16,motorola,True,1.0,0.0,Nm,VEHICLE_PROTOCOL_DOCUMENTED,POWERTRAIN_ONLY
honda.accord.gen10.us.2018,honda_accord_2018_can_generated.dbc,vehicle_can,GAS_PEDAL_2,0x130,CAR_GAS,,39,8,motorola,False,1.0,0.0,,VEHICLE_PROTOCOL_DOCUMENTED,POWERTRAIN_ONLY
honda.accord.gen10.us.2018,honda_accord_2018_can_generated.dbc,vehicle_can,GAS_PEDAL_2,0x130,COUNTER,,61,2,motorola,False,1.0,0.0,,VEHICLE_PROTOCOL_DOCUMENTED,POWERTRAIN_ONLY
honda.accord.gen10.us.2018,honda_accord_2018_can_generated.dbc,vehicle_can,GAS_PEDAL_2,0x130,CHECKSUM,,59,4,motorola,False,1.0,0.0,,VEHICLE_PROTOCOL_DOCUMENTED,POWERTRAIN_ONLY
honda.accord.gen10.us.2018,honda_accord_2018_can_generated.dbc,vehicle_can,GAS_PEDAL,0x13c,CAR_GAS,,39,8,motorola,False,1.0,0.0,,VEHICLE_PROTOCOL_DOCUMENTED,POWERTRAIN_ONLY
honda.accord.gen10.us.2018,honda_accord_2018_can_generated.dbc,vehicle_can,GAS_PEDAL,0x13c,COUNTER,,61,2,motorola,False,1.0,0.0,,VEHICLE_PROTOCOL_DOCUMENTED,POWERTRAIN_ONLY
honda.accord.gen10.us.2018,honda_accord_2018_can_generated.dbc,vehicle_can,GAS_PEDAL,0x13c,CHECKSUM,,59,4,motorola,False,1.0,0.0,,VEHICLE_PROTOCOL_DOCUMENTED,POWERTRAIN_ONLY
honda.accord.gen10.us.2018,honda_accord_2018_can_generated.dbc,vehicle_can,ENGINE_DATA,0x158,XMISSION_SPEED,vehicle.speed,7,16,motorola,False,0.01,0.0,kph,CLUSTER_RELEVANT_SIGNAL_DOCUMENTED,DISPLAY_RELEVANT
honda.accord.gen10.us.2018,honda_accord_2018_can_generated.dbc,vehicle_can,ENGINE_DATA,0x158,ENGINE_RPM,powertrain.engine_rpm,23,16,motorola,False,1.0,0.0,rpm,CLUSTER_RELEVANT_SIGNAL_DOCUMENTED,DISPLAY_RELEVANT
honda.accord.gen10.us.2018,honda_accord_2018_can_generated.dbc,vehicle_can,ENGINE_DATA,0x158,XMISSION_SPEED2,,39,16,motorola,False,0.01,0.0,kph,VEHICLE_PROTOCOL_DOCUMENTED,DISPLAY_RELEVANT
honda.accord.gen10.us.2018,honda_accord_2018_can_generated.dbc,vehicle_can,ENGINE_DATA,0x158,ODOMETER,vehicle.odometer,55,8,motorola,False,10.0,0.0,m,CLUSTER_RELEVANT_SIGNAL_DOCUMENTED,DISPLAY_RELEVANT
honda.accord.gen10.us.2018,honda_accord_2018_can_generated.dbc,vehicle_can,ENGINE_DATA,0x158,COUNTER,,61,2,motorola,False,1.0,0.0,,VEHICLE_PROTOCOL_DOCUMENTED,DISPLAY_RELEVANT
honda.accord.gen10.us.2018,honda_accord_2018_can_generated.dbc,vehicle_can,ENGINE_DATA,0x158,CHECKSUM,,59,4,motorola,False,1.0,0.0,,VEHICLE_PROTOCOL_DOCUMENTED,DISPLAY_RELEVANT
honda.accord.gen10.us.2018,honda_accord_2018_can_generated.dbc,vehicle_can,POWERTRAIN_DATA,0x17c,PEDAL_GAS,powertrain.throttle_position,7,8,motorola,False,1.0,0.0,,VEHICLE_PROTOCOL_DOCUMENTED,DISPLAY_RELEVANT
honda.accord.gen10.us.2018,honda_accord_2018_can_generated.dbc,vehicle_can,POWERTRAIN_DATA,0x17c,ENGINE_RPM,powertrain.engine_rpm,23,16,motorola,False,1.0,0.0,rpm,CLUSTER_RELEVANT_SIGNAL_DOCUMENTED,DISPLAY_RELEVANT
honda.accord.gen10.us.2018,honda_accord_2018_can_generated.dbc,vehicle_can,POWERTRAIN_DATA,0x17c,GAS_PRESSED,,39,1,motorola,False,1.0,0.0,,VEHICLE_PROTOCOL_DOCUMENTED,DISPLAY_RELEVANT
honda.accord.gen10.us.2018,honda_accord_2018_can_generated.dbc,vehicle_can,POWERTRAIN_DATA,0x17c,ACC_STATUS,adas.acc_state,38,1,motorola,False,1.0,0.0,,VEHICLE_PROTOCOL_DOCUMENTED,DISPLAY_RELEVANT
honda.accord.gen10.us.2018,honda_accord_2018_can_generated.dbc,vehicle_can,POWERTRAIN_DATA,0x17c,BOH_17C,,37,5,motorola,False,1.0,0.0,,VEHICLE_PROTOCOL_DOCUMENTED,DISPLAY_RELEVANT
honda.accord.gen10.us.2018,honda_accord_2018_can_generated.dbc,vehicle_can,POWERTRAIN_DATA,0x17c,BRAKE_SWITCH,,32,1,motorola,False,1.0,0.0,,VEHICLE_PROTOCOL_DOCUMENTED,DISPLAY_RELEVANT
honda.accord.gen10.us.2018,honda_accord_2018_can_generated.dbc,vehicle_can,POWERTRAIN_DATA,0x17c,BOH2_17C,,47,10,motorola,False,1.0,0.0,,VEHICLE_PROTOCOL_DOCUMENTED,DISPLAY_RELEVANT
honda.accord.gen10.us.2018,honda_accord_2018_can_generated.dbc,vehicle_can,POWERTRAIN_DATA,0x17c,BRAKE_PRESSED,brakes.service_brake,53,1,motorola,False,1.0,0.0,,VEHICLE_PROTOCOL_DOCUMENTED,DISPLAY_RELEVANT
honda.accord.gen10.us.2018,honda_accord_2018_can_generated.dbc,vehicle_can,POWERTRAIN_DATA,0x17c,BOH3_17C,,52,5,motorola,False,1.0,0.0,,VEHICLE_PROTOCOL_DOCUMENTED,DISPLAY_RELEVANT
honda.accord.gen10.us.2018,honda_accord_2018_can_generated.dbc,vehicle_can,POWERTRAIN_DATA,0x17c,COUNTER,,61,2,motorola,False,1.0,0.0,,VEHICLE_PROTOCOL_DOCUMENTED,DISPLAY_RELEVANT
honda.accord.gen10.us.2018,honda_accord_2018_can_generated.dbc,vehicle_can,POWERTRAIN_DATA,0x17c,CHECKSUM,,59,4,motorola,False,1.0,0.0,,VEHICLE_PROTOCOL_DOCUMENTED,DISPLAY_RELEVANT
honda.accord.gen10.us.2018,honda_accord_2018_can_generated.dbc,vehicle_can,VSA_STATUS,0x1a4,USER_BRAKE,,7,16,motorola,False,0.015625,-1.609375,,VEHICLE_PROTOCOL_DOCUMENTED,DISPLAY_RELEVANT
honda.accord.gen10.us.2018,honda_accord_2018_can_generated.dbc,vehicle_can,VSA_STATUS,0x1a4,COMPUTER_BRAKING,,23,1,motorola,False,1.0,0.0,,VEHICLE_PROTOCOL_DOCUMENTED,DISPLAY_RELEVANT
honda.accord.gen10.us.2018,honda_accord_2018_can_generated.dbc,vehicle_can,VSA_STATUS,0x1a4,ESP_DISABLED,stability.vsa_warning,28,1,motorola,False,1.0,0.0,,CLUSTER_RELEVANT_SIGNAL_DOCUMENTED,DISPLAY_RELEVANT
honda.accord.gen10.us.2018,honda_accord_2018_can_generated.dbc,vehicle_can,VSA_STATUS,0x1a4,BRAKE_HOLD_RELATED,,52,1,motorola,False,1.0,0.0,,VEHICLE_PROTOCOL_DOCUMENTED,DISPLAY_RELEVANT
honda.accord.gen10.us.2018,honda_accord_2018_can_generated.dbc,vehicle_can,VSA_STATUS,0x1a4,BRAKE_HOLD_ACTIVE,,46,1,motorola,False,1.0,0.0,,VEHICLE_PROTOCOL_DOCUMENTED,DISPLAY_RELEVANT
honda.accord.gen10.us.2018,honda_accord_2018_can_generated.dbc,vehicle_can,VSA_STATUS,0x1a4,BRAKE_HOLD_ENABLED,,45,1,motorola,False,1.0,0.0,,VEHICLE_PROTOCOL_DOCUMENTED,DISPLAY_RELEVANT
honda.accord.gen10.us.2018,honda_accord_2018_can_generated.dbc,vehicle_can,VSA_STATUS,0x1a4,COUNTER,,61,2,motorola,False,1.0,0.0,,VEHICLE_PROTOCOL_DOCUMENTED,DISPLAY_RELEVANT
honda.accord.gen10.us.2018,honda_accord_2018_can_generated.dbc,vehicle_can,VSA_STATUS,0x1a4,CHECKSUM,,59,4,motorola,False,1.0,0.0,,VEHICLE_PROTOCOL_DOCUMENTED,DISPLAY_RELEVANT
honda.accord.gen10.us.2018,honda_accord_2018_can_generated.dbc,vehicle_can,STEER_MOTOR_TORQUE,0x1ab,CONFIG_VALID,,7,1,motorola,False,1.0,0.0,,VEHICLE_PROTOCOL_DOCUMENTED,UNKNOWN
honda.accord.gen10.us.2018,honda_accord_2018_can_generated.dbc,vehicle_can,STEER_MOTOR_TORQUE,0x1ab,MOTOR_TORQUE,,1,10,motorola,False,1.0,0.0,,VEHICLE_PROTOCOL_DOCUMENTED,UNKNOWN
honda.accord.gen10.us.2018,honda_accord_2018_can_generated.dbc,vehicle_can,STEER_MOTOR_TORQUE,0x1ab,OUTPUT_DISABLED,,22,1,motorola,False,1.0,0.0,,VEHICLE_PROTOCOL_DOCUMENTED,UNKNOWN
honda.accord.gen10.us.2018,honda_accord_2018_can_generated.dbc,vehicle_can,STEER_MOTOR_TORQUE,0x1ab,COUNTER,,21,2,motorola,False,1.0,0.0,,VEHICLE_PROTOCOL_DOCUMENTED,UNKNOWN
honda.accord.gen10.us.2018,honda_accord_2018_can_generated.dbc,vehicle_can,STEER_MOTOR_TORQUE,0x1ab,CHECKSUM,,19,4,motorola,False,1.0,0.0,,VEHICLE_PROTOCOL_DOCUMENTED,UNKNOWN
honda.accord.gen10.us.2018,honda_accord_2018_can_generated.dbc,vehicle_can,WHEEL_SPEEDS,0x1d0,WHEEL_SPEED_FL,,7,15,motorola,False,0.01,0.0,kph,VEHICLE_PROTOCOL_DOCUMENTED,POWERTRAIN_ONLY
honda.accord.gen10.us.2018,honda_accord_2018_can_generated.dbc,vehicle_can,WHEEL_SPEEDS,0x1d0,WHEEL_SPEED_FR,,8,15,motorola,False,0.01,0.0,kph,VEHICLE_PROTOCOL_DOCUMENTED,POWERTRAIN_ONLY
honda.accord.gen10.us.2018,honda_accord_2018_can_generated.dbc,vehicle_can,WHEEL_SPEEDS,0x1d0,WHEEL_SPEED_RL,,25,15,motorola,False,0.01,0.0,kph,VEHICLE_PROTOCOL_DOCUMENTED,POWERTRAIN_ONLY
honda.accord.gen10.us.2018,honda_accord_2018_can_generated.dbc,vehicle_can,WHEEL_SPEEDS,0x1d0,WHEEL_SPEED_RR,,42,15,motorola,False,0.01,0.0,kph,VEHICLE_PROTOCOL_DOCUMENTED,POWERTRAIN_ONLY
honda.accord.gen10.us.2018,honda_accord_2018_can_generated.dbc,vehicle_can,WHEEL_SPEEDS,0x1d0,CHECKSUM,,59,4,motorola,False,1.0,0.0,,VEHICLE_PROTOCOL_DOCUMENTED,POWERTRAIN_ONLY
honda.accord.gen10.us.2018,honda_accord_2018_can_generated.dbc,vehicle_can,VEHICLE_DYNAMICS,0x1ea,LAT_ACCEL,,7,16,motorola,True,0.0015,0.0,m/s2,VEHICLE_PROTOCOL_DOCUMENTED,UNKNOWN
honda.accord.gen10.us.2018,honda_accord_2018_can_generated.dbc,vehicle_can,VEHICLE_DYNAMICS,0x1ea,LONG_ACCEL,,23,16,motorola,True,0.0015,0.0,m/s2,VEHICLE_PROTOCOL_DOCUMENTED,UNKNOWN
honda.accord.gen10.us.2018,honda_accord_2018_can_generated.dbc,vehicle_can,VEHICLE_DYNAMICS,0x1ea,COUNTER,,61,2,motorola,False,1.0,0.0,,VEHICLE_PROTOCOL_DOCUMENTED,UNKNOWN
honda.accord.gen10.us.2018,honda_accord_2018_can_generated.dbc,vehicle_can,VEHICLE_DYNAMICS,0x1ea,CHECKSUM,,59,4,motorola,False,1.0,0.0,,VEHICLE_PROTOCOL_DOCUMENTED,UNKNOWN
honda.accord.gen10.us.2018,honda_accord_2018_can_generated.dbc,vehicle_can,SEATBELT_STATUS,0x305,SEATBELT_DRIVER_LAMP,,7,1,motorola,False,1.0,0.0,,VEHICLE_PROTOCOL_DOCUMENTED,DISPLAY_RELEVANT
honda.accord.gen10.us.2018,honda_accord_2018_can_generated.dbc,vehicle_can,SEATBELT_STATUS,0x305,SEATBELT_PASS_UNLATCHED,,10,1,motorola,False,1.0,0.0,,VEHICLE_PROTOCOL_DOCUMENTED,DISPLAY_RELEVANT
honda.accord.gen10.us.2018,honda_accord_2018_can_generated.dbc,vehicle_can,SEATBELT_STATUS,0x305,SEATBELT_PASS_LATCHED,safety.seatbelt_passenger,11,1,motorola,False,1.0,0.0,,VEHICLE_PROTOCOL_DOCUMENTED,DISPLAY_RELEVANT
honda.accord.gen10.us.2018,honda_accord_2018_can_generated.dbc,vehicle_can,SEATBELT_STATUS,0x305,SEATBELT_DRIVER_UNLATCHED,,12,1,motorola,False,1.0,0.0,,VEHICLE_PROTOCOL_DOCUMENTED,DISPLAY_RELEVANT
honda.accord.gen10.us.2018,honda_accord_2018_can_generated.dbc,vehicle_can,SEATBELT_STATUS,0x305,SEATBELT_DRIVER_LATCHED,safety.seatbelt_driver,13,1,motorola,False,1.0,0.0,,CLUSTER_RELEVANT_SIGNAL_DOCUMENTED,DISPLAY_RELEVANT
honda.accord.gen10.us.2018,honda_accord_2018_can_generated.dbc,vehicle_can,SEATBELT_STATUS,0x305,PASS_AIRBAG_OFF,,14,1,motorola,False,1.0,0.0,,VEHICLE_PROTOCOL_DOCUMENTED,DISPLAY_RELEVANT
honda.accord.gen10.us.2018,honda_accord_2018_can_generated.dbc,vehicle_can,SEATBELT_STATUS,0x305,PASS_AIRBAG_ON,,15,1,motorola,False,1.0,0.0,,VEHICLE_PROTOCOL_DOCUMENTED,DISPLAY_RELEVANT
honda.accord.gen10.us.2018,honda_accord_2018_can_generated.dbc,vehicle_can,SEATBELT_STATUS,0x305,COUNTER,,53,2,motorola,False,1.0,0.0,,VEHICLE_PROTOCOL_DOCUMENTED,DISPLAY_RELEVANT
honda.accord.gen10.us.2018,honda_accord_2018_can_generated.dbc,vehicle_can,SEATBELT_STATUS,0x305,CHECKSUM,,51,4,motorola,False,1.0,0.0,,VEHICLE_PROTOCOL_DOCUMENTED,DISPLAY_RELEVANT
honda.accord.gen10.us.2018,honda_accord_2018_can_generated.dbc,vehicle_can,CAR_SPEED,0x309,ROUGH_CAR_SPEED,,23,8,motorola,False,1.0,0.0,mph,VEHICLE_PROTOCOL_DOCUMENTED,DISPLAY_RELEVANT
honda.accord.gen10.us.2018,honda_accord_2018_can_generated.dbc,vehicle_can,CAR_SPEED,0x309,CAR_SPEED,vehicle.speed,7,16,motorola,False,0.01,0.0,kph,CLUSTER_RELEVANT_SIGNAL_DOCUMENTED,DISPLAY_RELEVANT
honda.accord.gen10.us.2018,honda_accord_2018_can_generated.dbc,vehicle_can,CAR_SPEED,0x309,ROUGH_CAR_SPEED_3,,39,16,motorola,False,0.01,0.0,kph,VEHICLE_PROTOCOL_DOCUMENTED,DISPLAY_RELEVANT
honda.accord.gen10.us.2018,honda_accord_2018_can_generated.dbc,vehicle_can,CAR_SPEED,0x309,ROUGH_CAR_SPEED_2,,31,8,motorola,False,1.0,0.0,mph,VEHICLE_PROTOCOL_DOCUMENTED,DISPLAY_RELEVANT
honda.accord.gen10.us.2018,honda_accord_2018_can_generated.dbc,vehicle_can,CAR_SPEED,0x309,LOCK_STATUS,,55,2,motorola,False,1.0,0.0,,VEHICLE_PROTOCOL_DOCUMENTED,DISPLAY_RELEVANT
honda.accord.gen10.us.2018,honda_accord_2018_can_generated.dbc,vehicle_can,CAR_SPEED,0x309,COUNTER,,61,2,motorola,False,1.0,0.0,,VEHICLE_PROTOCOL_DOCUMENTED,DISPLAY_RELEVANT
honda.accord.gen10.us.2018,honda_accord_2018_can_generated.dbc,vehicle_can,CAR_SPEED,0x309,CHECKSUM,,59,4,motorola,False,1.0,0.0,,VEHICLE_PROTOCOL_DOCUMENTED,DISPLAY_RELEVANT
honda.accord.gen10.us.2018,honda_accord_2018_can_generated.dbc,vehicle_can,CAR_SPEED,0x309,IMPERIAL_UNIT,,63,1,motorola,False,1.0,0.0,,VEHICLE_PROTOCOL_DOCUMENTED,DISPLAY_RELEVANT
honda.accord.gen10.us.2018,honda_accord_2018_can_generated.dbc,vehicle_can,ACC_HUD,0x30c,PCM_SPEED,,7,16,motorola,False,0.01,0.0,kph,VEHICLE_PROTOCOL_DOCUMENTED,ADAS_ONLY
honda.accord.gen10.us.2018,honda_accord_2018_can_generated.dbc,vehicle_can,ACC_HUD,0x30c,PCM_GAS,,23,8,motorola,False,1.0,0.0,,VEHICLE_PROTOCOL_DOCUMENTED,ADAS_ONLY
honda.accord.gen10.us.2018,honda_accord_2018_can_generated.dbc,vehicle_can,ACC_HUD,0x30c,CRUISE_SPEED,,31,8,motorola,False,1.0,0.0,kph,VEHICLE_PROTOCOL_DOCUMENTED,ADAS_ONLY
honda.accord.gen10.us.2018,honda_accord_2018_can_generated.dbc,vehicle_can,ACC_HUD,0x30c,DTC_MODE,,39,1,motorola,False,1.0,0.0,,VEHICLE_PROTOCOL_DOCUMENTED,ADAS_ONLY
honda.accord.gen10.us.2018,honda_accord_2018_can_generated.dbc,vehicle_can,ACC_HUD,0x30c,BOH,,38,1,motorola,False,1.0,0.0,,VEHICLE_PROTOCOL_DOCUMENTED,ADAS_ONLY
honda.accord.gen10.us.2018,honda_accord_2018_can_generated.dbc,vehicle_can,ACC_HUD,0x30c,ACC_PROBLEM,,37,1,motorola,False,1.0,0.0,,VEHICLE_PROTOCOL_DOCUMENTED,ADAS_ONLY
honda.accord.gen10.us.2018,honda_accord_2018_can_generated.dbc,vehicle_can,ACC_HUD,0x30c,FCM_OFF,,35,1,motorola,False,1.0,0.0,,VEHICLE_PROTOCOL_DOCUMENTED,ADAS_ONLY
honda.accord.gen10.us.2018,honda_accord_2018_can_generated.dbc,vehicle_can,ACC_HUD,0x30c,FCM_OFF_2,,36,1,motorola,False,1.0,0.0,,VEHICLE_PROTOCOL_DOCUMENTED,ADAS_ONLY
honda.accord.gen10.us.2018,honda_accord_2018_can_generated.dbc,vehicle_can,ACC_HUD,0x30c,FCM_PROBLEM,,34,1,motorola,False,1.0,0.0,,VEHICLE_PROTOCOL_DOCUMENTED,ADAS_ONLY
honda.accord.gen10.us.2018,honda_accord_2018_can_generated.dbc,vehicle_can,ACC_HUD,0x30c,RADAR_OBSTRUCTED,,33,1,motorola,False,1.0,0.0,,VEHICLE_PROTOCOL_DOCUMENTED,ADAS_ONLY
honda.accord.gen10.us.2018,honda_accord_2018_can_generated.dbc,vehicle_can,ACC_HUD,0x30c,ENABLE_MINI_CAR,,32,1,motorola,False,1.0,0.0,,VEHICLE_PROTOCOL_DOCUMENTED,ADAS_ONLY
honda.accord.gen10.us.2018,honda_accord_2018_can_generated.dbc,vehicle_can,ACC_HUD,0x30c,HUD_DISTANCE,,47,2,motorola,False,1.0,0.0,,VEHICLE_PROTOCOL_DOCUMENTED,ADAS_ONLY
honda.accord.gen10.us.2018,honda_accord_2018_can_generated.dbc,vehicle_can,ACC_HUD,0x30c,HUD_LEAD,,45,2,motorola,False,1.0,0.0,,VEHICLE_PROTOCOL_DOCUMENTED,ADAS_ONLY
honda.accord.gen10.us.2018,honda_accord_2018_can_generated.dbc,vehicle_can,ACC_HUD,0x30c,BOH_3,,43,1,motorola,False,1.0,0.0,,VEHICLE_PROTOCOL_DOCUMENTED,ADAS_ONLY
honda.accord.gen10.us.2018,honda_accord_2018_can_generated.dbc,vehicle_can,ACC_HUD,0x30c,BOH_4,,42,1,motorola,False,1.0,0.0,,VEHICLE_PROTOCOL_DOCUMENTED,ADAS_ONLY
honda.accord.gen10.us.2018,honda_accord_2018_can_generated.dbc,vehicle_can,ACC_HUD,0x30c,BOH_5,,41,1,motorola,False,1.0,0.0,,VEHICLE_PROTOCOL_DOCUMENTED,ADAS_ONLY
honda.accord.gen10.us.2018,honda_accord_2018_can_generated.dbc,vehicle_can,ACC_HUD,0x30c,CRUISE_CONTROL_LABEL,,40,1,motorola,False,1.0,0.0,,VEHICLE_PROTOCOL_DOCUMENTED,ADAS_ONLY
honda.accord.gen10.us.2018,honda_accord_2018_can_generated.dbc,vehicle_can,ACC_HUD,0x30c,SET_ME_X01_2,,55,1,motorola,False,1.0,0.0,,VEHICLE_PROTOCOL_DOCUMENTED,ADAS_ONLY
honda.accord.gen10.us.2018,honda_accord_2018_can_generated.dbc,vehicle_can,ACC_HUD,0x30c,IMPERIAL_UNIT,,54,1,motorola,False,1.0,0.0,,VEHICLE_PROTOCOL_DOCUMENTED,ADAS_ONLY
honda.accord.gen10.us.2018,honda_accord_2018_can_generated.dbc,vehicle_can,ACC_HUD,0x30c,ACC_ON,,52,1,motorola,False,1.0,0.0,,VEHICLE_PROTOCOL_DOCUMENTED,ADAS_ONLY
honda.accord.gen10.us.2018,honda_accord_2018_can_generated.dbc,vehicle_can,ACC_HUD,0x30c,CHIME,,51,3,motorola,False,1.0,0.0,,VEHICLE_PROTOCOL_DOCUMENTED,ADAS_ONLY
honda.accord.gen10.us.2018,honda_accord_2018_can_generated.dbc,vehicle_can,ACC_HUD,0x30c,SET_ME_X01,,48,1,motorola,False,1.0,0.0,,VEHICLE_PROTOCOL_DOCUMENTED,ADAS_ONLY
honda.accord.gen10.us.2018,honda_accord_2018_can_generated.dbc,vehicle_can,ACC_HUD,0x30c,ICONS,,63,2,motorola,False,1.0,0.0,,VEHICLE_PROTOCOL_DOCUMENTED,ADAS_ONLY
honda.accord.gen10.us.2018,honda_accord_2018_can_generated.dbc,vehicle_can,ACC_HUD,0x30c,COUNTER,,61,2,motorola,False,1.0,0.0,,VEHICLE_PROTOCOL_DOCUMENTED,ADAS_ONLY
honda.accord.gen10.us.2018,honda_accord_2018_can_generated.dbc,vehicle_can,ACC_HUD,0x30c,CHECKSUM,,59,4,motorola,False,1.0,0.0,,VEHICLE_PROTOCOL_DOCUMENTED,ADAS_ONLY
honda.accord.gen10.us.2018,honda_accord_2018_can_generated.dbc,vehicle_can,CRUISE,0x324,HUD_SPEED_KPH,,7,8,motorola,False,1.0,0.0,kph,VEHICLE_PROTOCOL_DOCUMENTED,POWERTRAIN_ONLY
honda.accord.gen10.us.2018,honda_accord_2018_can_generated.dbc,vehicle_can,CRUISE,0x324,HUD_SPEED_MPH,,15,8,motorola,False,1.0,0.0,mph,VEHICLE_PROTOCOL_DOCUMENTED,POWERTRAIN_ONLY
honda.accord.gen10.us.2018,honda_accord_2018_can_generated.dbc,vehicle_can,CRUISE,0x324,TRIP_FUEL_CONSUMED,,23,16,motorola,False,1.0,0.0,,VEHICLE_PROTOCOL_DOCUMENTED,POWERTRAIN_ONLY
honda.accord.gen10.us.2018,honda_accord_2018_can_generated.dbc,vehicle_can,CRUISE,0x324,CRUISE_SPEED_PCM,,39,8,motorola,False,1.0,0.0,,VEHICLE_PROTOCOL_DOCUMENTED,POWERTRAIN_ONLY
honda.accord.gen10.us.2018,honda_accord_2018_can_generated.dbc,vehicle_can,CRUISE,0x324,BOH2,,47,8,motorola,True,1.0,0.0,,VEHICLE_PROTOCOL_DOCUMENTED,POWERTRAIN_ONLY
honda.accord.gen10.us.2018,honda_accord_2018_can_generated.dbc,vehicle_can,CRUISE,0x324,BOH3,,55,8,motorola,False,1.0,0.0,,VEHICLE_PROTOCOL_DOCUMENTED,POWERTRAIN_ONLY
honda.accord.gen10.us.2018,honda_accord_2018_can_generated.dbc,vehicle_can,CRUISE,0x324,COUNTER,,61,2,motorola,False,1.0,0.0,,VEHICLE_PROTOCOL_DOCUMENTED,POWERTRAIN_ONLY
honda.accord.gen10.us.2018,honda_accord_2018_can_generated.dbc,vehicle_can,CRUISE,0x324,CHECKSUM,,59,4,motorola,False,1.0,0.0,,VEHICLE_PROTOCOL_DOCUMENTED,POWERTRAIN_ONLY
honda.accord.gen10.us.2018,honda_accord_2018_can_generated.dbc,vehicle_can,STALK_STATUS,0x374,DASHBOARD_ALERT,,39,8,motorola,False,1.0,0.0,,VEHICLE_PROTOCOL_DOCUMENTED,BODY_RELEVANT
honda.accord.gen10.us.2018,honda_accord_2018_can_generated.dbc,vehicle_can,STALK_STATUS,0x374,AUTO_HEADLIGHTS,,46,1,motorola,False,1.0,0.0,,VEHICLE_PROTOCOL_DOCUMENTED,BODY_RELEVANT
honda.accord.gen10.us.2018,honda_accord_2018_can_generated.dbc,vehicle_can,STALK_STATUS,0x374,HIGH_BEAM_HOLD,,47,1,motorola,False,1.0,0.0,,VEHICLE_PROTOCOL_DOCUMENTED,BODY_RELEVANT
honda.accord.gen10.us.2018,honda_accord_2018_can_generated.dbc,vehicle_can,STALK_STATUS,0x374,HIGH_BEAM_FLASH,,45,1,motorola,False,1.0,0.0,,VEHICLE_PROTOCOL_DOCUMENTED,BODY_RELEVANT
honda.accord.gen10.us.2018,honda_accord_2018_can_generated.dbc,vehicle_can,STALK_STATUS,0x374,HEADLIGHTS_ON,lighting.headlights_on,54,1,motorola,False,1.0,0.0,,VEHICLE_PROTOCOL_DOCUMENTED,BODY_RELEVANT
honda.accord.gen10.us.2018,honda_accord_2018_can_generated.dbc,vehicle_can,STALK_STATUS,0x374,WIPER_SWITCH,,53,2,motorola,False,1.0,0.0,,VEHICLE_PROTOCOL_DOCUMENTED,BODY_RELEVANT
honda.accord.gen10.us.2018,honda_accord_2018_can_generated.dbc,vehicle_can,STALK_STATUS,0x374,COUNTER,,61,2,motorola,False,1.0,0.0,,VEHICLE_PROTOCOL_DOCUMENTED,BODY_RELEVANT
honda.accord.gen10.us.2018,honda_accord_2018_can_generated.dbc,vehicle_can,STALK_STATUS,0x374,CHECKSUM,,59,4,motorola,False,1.0,0.0,,VEHICLE_PROTOCOL_DOCUMENTED,BODY_RELEVANT
honda.accord.gen10.us.2018,honda_accord_2018_can_generated.dbc,vehicle_can,STALK_STATUS_2,0x37b,WIPERS,,17,2,motorola,False,1.0,0.0,,VEHICLE_PROTOCOL_DOCUMENTED,DISPLAY_RELEVANT
honda.accord.gen10.us.2018,honda_accord_2018_can_generated.dbc,vehicle_can,STALK_STATUS_2,0x37b,LOW_BEAMS,lighting.low_beam,35,1,motorola,False,1.0,0.0,,CLUSTER_RELEVANT_SIGNAL_DOCUMENTED,DISPLAY_RELEVANT
honda.accord.gen10.us.2018,honda_accord_2018_can_generated.dbc,vehicle_can,STALK_STATUS_2,0x37b,HIGH_BEAMS,lighting.high_beam,34,1,motorola,False,1.0,0.0,,CLUSTER_RELEVANT_SIGNAL_DOCUMENTED,DISPLAY_RELEVANT
honda.accord.gen10.us.2018,honda_accord_2018_can_generated.dbc,vehicle_can,STALK_STATUS_2,0x37b,PARK_LIGHTS,,36,1,motorola,False,1.0,0.0,,VEHICLE_PROTOCOL_DOCUMENTED,DISPLAY_RELEVANT
honda.accord.gen10.us.2018,honda_accord_2018_can_generated.dbc,vehicle_can,STALK_STATUS_2,0x37b,COUNTER,,61,2,motorola,False,1.0,0.0,,VEHICLE_PROTOCOL_DOCUMENTED,DISPLAY_RELEVANT
honda.accord.gen10.us.2018,honda_accord_2018_can_generated.dbc,vehicle_can,STALK_STATUS_2,0x37b,CHECKSUM,,59,4,motorola,False,1.0,0.0,,VEHICLE_PROTOCOL_DOCUMENTED,DISPLAY_RELEVANT
honda.accord.gen10.us.2018,honda_accord_2018_can_generated.dbc,vehicle_can,DOORS_STATUS,0x405,DOOR_OPEN_FL,body.driver_door,37,1,motorola,False,1.0,0.0,,CLUSTER_RELEVANT_SIGNAL_DOCUMENTED,DISPLAY_RELEVANT
honda.accord.gen10.us.2018,honda_accord_2018_can_generated.dbc,vehicle_can,DOORS_STATUS,0x405,DOOR_OPEN_FR,body.passenger_door,38,1,motorola,False,1.0,0.0,,CLUSTER_RELEVANT_SIGNAL_DOCUMENTED,DISPLAY_RELEVANT
honda.accord.gen10.us.2018,honda_accord_2018_can_generated.dbc,vehicle_can,DOORS_STATUS,0x405,DOOR_OPEN_RL,body.rear_left_door,39,1,motorola,False,1.0,0.0,,VEHICLE_PROTOCOL_DOCUMENTED,DISPLAY_RELEVANT
honda.accord.gen10.us.2018,honda_accord_2018_can_generated.dbc,vehicle_can,DOORS_STATUS,0x405,DOOR_OPEN_RR,body.rear_right_door,40,1,motorola,False,1.0,0.0,,VEHICLE_PROTOCOL_DOCUMENTED,DISPLAY_RELEVANT
honda.accord.gen10.us.2018,honda_accord_2018_can_generated.dbc,vehicle_can,DOORS_STATUS,0x405,TRUNK_OPEN,body.trunk,41,1,motorola,False,1.0,0.0,,CLUSTER_RELEVANT_SIGNAL_DOCUMENTED,DISPLAY_RELEVANT
honda.accord.gen10.us.2018,honda_accord_2018_can_generated.dbc,vehicle_can,DOORS_STATUS,0x405,COUNTER,,61,2,motorola,False,1.0,0.0,,VEHICLE_PROTOCOL_DOCUMENTED,DISPLAY_RELEVANT
honda.accord.gen10.us.2018,honda_accord_2018_can_generated.dbc,vehicle_can,DOORS_STATUS,0x405,CHECKSUM,,59,4,motorola,False,1.0,0.0,,VEHICLE_PROTOCOL_DOCUMENTED,DISPLAY_RELEVANT
honda.accord.gen10.us.2018,honda_accord_2018_can_generated.dbc,vehicle_can,KINEMATICS,0x94,LAT_ACCEL,,7,10,motorola,False,-0.035,17.92,m/s2,VEHICLE_PROTOCOL_DOCUMENTED,UNKNOWN
honda.accord.gen10.us.2018,honda_accord_2018_can_generated.dbc,vehicle_can,KINEMATICS,0x94,LONG_ACCEL,,25,10,motorola,False,-0.035,17.92,m/s2,VEHICLE_PROTOCOL_DOCUMENTED,UNKNOWN
honda.accord.gen10.us.2018,honda_accord_2018_can_generated.dbc,vehicle_can,KINEMATICS,0x94,CHECKSUM,,59,4,motorola,False,1.0,0.0,,VEHICLE_PROTOCOL_DOCUMENTED,UNKNOWN
honda.accord.gen10.us.2018,honda_accord_2018_can_generated.dbc,vehicle_can,KINEMATICS,0x94,COUNTER,,61,2,motorola,False,1.0,0.0,,VEHICLE_PROTOCOL_DOCUMENTED,UNKNOWN
honda.accord.gen10.us.2018,honda_accord_2018_can_generated.dbc,vehicle_can,STEERING_CONTROL,0xe4,STEER_TORQUE_REQUEST,,23,1,motorola,False,1.0,0.0,,VEHICLE_PROTOCOL_DOCUMENTED,ADAS_ONLY
honda.accord.gen10.us.2018,honda_accord_2018_can_generated.dbc,vehicle_can,STEERING_CONTROL,0xe4,SET_ME_X00,,22,7,motorola,False,1.0,0.0,,VEHICLE_PROTOCOL_DOCUMENTED,ADAS_ONLY
honda.accord.gen10.us.2018,honda_accord_2018_can_generated.dbc,vehicle_can,STEERING_CONTROL,0xe4,SET_ME_X00_2,,31,8,motorola,False,1.0,0.0,,VEHICLE_PROTOCOL_DOCUMENTED,ADAS_ONLY
honda.accord.gen10.us.2018,honda_accord_2018_can_generated.dbc,vehicle_can,STEERING_CONTROL,0xe4,STEER_TORQUE,,7,16,motorola,True,1.0,0.0,,VEHICLE_PROTOCOL_DOCUMENTED,ADAS_ONLY
honda.accord.gen10.us.2018,honda_accord_2018_can_generated.dbc,vehicle_can,STEERING_CONTROL,0xe4,STEER_DOWN_TO_ZERO,,38,1,motorola,False,1.0,0.0,,VEHICLE_PROTOCOL_DOCUMENTED,ADAS_ONLY
honda.accord.gen10.us.2018,honda_accord_2018_can_generated.dbc,vehicle_can,STEERING_CONTROL,0xe4,COUNTER,,37,2,motorola,False,1.0,0.0,,VEHICLE_PROTOCOL_DOCUMENTED,ADAS_ONLY
honda.accord.gen10.us.2018,honda_accord_2018_can_generated.dbc,vehicle_can,STEERING_CONTROL,0xe4,CHECKSUM,,35,4,motorola,False,1.0,0.0,,VEHICLE_PROTOCOL_DOCUMENTED,ADAS_ONLY
honda.accord.gen10.us.2018,honda_accord_2018_can_generated.dbc,vehicle_can,BOSCH_SUPPLEMENTAL_1,0xe5,SET_ME_X04,,0,8,intel,False,1.0,0.0,,VEHICLE_PROTOCOL_DOCUMENTED,UNKNOWN
honda.accord.gen10.us.2018,honda_accord_2018_can_generated.dbc,vehicle_can,BOSCH_SUPPLEMENTAL_1,0xe5,SET_ME_X00,,8,8,intel,False,1.0,0.0,,VEHICLE_PROTOCOL_DOCUMENTED,UNKNOWN
honda.accord.gen10.us.2018,honda_accord_2018_can_generated.dbc,vehicle_can,BOSCH_SUPPLEMENTAL_1,0xe5,SET_ME_X80,,16,8,intel,False,1.0,0.0,,VEHICLE_PROTOCOL_DOCUMENTED,UNKNOWN
honda.accord.gen10.us.2018,honda_accord_2018_can_generated.dbc,vehicle_can,BOSCH_SUPPLEMENTAL_1,0xe5,SET_ME_X10,,24,8,intel,False,1.0,0.0,,VEHICLE_PROTOCOL_DOCUMENTED,UNKNOWN
honda.accord.gen10.us.2018,honda_accord_2018_can_generated.dbc,vehicle_can,BOSCH_SUPPLEMENTAL_1,0xe5,COUNTER,,61,2,motorola,False,1.0,0.0,,VEHICLE_PROTOCOL_DOCUMENTED,UNKNOWN
honda.accord.gen10.us.2018,honda_accord_2018_can_generated.dbc,vehicle_can,BOSCH_SUPPLEMENTAL_1,0xe5,CHECKSUM,,59,4,motorola,False,1.0,0.0,,VEHICLE_PROTOCOL_DOCUMENTED,UNKNOWN
honda.accord.gen10.us.2018,honda_accord_2018_can_generated.dbc,vehicle_can,BRAKE_HOLD,0xe8,XMISSION_SPEED,vehicle.speed,7,14,motorola,True,1.0,0.0,,CLUSTER_RELEVANT_SIGNAL_DOCUMENTED,DISPLAY_RELEVANT
honda.accord.gen10.us.2018,honda_accord_2018_can_generated.dbc,vehicle_can,BRAKE_HOLD,0xe8,COMPUTER_BRAKE,,39,16,motorola,False,1.0,0.0,,VEHICLE_PROTOCOL_DOCUMENTED,DISPLAY_RELEVANT
honda.accord.gen10.us.2018,honda_accord_2018_can_generated.dbc,vehicle_can,BRAKE_HOLD,0xe8,COMPUTER_BRAKE_REQUEST,,29,1,motorola,False,1.0,0.0,,VEHICLE_PROTOCOL_DOCUMENTED,DISPLAY_RELEVANT
honda.accord.gen10.us.2018,honda_accord_2018_can_generated.dbc,vehicle_can,BRAKE_HOLD,0xe8,COUNTER,,53,2,motorola,False,1.0,0.0,,VEHICLE_PROTOCOL_DOCUMENTED,DISPLAY_RELEVANT
honda.accord.gen10.us.2018,honda_accord_2018_can_generated.dbc,vehicle_can,BRAKE_HOLD,0xe8,CHECKSUM,,51,4,motorola,False,1.0,0.0,,VEHICLE_PROTOCOL_DOCUMENTED,DISPLAY_RELEVANT
honda.accord.gen10.us.2018,honda_accord_2018_can_generated.dbc,vehicle_can,STEER_STATUS,0x18f,STEER_TORQUE_SENSOR,,7,16,motorola,True,-1.0,0.0,tbd,VEHICLE_PROTOCOL_DOCUMENTED,UNKNOWN
honda.accord.gen10.us.2018,honda_accord_2018_can_generated.dbc,vehicle_can,STEER_STATUS,0x18f,STEER_ANGLE_RATE,,23,16,motorola,True,-0.1,0.0,deg/s,VEHICLE_PROTOCOL_DOCUMENTED,UNKNOWN
honda.accord.gen10.us.2018,honda_accord_2018_can_generated.dbc,vehicle_can,STEER_STATUS,0x18f,STEER_STATUS,,39,4,motorola,False,1.0,0.0,,VEHICLE_PROTOCOL_DOCUMENTED,UNKNOWN
honda.accord.gen10.us.2018,honda_accord_2018_can_generated.dbc,vehicle_can,STEER_STATUS,0x18f,STEER_CONTROL_ACTIVE,,35,1,motorola,False,1.0,0.0,,VEHICLE_PROTOCOL_DOCUMENTED,UNKNOWN
honda.accord.gen10.us.2018,honda_accord_2018_can_generated.dbc,vehicle_can,STEER_STATUS,0x18f,STEER_CONFIG_INDEX,,43,4,motorola,False,1.0,0.0,,VEHICLE_PROTOCOL_DOCUMENTED,UNKNOWN
honda.accord.gen10.us.2018,honda_accord_2018_can_generated.dbc,vehicle_can,STEER_STATUS,0x18f,COUNTER,,53,2,motorola,False,1.0,0.0,,VEHICLE_PROTOCOL_DOCUMENTED,UNKNOWN
honda.accord.gen10.us.2018,honda_accord_2018_can_generated.dbc,vehicle_can,STEER_STATUS,0x18f,CHECKSUM,,51,4,motorola,False,1.0,0.0,,VEHICLE_PROTOCOL_DOCUMENTED,UNKNOWN
honda.accord.gen10.us.2018,honda_accord_2018_can_generated.dbc,vehicle_can,EPB_STATUS,0x1c2,EPB_ACTIVE,brakes.parking_brake,3,1,motorola,False,1.0,0.0,,CLUSTER_RELEVANT_SIGNAL_DOCUMENTED,DISPLAY_RELEVANT
honda.accord.gen10.us.2018,honda_accord_2018_can_generated.dbc,vehicle_can,EPB_STATUS,0x1c2,EPB_STATE,,29,2,motorola,False,1.0,0.0,,VEHICLE_PROTOCOL_DOCUMENTED,DISPLAY_RELEVANT
honda.accord.gen10.us.2018,honda_accord_2018_can_generated.dbc,vehicle_can,EPB_STATUS,0x1c2,COUNTER,,61,2,motorola,False,1.0,0.0,,VEHICLE_PROTOCOL_DOCUMENTED,DISPLAY_RELEVANT
honda.accord.gen10.us.2018,honda_accord_2018_can_generated.dbc,vehicle_can,EPB_STATUS,0x1c2,CHECKSUM,,59,4,motorola,False,1.0,0.0,,VEHICLE_PROTOCOL_DOCUMENTED,DISPLAY_RELEVANT
honda.accord.gen10.us.2018,honda_accord_2018_can_generated.dbc,vehicle_can,XXX_16,0x221,ECON_ON,,23,1,motorola,False,1.0,0.0,,VEHICLE_PROTOCOL_DOCUMENTED,UNKNOWN
honda.accord.gen10.us.2018,honda_accord_2018_can_generated.dbc,vehicle_can,XXX_16,0x221,DRIVE_MODE,,37,2,motorola,False,1.0,0.0,,VEHICLE_PROTOCOL_DOCUMENTED,UNKNOWN
honda.accord.gen10.us.2018,honda_accord_2018_can_generated.dbc,vehicle_can,XXX_16,0x221,COUNTER,,45,2,motorola,False,1.0,0.0,,VEHICLE_PROTOCOL_DOCUMENTED,UNKNOWN
honda.accord.gen10.us.2018,honda_accord_2018_can_generated.dbc,vehicle_can,XXX_16,0x221,CHECKSUM,,43,4,motorola,False,1.0,0.0,,VEHICLE_PROTOCOL_DOCUMENTED,UNKNOWN
honda.accord.gen10.us.2018,honda_accord_2018_can_generated.dbc,vehicle_can,LEFT_LANE_LINE_1,0x240,LINE_DISTANCE_VISIBLE,,39,9,motorola,False,1.0,0.0,,VEHICLE_PROTOCOL_DOCUMENTED,UNKNOWN
honda.accord.gen10.us.2018,honda_accord_2018_can_generated.dbc,vehicle_can,LEFT_LANE_LINE_1,0x240,LINE_PROBABILITY,,46,6,motorola,False,0.015625,0.0,,VEHICLE_PROTOCOL_DOCUMENTED,UNKNOWN
honda.accord.gen10.us.2018,honda_accord_2018_can_generated.dbc,vehicle_can,LEFT_LANE_LINE_1,0x240,LINE_OFFSET,,23,12,motorola,False,0.004,-8.192,Meters,VEHICLE_PROTOCOL_DOCUMENTED,UNKNOWN
honda.accord.gen10.us.2018,honda_accord_2018_can_generated.dbc,vehicle_can,LEFT_LANE_LINE_1,0x240,LINE_ANGLE,,7,12,motorola,False,0.0005,-1.024,,VEHICLE_PROTOCOL_DOCUMENTED,UNKNOWN
honda.accord.gen10.us.2018,honda_accord_2018_can_generated.dbc,vehicle_can,LEFT_LANE_LINE_1,0x240,FRAME_INDEX,,8,4,intel,False,1.0,0.0,,VEHICLE_PROTOCOL_DOCUMENTED,UNKNOWN
honda.accord.gen10.us.2018,honda_accord_2018_can_generated.dbc,vehicle_can,LEFT_LANE_LINE_1,0x240,COUNTER,,61,2,motorola,False,1.0,0.0,,VEHICLE_PROTOCOL_DOCUMENTED,UNKNOWN
honda.accord.gen10.us.2018,honda_accord_2018_can_generated.dbc,vehicle_can,LEFT_LANE_LINE_1,0x240,CHECKSUM,,59,4,motorola,False,1.0,0.0,,VEHICLE_PROTOCOL_DOCUMENTED,UNKNOWN
honda.accord.gen10.us.2018,honda_accord_2018_can_generated.dbc,vehicle_can,LEFT_LANE_LINE_2,0x241,LINE_FAR_EDGE_POSITION,,55,8,motorola,False,1.0,-128.0,,VEHICLE_PROTOCOL_DOCUMENTED,UNKNOWN
honda.accord.gen10.us.2018,honda_accord_2018_can_generated.dbc,vehicle_can,LEFT_LANE_LINE_2,0x241,LINE_SOLID,,13,1,motorola,False,1.0,0.0,,VEHICLE_PROTOCOL_DOCUMENTED,UNKNOWN
honda.accord.gen10.us.2018,honda_accord_2018_can_generated.dbc,vehicle_can,LEFT_LANE_LINE_2,0x241,LINE_DASHED,,14,1,motorola,False,1.0,0.0,,VEHICLE_PROTOCOL_DOCUMENTED,UNKNOWN
honda.accord.gen10.us.2018,honda_accord_2018_can_generated.dbc,vehicle_can,LEFT_LANE_LINE_2,0x241,LINE_CURVATURE,,23,12,motorola,False,1e-05,-0.02048,,VEHICLE_PROTOCOL_DOCUMENTED,UNKNOWN
honda.accord.gen10.us.2018,honda_accord_2018_can_generated.dbc,vehicle_can,LEFT_LANE_LINE_2,0x241,LINE_PARAMETER,,39,12,motorola,False,1.0,0.0,,VEHICLE_PROTOCOL_DOCUMENTED,UNKNOWN
honda.accord.gen10.us.2018,honda_accord_2018_can_generated.dbc,vehicle_can,LEFT_LANE_LINE_2,0x241,FRAME_INDEX,,7,4,motorola,False,1.0,0.0,,VEHICLE_PROTOCOL_DOCUMENTED,UNKNOWN
honda.accord.gen10.us.2018,honda_accord_2018_can_generated.dbc,vehicle_can,LEFT_LANE_LINE_2,0x241,COUNTER,,61,2,motorola,False,1.0,0.0,,VEHICLE_PROTOCOL_DOCUMENTED,UNKNOWN
honda.accord.gen10.us.2018,honda_accord_2018_can_generated.dbc,vehicle_can,LEFT_LANE_LINE_2,0x241,CHECKSUM,,59,4,motorola,False,1.0,0.0,,VEHICLE_PROTOCOL_DOCUMENTED,UNKNOWN
honda.accord.gen10.us.2018,honda_accord_2018_can_generated.dbc,vehicle_can,RIGHT_LANE_LINE_1,0x243,LINE_DISTANCE_VISIBLE,,39,9,motorola,False,1.0,0.0,,VEHICLE_PROTOCOL_DOCUMENTED,UNKNOWN
honda.accord.gen10.us.2018,honda_accord_2018_can_generated.dbc,vehicle_can,RIGHT_LANE_LINE_1,0x243,LINE_PROBABILITY,,46,6,motorola,False,0.015625,0.0,,VEHICLE_PROTOCOL_DOCUMENTED,UNKNOWN
honda.accord.gen10.us.2018,honda_accord_2018_can_generated.dbc,vehicle_can,RIGHT_LANE_LINE_1,0x243,LINE_OFFSET,,23,12,motorola,False,0.004,-8.192,Meters,VEHICLE_PROTOCOL_DOCUMENTED,UNKNOWN
honda.accord.gen10.us.2018,honda_accord_2018_can_generated.dbc,vehicle_can,RIGHT_LANE_LINE_1,0x243,LINE_ANGLE,,7,12,motorola,False,0.0005,-1.024,,VEHICLE_PROTOCOL_DOCUMENTED,UNKNOWN
honda.accord.gen10.us.2018,honda_accord_2018_can_generated.dbc,vehicle_can,RIGHT_LANE_LINE_1,0x243,FRAME_INDEX,,8,4,intel,False,1.0,0.0,,VEHICLE_PROTOCOL_DOCUMENTED,UNKNOWN
honda.accord.gen10.us.2018,honda_accord_2018_can_generated.dbc,vehicle_can,RIGHT_LANE_LINE_1,0x243,COUNTER,,61,2,motorola,False,1.0,0.0,,VEHICLE_PROTOCOL_DOCUMENTED,UNKNOWN
honda.accord.gen10.us.2018,honda_accord_2018_can_generated.dbc,vehicle_can,RIGHT_LANE_LINE_1,0x243,CHECKSUM,,59,4,motorola,False,1.0,0.0,,VEHICLE_PROTOCOL_DOCUMENTED,UNKNOWN
honda.accord.gen10.us.2018,honda_accord_2018_can_generated.dbc,vehicle_can,RIGHT_LANE_LINE_2,0x244,LINE_FAR_EDGE_POSITION,,55,8,motorola,False,1.0,-128.0,,VEHICLE_PROTOCOL_DOCUMENTED,UNKNOWN
honda.accord.gen10.us.2018,honda_accord_2018_can_generated.dbc,vehicle_can,RIGHT_LANE_LINE_2,0x244,LINE_SOLID,,13,1,motorola,False,1.0,0.0,,VEHICLE_PROTOCOL_DOCUMENTED,UNKNOWN
honda.accord.gen10.us.2018,honda_accord_2018_can_generated.dbc,vehicle_can,RIGHT_LANE_LINE_2,0x244,LINE_DASHED,,14,1,motorola,False,1.0,0.0,,VEHICLE_PROTOCOL_DOCUMENTED,UNKNOWN
honda.accord.gen10.us.2018,honda_accord_2018_can_generated.dbc,vehicle_can,RIGHT_LANE_LINE_2,0x244,LINE_CURVATURE,,23,12,motorola,False,1e-05,-0.02048,,VEHICLE_PROTOCOL_DOCUMENTED,UNKNOWN
honda.accord.gen10.us.2018,honda_accord_2018_can_generated.dbc,vehicle_can,RIGHT_LANE_LINE_2,0x244,LINE_PARAMETER,,39,12,motorola,False,1.0,0.0,,VEHICLE_PROTOCOL_DOCUMENTED,UNKNOWN
honda.accord.gen10.us.2018,honda_accord_2018_can_generated.dbc,vehicle_can,RIGHT_LANE_LINE_2,0x244,FRAME_INDEX,,7,4,motorola,False,1.0,0.0,,VEHICLE_PROTOCOL_DOCUMENTED,UNKNOWN
honda.accord.gen10.us.2018,honda_accord_2018_can_generated.dbc,vehicle_can,RIGHT_LANE_LINE_2,0x244,COUNTER,,61,2,motorola,False,1.0,0.0,,VEHICLE_PROTOCOL_DOCUMENTED,UNKNOWN
honda.accord.gen10.us.2018,honda_accord_2018_can_generated.dbc,vehicle_can,RIGHT_LANE_LINE_2,0x244,CHECKSUM,,59,4,motorola,False,1.0,0.0,,VEHICLE_PROTOCOL_DOCUMENTED,UNKNOWN
honda.accord.gen10.us.2018,honda_accord_2018_can_generated.dbc,vehicle_can,ADJACENT_LEFT_LANE_LINE_1,0x246,LINE_DISTANCE_VISIBLE,,39,9,motorola,False,1.0,0.0,,VEHICLE_PROTOCOL_DOCUMENTED,UNKNOWN
honda.accord.gen10.us.2018,honda_accord_2018_can_generated.dbc,vehicle_can,ADJACENT_LEFT_LANE_LINE_1,0x246,LINE_PROBABILITY,,46,6,motorola,False,0.015625,0.0,,VEHICLE_PROTOCOL_DOCUMENTED,UNKNOWN
honda.accord.gen10.us.2018,honda_accord_2018_can_generated.dbc,vehicle_can,ADJACENT_LEFT_LANE_LINE_1,0x246,LINE_OFFSET,,23,12,motorola,False,0.004,-8.192,Meters,VEHICLE_PROTOCOL_DOCUMENTED,UNKNOWN
honda.accord.gen10.us.2018,honda_accord_2018_can_generated.dbc,vehicle_can,ADJACENT_LEFT_LANE_LINE_1,0x246,LINE_ANGLE,,7,12,motorola,False,0.0005,-1.024,,VEHICLE_PROTOCOL_DOCUMENTED,UNKNOWN
honda.accord.gen10.us.2018,honda_accord_2018_can_generated.dbc,vehicle_can,ADJACENT_LEFT_LANE_LINE_1,0x246,FRAME_INDEX,,8,4,intel,False,1.0,0.0,,VEHICLE_PROTOCOL_DOCUMENTED,UNKNOWN
honda.accord.gen10.us.2018,honda_accord_2018_can_generated.dbc,vehicle_can,ADJACENT_LEFT_LANE_LINE_1,0x246,COUNTER,,61,2,motorola,False,1.0,0.0,,VEHICLE_PROTOCOL_DOCUMENTED,UNKNOWN
honda.accord.gen10.us.2018,honda_accord_2018_can_generated.dbc,vehicle_can,ADJACENT_LEFT_LANE_LINE_1,0x246,CHECKSUM,,59,4,motorola,False,1.0,0.0,,VEHICLE_PROTOCOL_DOCUMENTED,UNKNOWN
honda.accord.gen10.us.2018,honda_accord_2018_can_generated.dbc,vehicle_can,ADJACENT_LEFT_LANE_LINE_2,0x247,LINE_FAR_EDGE_POSITION,,55,8,motorola,False,1.0,-128.0,,VEHICLE_PROTOCOL_DOCUMENTED,UNKNOWN
honda.accord.gen10.us.2018,honda_accord_2018_can_generated.dbc,vehicle_can,ADJACENT_LEFT_LANE_LINE_2,0x247,LINE_SOLID,,13,1,motorola,False,1.0,0.0,,VEHICLE_PROTOCOL_DOCUMENTED,UNKNOWN
honda.accord.gen10.us.2018,honda_accord_2018_can_generated.dbc,vehicle_can,ADJACENT_LEFT_LANE_LINE_2,0x247,LINE_DASHED,,14,1,motorola,False,1.0,0.0,,VEHICLE_PROTOCOL_DOCUMENTED,UNKNOWN
honda.accord.gen10.us.2018,honda_accord_2018_can_generated.dbc,vehicle_can,ADJACENT_LEFT_LANE_LINE_2,0x247,LINE_CURVATURE,,23,12,motorola,False,1e-05,-0.02048,,VEHICLE_PROTOCOL_DOCUMENTED,UNKNOWN
honda.accord.gen10.us.2018,honda_accord_2018_can_generated.dbc,vehicle_can,ADJACENT_LEFT_LANE_LINE_2,0x247,LINE_PARAMETER,,39,12,motorola,False,1.0,0.0,,VEHICLE_PROTOCOL_DOCUMENTED,UNKNOWN
honda.accord.gen10.us.2018,honda_accord_2018_can_generated.dbc,vehicle_can,ADJACENT_LEFT_LANE_LINE_2,0x247,FRAME_INDEX,,7,4,motorola,False,1.0,0.0,,VEHICLE_PROTOCOL_DOCUMENTED,UNKNOWN
honda.accord.gen10.us.2018,honda_accord_2018_can_generated.dbc,vehicle_can,ADJACENT_LEFT_LANE_LINE_2,0x247,COUNTER,,61,2,motorola,False,1.0,0.0,,VEHICLE_PROTOCOL_DOCUMENTED,UNKNOWN
honda.accord.gen10.us.2018,honda_accord_2018_can_generated.dbc,vehicle_can,ADJACENT_LEFT_LANE_LINE_2,0x247,CHECKSUM,,59,4,motorola,False,1.0,0.0,,VEHICLE_PROTOCOL_DOCUMENTED,UNKNOWN
honda.accord.gen10.us.2018,honda_accord_2018_can_generated.dbc,vehicle_can,ADJACENT_RIGHT_LANE_LINE_1,0x249,LINE_DISTANCE_VISIBLE,,39,9,motorola,False,1.0,0.0,,VEHICLE_PROTOCOL_DOCUMENTED,UNKNOWN
honda.accord.gen10.us.2018,honda_accord_2018_can_generated.dbc,vehicle_can,ADJACENT_RIGHT_LANE_LINE_1,0x249,LINE_PROBABILITY,,46,6,motorola,False,0.015625,0.0,,VEHICLE_PROTOCOL_DOCUMENTED,UNKNOWN
honda.accord.gen10.us.2018,honda_accord_2018_can_generated.dbc,vehicle_can,ADJACENT_RIGHT_LANE_LINE_1,0x249,LINE_OFFSET,,23,12,motorola,False,0.004,-8.192,Meters,VEHICLE_PROTOCOL_DOCUMENTED,UNKNOWN
honda.accord.gen10.us.2018,honda_accord_2018_can_generated.dbc,vehicle_can,ADJACENT_RIGHT_LANE_LINE_1,0x249,LINE_ANGLE,,7,12,motorola,False,0.0005,-1.024,,VEHICLE_PROTOCOL_DOCUMENTED,UNKNOWN
honda.accord.gen10.us.2018,honda_accord_2018_can_generated.dbc,vehicle_can,ADJACENT_RIGHT_LANE_LINE_1,0x249,FRAME_INDEX,,8,4,intel,False,1.0,0.0,,VEHICLE_PROTOCOL_DOCUMENTED,UNKNOWN
honda.accord.gen10.us.2018,honda_accord_2018_can_generated.dbc,vehicle_can,ADJACENT_RIGHT_LANE_LINE_1,0x249,COUNTER,,61,2,motorola,False,1.0,0.0,,VEHICLE_PROTOCOL_DOCUMENTED,UNKNOWN
honda.accord.gen10.us.2018,honda_accord_2018_can_generated.dbc,vehicle_can,ADJACENT_RIGHT_LANE_LINE_1,0x249,CHECKSUM,,59,4,motorola,False,1.0,0.0,,VEHICLE_PROTOCOL_DOCUMENTED,UNKNOWN
honda.accord.gen10.us.2018,honda_accord_2018_can_generated.dbc,vehicle_can,ADJACENT_RIGHT_LANE_LINE_2,0x24a,LINE_FAR_EDGE_POSITION,,55,8,motorola,False,1.0,-128.0,,VEHICLE_PROTOCOL_DOCUMENTED,UNKNOWN
honda.accord.gen10.us.2018,honda_accord_2018_can_generated.dbc,vehicle_can,ADJACENT_RIGHT_LANE_LINE_2,0x24a,LINE_SOLID,,13,1,motorola,False,1.0,0.0,,VEHICLE_PROTOCOL_DOCUMENTED,UNKNOWN
honda.accord.gen10.us.2018,honda_accord_2018_can_generated.dbc,vehicle_can,ADJACENT_RIGHT_LANE_LINE_2,0x24a,LINE_DASHED,,14,1,motorola,False,1.0,0.0,,VEHICLE_PROTOCOL_DOCUMENTED,UNKNOWN
honda.accord.gen10.us.2018,honda_accord_2018_can_generated.dbc,vehicle_can,ADJACENT_RIGHT_LANE_LINE_2,0x24a,LINE_CURVATURE,,23,12,motorola,False,1e-05,-0.02048,,VEHICLE_PROTOCOL_DOCUMENTED,UNKNOWN
honda.accord.gen10.us.2018,honda_accord_2018_can_generated.dbc,vehicle_can,ADJACENT_RIGHT_LANE_LINE_2,0x24a,LINE_PARAMETER,,39,12,motorola,False,1.0,0.0,,VEHICLE_PROTOCOL_DOCUMENTED,UNKNOWN
honda.accord.gen10.us.2018,honda_accord_2018_can_generated.dbc,vehicle_can,ADJACENT_RIGHT_LANE_LINE_2,0x24a,FRAME_INDEX,,7,4,motorola,False,1.0,0.0,,VEHICLE_PROTOCOL_DOCUMENTED,UNKNOWN
honda.accord.gen10.us.2018,honda_accord_2018_can_generated.dbc,vehicle_can,ADJACENT_RIGHT_LANE_LINE_2,0x24a,COUNTER,,61,2,motorola,False,1.0,0.0,,VEHICLE_PROTOCOL_DOCUMENTED,UNKNOWN
honda.accord.gen10.us.2018,honda_accord_2018_can_generated.dbc,vehicle_can,ADJACENT_RIGHT_LANE_LINE_2,0x24a,CHECKSUM,,59,4,motorola,False,1.0,0.0,,VEHICLE_PROTOCOL_DOCUMENTED,UNKNOWN
honda.accord.gen10.us.2018,honda_accord_2018_can_generated.dbc,vehicle_can,ROUGH_WHEEL_SPEED,0x255,WHEEL_SPEED_FL,,7,8,motorola,False,1.0,0.0,mph,VEHICLE_PROTOCOL_DOCUMENTED,POWERTRAIN_ONLY
honda.accord.gen10.us.2018,honda_accord_2018_can_generated.dbc,vehicle_can,ROUGH_WHEEL_SPEED,0x255,WHEEL_SPEED_FR,,15,8,motorola,False,1.0,0.0,mph,VEHICLE_PROTOCOL_DOCUMENTED,POWERTRAIN_ONLY
honda.accord.gen10.us.2018,honda_accord_2018_can_generated.dbc,vehicle_can,ROUGH_WHEEL_SPEED,0x255,WHEEL_SPEED_RL,,23,8,motorola,False,1.0,0.0,mph,VEHICLE_PROTOCOL_DOCUMENTED,POWERTRAIN_ONLY
honda.accord.gen10.us.2018,honda_accord_2018_can_generated.dbc,vehicle_can,ROUGH_WHEEL_SPEED,0x255,WHEEL_SPEED_RR,,31,8,motorola,False,1.0,0.0,mph,VEHICLE_PROTOCOL_DOCUMENTED,POWERTRAIN_ONLY
honda.accord.gen10.us.2018,honda_accord_2018_can_generated.dbc,vehicle_can,ROUGH_WHEEL_SPEED,0x255,SET_TO_X55,,39,8,motorola,False,1.0,0.0,,VEHICLE_PROTOCOL_DOCUMENTED,POWERTRAIN_ONLY
honda.accord.gen10.us.2018,honda_accord_2018_can_generated.dbc,vehicle_can,ROUGH_WHEEL_SPEED,0x255,SET_TO_X55_2,,47,8,motorola,False,1.0,0.0,,VEHICLE_PROTOCOL_DOCUMENTED,POWERTRAIN_ONLY
honda.accord.gen10.us.2018,honda_accord_2018_can_generated.dbc,vehicle_can,ROUGH_WHEEL_SPEED,0x255,LONG_COUNTER,,55,8,motorola,False,1.0,0.0,,VEHICLE_PROTOCOL_DOCUMENTED,POWERTRAIN_ONLY
honda.accord.gen10.us.2018,honda_accord_2018_can_generated.dbc,vehicle_can,ROUGH_WHEEL_SPEED,0x255,CHECKSUM,,59,4,motorola,False,1.0,0.0,,VEHICLE_PROTOCOL_DOCUMENTED,POWERTRAIN_ONLY
honda.accord.gen10.us.2018,honda_accord_2018_can_generated.dbc,vehicle_can,ROUGH_WHEEL_SPEED,0x255,COUNTER,,61,2,motorola,False,1.0,0.0,,VEHICLE_PROTOCOL_DOCUMENTED,POWERTRAIN_ONLY
honda.accord.gen10.us.2018,honda_accord_2018_can_generated.dbc,vehicle_can,SCM_BUTTONS,0x296,CRUISE_BUTTONS,,7,3,motorola,False,1.0,0.0,,VEHICLE_PROTOCOL_DOCUMENTED,BODY_RELEVANT
honda.accord.gen10.us.2018,honda_accord_2018_can_generated.dbc,vehicle_can,SCM_BUTTONS,0x296,CRUISE_SETTING,,3,2,motorola,False,1.0,0.0,,VEHICLE_PROTOCOL_DOCUMENTED,BODY_RELEVANT
honda.accord.gen10.us.2018,honda_accord_2018_can_generated.dbc,vehicle_can,SCM_BUTTONS,0x296,COUNTER,,29,2,motorola,False,1.0,0.0,,VEHICLE_PROTOCOL_DOCUMENTED,BODY_RELEVANT
honda.accord.gen10.us.2018,honda_accord_2018_can_generated.dbc,vehicle_can,SCM_BUTTONS,0x296,CHECKSUM,,27,4,motorola,False,1.0,0.0,,VEHICLE_PROTOCOL_DOCUMENTED,BODY_RELEVANT
honda.accord.gen10.us.2018,honda_accord_2018_can_generated.dbc,vehicle_can,SCM_FEEDBACK,0x326,DRIVERS_DOOR_OPEN,,17,1,motorola,False,1.0,0.0,,VEHICLE_PROTOCOL_DOCUMENTED,DISPLAY_RELEVANT
honda.accord.gen10.us.2018,honda_accord_2018_can_generated.dbc,vehicle_can,SCM_FEEDBACK,0x326,MAIN_ON,,28,1,motorola,False,1.0,0.0,,VEHICLE_PROTOCOL_DOCUMENTED,DISPLAY_RELEVANT
honda.accord.gen10.us.2018,honda_accord_2018_can_generated.dbc,vehicle_can,SCM_FEEDBACK,0x326,RIGHT_BLINKER,lighting.right_indicator,27,1,motorola,False,1.0,0.0,,CLUSTER_RELEVANT_SIGNAL_DOCUMENTED,DISPLAY_RELEVANT
honda.accord.gen10.us.2018,honda_accord_2018_can_generated.dbc,vehicle_can,SCM_FEEDBACK,0x326,LEFT_BLINKER,lighting.left_indicator,26,1,motorola,False,1.0,0.0,,CLUSTER_RELEVANT_SIGNAL_DOCUMENTED,DISPLAY_RELEVANT
honda.accord.gen10.us.2018,honda_accord_2018_can_generated.dbc,vehicle_can,SCM_FEEDBACK,0x326,CMBS_STATES,,22,2,motorola,False,1.0,0.0,,VEHICLE_PROTOCOL_DOCUMENTED,DISPLAY_RELEVANT
honda.accord.gen10.us.2018,honda_accord_2018_can_generated.dbc,vehicle_can,SCM_FEEDBACK,0x326,COUNTER,,61,2,motorola,False,1.0,0.0,,VEHICLE_PROTOCOL_DOCUMENTED,DISPLAY_RELEVANT
honda.accord.gen10.us.2018,honda_accord_2018_can_generated.dbc,vehicle_can,SCM_FEEDBACK,0x326,CHECKSUM,,59,4,motorola,False,1.0,0.0,,VEHICLE_PROTOCOL_DOCUMENTED,DISPLAY_RELEVANT
honda.accord.gen10.us.2018,honda_accord_2018_can_generated.dbc,vehicle_can,CAMERA_MESSAGES,0x35e,ZEROS_BOH,,7,50,motorola,False,1.0,0.0,,VEHICLE_PROTOCOL_DOCUMENTED,ADAS_ONLY
honda.accord.gen10.us.2018,honda_accord_2018_can_generated.dbc,vehicle_can,CAMERA_MESSAGES,0x35e,AUTO_HIGHBEAMS_ACTIVE,,53,1,motorola,False,1.0,0.0,,VEHICLE_PROTOCOL_DOCUMENTED,ADAS_ONLY
honda.accord.gen10.us.2018,honda_accord_2018_can_generated.dbc,vehicle_can,CAMERA_MESSAGES,0x35e,HIGHBEAMS_ON,,52,1,motorola,False,1.0,0.0,,VEHICLE_PROTOCOL_DOCUMENTED,ADAS_ONLY
honda.accord.gen10.us.2018,honda_accord_2018_can_generated.dbc,vehicle_can,CAMERA_MESSAGES,0x35e,ZEROS_BOH_2,,51,4,motorola,False,1.0,0.0,,VEHICLE_PROTOCOL_DOCUMENTED,ADAS_ONLY
honda.accord.gen10.us.2018,honda_accord_2018_can_generated.dbc,vehicle_can,CAMERA_MESSAGES,0x35e,COUNTER,,61,2,motorola,False,1.0,0.0,,VEHICLE_PROTOCOL_DOCUMENTED,ADAS_ONLY
honda.accord.gen10.us.2018,honda_accord_2018_can_generated.dbc,vehicle_can,CAMERA_MESSAGES,0x35e,CHECKSUM,,59,4,motorola,False,1.0,0.0,,VEHICLE_PROTOCOL_DOCUMENTED,ADAS_ONLY
honda.accord.gen10.us.2018,honda_accord_2018_can_generated.dbc,vehicle_can,RADAR_HUD,0x39f,ZEROS_BOH,,7,10,motorola,False,1.0,0.0,,VEHICLE_PROTOCOL_DOCUMENTED,ADAS_ONLY
honda.accord.gen10.us.2018,honda_accord_2018_can_generated.dbc,vehicle_can,RADAR_HUD,0x39f,CMBS_OFF,,12,1,motorola,False,1.0,0.0,,VEHICLE_PROTOCOL_DOCUMENTED,ADAS_ONLY
honda.accord.gen10.us.2018,honda_accord_2018_can_generated.dbc,vehicle_can,RADAR_HUD,0x39f,RESUME_INSTRUCTION,,21,1,motorola,False,1.0,0.0,,VEHICLE_PROTOCOL_DOCUMENTED,ADAS_ONLY
honda.accord.gen10.us.2018,honda_accord_2018_can_generated.dbc,vehicle_can,RADAR_HUD,0x39f,SET_TO_1,,13,1,motorola,False,1.0,0.0,,VEHICLE_PROTOCOL_DOCUMENTED,ADAS_ONLY
honda.accord.gen10.us.2018,honda_accord_2018_can_generated.dbc,vehicle_can,RADAR_HUD,0x39f,ZEROS_BOH2,,11,4,motorola,False,1.0,0.0,,VEHICLE_PROTOCOL_DOCUMENTED,ADAS_ONLY
honda.accord.gen10.us.2018,honda_accord_2018_can_generated.dbc,vehicle_can,RADAR_HUD,0x39f,APPLY_BRAKES_FOR_CANC,,23,1,motorola,False,1.0,0.0,,VEHICLE_PROTOCOL_DOCUMENTED,ADAS_ONLY
honda.accord.gen10.us.2018,honda_accord_2018_can_generated.dbc,vehicle_can,RADAR_HUD,0x39f,ACC_ALERTS,,20,5,motorola,False,1.0,0.0,,VEHICLE_PROTOCOL_DOCUMENTED,ADAS_ONLY
honda.accord.gen10.us.2018,honda_accord_2018_can_generated.dbc,vehicle_can,RADAR_HUD,0x39f,SET_TO_0,,22,1,motorola,False,1.0,0.0,,VEHICLE_PROTOCOL_DOCUMENTED,ADAS_ONLY
honda.accord.gen10.us.2018,honda_accord_2018_can_generated.dbc,vehicle_can,RADAR_HUD,0x39f,HUD_LEAD,,40,1,motorola,False,1.0,0.0,,VEHICLE_PROTOCOL_DOCUMENTED,ADAS_ONLY
honda.accord.gen10.us.2018,honda_accord_2018_can_generated.dbc,vehicle_can,RADAR_HUD,0x39f,SET_TO_64,,31,8,motorola,False,1.0,0.0,,VEHICLE_PROTOCOL_DOCUMENTED,ADAS_ONLY
honda.accord.gen10.us.2018,honda_accord_2018_can_generated.dbc,vehicle_can,RADAR_HUD,0x39f,LEAD_DISTANCE,,39,8,motorola,False,1.0,0.0,,VEHICLE_PROTOCOL_DOCUMENTED,ADAS_ONLY
honda.accord.gen10.us.2018,honda_accord_2018_can_generated.dbc,vehicle_can,RADAR_HUD,0x39f,ZEROS_BOH3,,47,7,motorola,False,1.0,0.0,,VEHICLE_PROTOCOL_DOCUMENTED,ADAS_ONLY
honda.accord.gen10.us.2018,honda_accord_2018_can_generated.dbc,vehicle_can,RADAR_HUD,0x39f,ZEROS_BOH4,,55,8,motorola,False,1.0,0.0,,VEHICLE_PROTOCOL_DOCUMENTED,ADAS_ONLY
honda.accord.gen10.us.2018,honda_accord_2018_can_generated.dbc,vehicle_can,RADAR_HUD,0x39f,COUNTER,,61,2,motorola,False,1.0,0.0,,VEHICLE_PROTOCOL_DOCUMENTED,ADAS_ONLY
honda.accord.gen10.us.2018,honda_accord_2018_can_generated.dbc,vehicle_can,RADAR_HUD,0x39f,CHECKSUM,,59,4,motorola,False,1.0,0.0,,VEHICLE_PROTOCOL_DOCUMENTED,ADAS_ONLY
honda.accord.gen10.us.2018,honda_accord_2018_can_generated.dbc,vehicle_can,LKAS_HUD_A,0x000033DA,CAM_TEMP_HIGH,,7,1,motorola,False,1.0,0.0,,VEHICLE_PROTOCOL_DOCUMENTED,ADAS_ONLY
honda.accord.gen10.us.2018,honda_accord_2018_can_generated.dbc,vehicle_can,LKAS_HUD_A,0x000033DA,SET_ME_X41,,6,7,motorola,False,1.0,0.0,,VEHICLE_PROTOCOL_DOCUMENTED,ADAS_ONLY
honda.accord.gen10.us.2018,honda_accord_2018_can_generated.dbc,vehicle_can,LKAS_HUD_A,0x000033DA,BOH,,6,7,motorola,False,1.0,0.0,,VEHICLE_PROTOCOL_DOCUMENTED,ADAS_ONLY
honda.accord.gen10.us.2018,honda_accord_2018_can_generated.dbc,vehicle_can,LKAS_HUD_A,0x000033DA,DASHED_LANES,,14,1,motorola,False,1.0,0.0,,VEHICLE_PROTOCOL_DOCUMENTED,ADAS_ONLY
honda.accord.gen10.us.2018,honda_accord_2018_can_generated.dbc,vehicle_can,LKAS_HUD_A,0x000033DA,DTC,,13,1,motorola,False,1.0,0.0,,VEHICLE_PROTOCOL_DOCUMENTED,ADAS_ONLY
honda.accord.gen10.us.2018,honda_accord_2018_can_generated.dbc,vehicle_can,LKAS_HUD_A,0x000033DA,LKAS_PROBLEM,,12,1,motorola,False,1.0,0.0,,VEHICLE_PROTOCOL_DOCUMENTED,ADAS_ONLY
honda.accord.gen10.us.2018,honda_accord_2018_can_generated.dbc,vehicle_can,LKAS_HUD_A,0x000033DA,LKAS_OFF,,11,1,motorola,False,1.0,0.0,,VEHICLE_PROTOCOL_DOCUMENTED,ADAS_ONLY
honda.accord.gen10.us.2018,honda_accord_2018_can_generated.dbc,vehicle_can,LKAS_HUD_A,0x000033DA,SOLID_LANES,,10,1,motorola,False,1.0,0.0,,VEHICLE_PROTOCOL_DOCUMENTED,ADAS_ONLY
honda.accord.gen10.us.2018,honda_accord_2018_can_generated.dbc,vehicle_can,LKAS_HUD_A,0x000033DA,LDW_RIGHT,,9,1,motorola,False,1.0,0.0,,VEHICLE_PROTOCOL_DOCUMENTED,ADAS_ONLY
honda.accord.gen10.us.2018,honda_accord_2018_can_generated.dbc,vehicle_can,LKAS_HUD_A,0x000033DA,STEERING_REQUIRED,,8,1,motorola,False,1.0,0.0,,VEHICLE_PROTOCOL_DOCUMENTED,ADAS_ONLY
honda.accord.gen10.us.2018,honda_accord_2018_can_generated.dbc,vehicle_can,LKAS_HUD_A,0x000033DA,BOH_2,,23,2,motorola,False,1.0,0.0,,VEHICLE_PROTOCOL_DOCUMENTED,ADAS_ONLY
honda.accord.gen10.us.2018,honda_accord_2018_can_generated.dbc,vehicle_can,LKAS_HUD_A,0x000033DA,LDW_PROBLEM,,21,1,motorola,False,1.0,0.0,,VEHICLE_PROTOCOL_DOCUMENTED,ADAS_ONLY
honda.accord.gen10.us.2018,honda_accord_2018_can_generated.dbc,vehicle_can,LKAS_HUD_A,0x000033DA,BEEP,,17,2,motorola,False,1.0,0.0,,VEHICLE_PROTOCOL_DOCUMENTED,ADAS_ONLY
honda.accord.gen10.us.2018,honda_accord_2018_can_generated.dbc,vehicle_can,LKAS_HUD_A,0x000033DA,SET_ME_X01,,20,1,motorola,False,1.0,0.0,,VEHICLE_PROTOCOL_DOCUMENTED,ADAS_ONLY
honda.accord.gen10.us.2018,honda_accord_2018_can_generated.dbc,vehicle_can,LKAS_HUD_A,0x000033DA,LDW_ON,,28,1,motorola,False,1.0,0.0,,VEHICLE_PROTOCOL_DOCUMENTED,ADAS_ONLY
honda.accord.gen10.us.2018,honda_accord_2018_can_generated.dbc,vehicle_can,LKAS_HUD_A,0x000033DA,LDW_OFF,,27,1,motorola,False,1.0,0.0,,VEHICLE_PROTOCOL_DOCUMENTED,ADAS_ONLY
honda.accord.gen10.us.2018,honda_accord_2018_can_generated.dbc,vehicle_can,LKAS_HUD_A,0x000033DA,CLEAN_WINDSHIELD,,26,1,motorola,False,1.0,0.0,,VEHICLE_PROTOCOL_DOCUMENTED,ADAS_ONLY
honda.accord.gen10.us.2018,honda_accord_2018_can_generated.dbc,vehicle_can,LKAS_HUD_A,0x000033DA,COUNTER,,37,2,motorola,False,1.0,0.0,,VEHICLE_PROTOCOL_DOCUMENTED,ADAS_ONLY
honda.accord.gen10.us.2018,honda_accord_2018_can_generated.dbc,vehicle_can,LKAS_HUD_A,0x000033DA,CHECKSUM,,35,4,motorola,False,1.0,0.0,,VEHICLE_PROTOCOL_DOCUMENTED,ADAS_ONLY
honda.accord.gen10.us.2018,honda_accord_2018_can_generated.dbc,vehicle_can,LKAS_HUD_B,0x000033DB,CAM_TEMP_HIGH,,7,1,motorola,False,1.0,0.0,,VEHICLE_PROTOCOL_DOCUMENTED,ADAS_ONLY
honda.accord.gen10.us.2018,honda_accord_2018_can_generated.dbc,vehicle_can,LKAS_HUD_B,0x000033DB,SET_ME_X41,,6,7,motorola,False,1.0,0.0,,VEHICLE_PROTOCOL_DOCUMENTED,ADAS_ONLY
honda.accord.gen10.us.2018,honda_accord_2018_can_generated.dbc,vehicle_can,LKAS_HUD_B,0x000033DB,BOH,,6,7,motorola,False,1.0,0.0,,VEHICLE_PROTOCOL_DOCUMENTED,ADAS_ONLY
honda.accord.gen10.us.2018,honda_accord_2018_can_generated.dbc,vehicle_can,LKAS_HUD_B,0x000033DB,DASHED_LANES,,14,1,motorola,False,1.0,0.0,,VEHICLE_PROTOCOL_DOCUMENTED,ADAS_ONLY
honda.accord.gen10.us.2018,honda_accord_2018_can_generated.dbc,vehicle_can,LKAS_HUD_B,0x000033DB,DTC,,13,1,motorola,False,1.0,0.0,,VEHICLE_PROTOCOL_DOCUMENTED,ADAS_ONLY
honda.accord.gen10.us.2018,honda_accord_2018_can_generated.dbc,vehicle_can,LKAS_HUD_B,0x000033DB,LKAS_PROBLEM,,12,1,motorola,False,1.0,0.0,,VEHICLE_PROTOCOL_DOCUMENTED,ADAS_ONLY
honda.accord.gen10.us.2018,honda_accord_2018_can_generated.dbc,vehicle_can,LKAS_HUD_B,0x000033DB,LKAS_OFF,,11,1,motorola,False,1.0,0.0,,VEHICLE_PROTOCOL_DOCUMENTED,ADAS_ONLY
honda.accord.gen10.us.2018,honda_accord_2018_can_generated.dbc,vehicle_can,LKAS_HUD_B,0x000033DB,SOLID_LANES,,10,1,motorola,False,1.0,0.0,,VEHICLE_PROTOCOL_DOCUMENTED,ADAS_ONLY
honda.accord.gen10.us.2018,honda_accord_2018_can_generated.dbc,vehicle_can,LKAS_HUD_B,0x000033DB,LDW_RIGHT,,9,1,motorola,False,1.0,0.0,,VEHICLE_PROTOCOL_DOCUMENTED,ADAS_ONLY
honda.accord.gen10.us.2018,honda_accord_2018_can_generated.dbc,vehicle_can,LKAS_HUD_B,0x000033DB,STEERING_REQUIRED,,8,1,motorola,False,1.0,0.0,,VEHICLE_PROTOCOL_DOCUMENTED,ADAS_ONLY
honda.accord.gen10.us.2018,honda_accord_2018_can_generated.dbc,vehicle_can,LKAS_HUD_B,0x000033DB,BOH_2,,23,2,motorola,False,1.0,0.0,,VEHICLE_PROTOCOL_DOCUMENTED,ADAS_ONLY
honda.accord.gen10.us.2018,honda_accord_2018_can_generated.dbc,vehicle_can,LKAS_HUD_B,0x000033DB,LDW_PROBLEM,,21,1,motorola,False,1.0,0.0,,VEHICLE_PROTOCOL_DOCUMENTED,ADAS_ONLY
honda.accord.gen10.us.2018,honda_accord_2018_can_generated.dbc,vehicle_can,LKAS_HUD_B,0x000033DB,BEEP,,17,2,motorola,False,1.0,0.0,,VEHICLE_PROTOCOL_DOCUMENTED,ADAS_ONLY
honda.accord.gen10.us.2018,honda_accord_2018_can_generated.dbc,vehicle_can,LKAS_HUD_B,0x000033DB,SET_ME_X01,,20,1,motorola,False,1.0,0.0,,VEHICLE_PROTOCOL_DOCUMENTED,ADAS_ONLY
honda.accord.gen10.us.2018,honda_accord_2018_can_generated.dbc,vehicle_can,LKAS_HUD_B,0x000033DB,LDW_ON,,28,1,motorola,False,1.0,0.0,,VEHICLE_PROTOCOL_DOCUMENTED,ADAS_ONLY
honda.accord.gen10.us.2018,honda_accord_2018_can_generated.dbc,vehicle_can,LKAS_HUD_B,0x000033DB,LDW_OFF,,27,1,motorola,False,1.0,0.0,,VEHICLE_PROTOCOL_DOCUMENTED,ADAS_ONLY
honda.accord.gen10.us.2018,honda_accord_2018_can_generated.dbc,vehicle_can,LKAS_HUD_B,0x000033DB,CLEAN_WINDSHIELD,,26,1,motorola,False,1.0,0.0,,VEHICLE_PROTOCOL_DOCUMENTED,ADAS_ONLY
honda.accord.gen10.us.2018,honda_accord_2018_can_generated.dbc,vehicle_can,LKAS_HUD_B,0x000033DB,COUNTER,,61,2,motorola,False,1.0,0.0,,VEHICLE_PROTOCOL_DOCUMENTED,ADAS_ONLY
honda.accord.gen10.us.2018,honda_accord_2018_can_generated.dbc,vehicle_can,LKAS_HUD_B,0x000033DB,CHECKSUM,,59,4,motorola,False,1.0,0.0,,VEHICLE_PROTOCOL_DOCUMENTED,ADAS_ONLY
honda.accord.gen10.us.2018,honda_accord_2018_can_generated.dbc,vehicle_can,ACC_CONTROL,0x1df,SET_TO_0,,20,5,motorola,False,1.0,0.0,,VEHICLE_PROTOCOL_DOCUMENTED,ADAS_ONLY
honda.accord.gen10.us.2018,honda_accord_2018_can_generated.dbc,vehicle_can,ACC_CONTROL,0x1df,CONTROL_ON,,23,3,motorola,False,1.0,0.0,,VEHICLE_PROTOCOL_DOCUMENTED,ADAS_ONLY
honda.accord.gen10.us.2018,honda_accord_2018_can_generated.dbc,vehicle_can,ACC_CONTROL,0x1df,GAS_COMMAND,,7,16,motorola,True,1.0,0.0,,VEHICLE_PROTOCOL_DOCUMENTED,ADAS_ONLY
honda.accord.gen10.us.2018,honda_accord_2018_can_generated.dbc,vehicle_can,ACC_CONTROL,0x1df,ACCEL_COMMAND,,31,11,motorola,True,0.01,0.0,m/s2,VEHICLE_PROTOCOL_DOCUMENTED,ADAS_ONLY
honda.accord.gen10.us.2018,honda_accord_2018_can_generated.dbc,vehicle_can,ACC_CONTROL,0x1df,BRAKE_LIGHTS,,62,1,motorola,False,1.0,0.0,,VEHICLE_PROTOCOL_DOCUMENTED,ADAS_ONLY
honda.accord.gen10.us.2018,honda_accord_2018_can_generated.dbc,vehicle_can,ACC_CONTROL,0x1df,BRAKE_REQUEST,,34,1,motorola,False,1.0,0.0,,VEHICLE_PROTOCOL_DOCUMENTED,ADAS_ONLY
honda.accord.gen10.us.2018,honda_accord_2018_can_generated.dbc,vehicle_can,ACC_CONTROL,0x1df,STANDSTILL,,35,1,motorola,False,1.0,0.0,,VEHICLE_PROTOCOL_DOCUMENTED,ADAS_ONLY
honda.accord.gen10.us.2018,honda_accord_2018_can_generated.dbc,vehicle_can,ACC_CONTROL,0x1df,STANDSTILL_RELEASE,,36,1,motorola,False,1.0,0.0,,VEHICLE_PROTOCOL_DOCUMENTED,ADAS_ONLY
honda.accord.gen10.us.2018,honda_accord_2018_can_generated.dbc,vehicle_can,ACC_CONTROL,0x1df,AEB_STATUS,,33,1,motorola,False,1.0,0.0,,VEHICLE_PROTOCOL_DOCUMENTED,ADAS_ONLY
honda.accord.gen10.us.2018,honda_accord_2018_can_generated.dbc,vehicle_can,ACC_CONTROL,0x1df,AEB_BRAKING,,47,1,motorola,False,1.0,0.0,,VEHICLE_PROTOCOL_DOCUMENTED,ADAS_ONLY
honda.accord.gen10.us.2018,honda_accord_2018_can_generated.dbc,vehicle_can,ACC_CONTROL,0x1df,AEB_PREPARE,,43,1,motorola,False,1.0,0.0,,VEHICLE_PROTOCOL_DOCUMENTED,ADAS_ONLY
honda.accord.gen10.us.2018,honda_accord_2018_can_generated.dbc,vehicle_can,ACC_CONTROL,0x1df,COUNTER,,61,2,motorola,False,1.0,0.0,,VEHICLE_PROTOCOL_DOCUMENTED,ADAS_ONLY
honda.accord.gen10.us.2018,honda_accord_2018_can_generated.dbc,vehicle_can,ACC_CONTROL,0x1df,CHECKSUM,,59,4,motorola,False,1.0,0.0,,VEHICLE_PROTOCOL_DOCUMENTED,ADAS_ONLY
honda.accord.gen10.us.2018,honda_accord_2018_can_generated.dbc,vehicle_can,ACC_CONTROL_ON,0x1ef,SET_TO_75,,31,8,motorola,False,1.0,0.0,,VEHICLE_PROTOCOL_DOCUMENTED,ADAS_ONLY
honda.accord.gen10.us.2018,honda_accord_2018_can_generated.dbc,vehicle_can,ACC_CONTROL_ON,0x1ef,SET_TO_30,,39,8,motorola,False,1.0,0.0,,VEHICLE_PROTOCOL_DOCUMENTED,ADAS_ONLY
honda.accord.gen10.us.2018,honda_accord_2018_can_generated.dbc,vehicle_can,ACC_CONTROL_ON,0x1ef,ZEROS_BOH,,23,8,motorola,False,1.0,0.0,,VEHICLE_PROTOCOL_DOCUMENTED,ADAS_ONLY
honda.accord.gen10.us.2018,honda_accord_2018_can_generated.dbc,vehicle_can,ACC_CONTROL_ON,0x1ef,ZEROS_BOH2,,47,16,motorola,False,1.0,0.0,,VEHICLE_PROTOCOL_DOCUMENTED,ADAS_ONLY
honda.accord.gen10.us.2018,honda_accord_2018_can_generated.dbc,vehicle_can,ACC_CONTROL_ON,0x1ef,SET_TO_FF,,15,8,motorola,False,1.0,0.0,,VEHICLE_PROTOCOL_DOCUMENTED,ADAS_ONLY
honda.accord.gen10.us.2018,honda_accord_2018_can_generated.dbc,vehicle_can,ACC_CONTROL_ON,0x1ef,SET_TO_3,,6,7,motorola,False,1.0,0.0,,VEHICLE_PROTOCOL_DOCUMENTED,ADAS_ONLY
honda.accord.gen10.us.2018,honda_accord_2018_can_generated.dbc,vehicle_can,ACC_CONTROL_ON,0x1ef,CONTROL_ON,,7,1,motorola,False,1.0,0.0,,VEHICLE_PROTOCOL_DOCUMENTED,ADAS_ONLY
honda.accord.gen10.us.2018,honda_accord_2018_can_generated.dbc,vehicle_can,ACC_CONTROL_ON,0x1ef,CHECKSUM,,59,4,motorola,False,1.0,0.0,,VEHICLE_PROTOCOL_DOCUMENTED,ADAS_ONLY
honda.accord.gen10.us.2018,honda_accord_2018_can_generated.dbc,vehicle_can,ACC_CONTROL_ON,0x1ef,COUNTER,,61,2,motorola,False,1.0,0.0,,VEHICLE_PROTOCOL_DOCUMENTED,ADAS_ONLY
honda.accord.gen10.us.2018,honda_accord_2018_can_generated.dbc,vehicle_can,LKAS_HUD,0x33d,CAM_TEMP_HIGH,,7,1,motorola,False,1.0,0.0,,VEHICLE_PROTOCOL_DOCUMENTED,ADAS_ONLY
honda.accord.gen10.us.2018,honda_accord_2018_can_generated.dbc,vehicle_can,LKAS_HUD,0x33d,SET_ME_X41,,6,7,motorola,False,1.0,0.0,,VEHICLE_PROTOCOL_DOCUMENTED,ADAS_ONLY
honda.accord.gen10.us.2018,honda_accord_2018_can_generated.dbc,vehicle_can,LKAS_HUD,0x33d,BOH,,6,7,motorola,False,1.0,0.0,,VEHICLE_PROTOCOL_DOCUMENTED,ADAS_ONLY
honda.accord.gen10.us.2018,honda_accord_2018_can_generated.dbc,vehicle_can,LKAS_HUD,0x33d,DASHED_LANES,,14,1,motorola,False,1.0,0.0,,VEHICLE_PROTOCOL_DOCUMENTED,ADAS_ONLY
honda.accord.gen10.us.2018,honda_accord_2018_can_generated.dbc,vehicle_can,LKAS_HUD,0x33d,DTC,,13,1,motorola,False,1.0,0.0,,VEHICLE_PROTOCOL_DOCUMENTED,ADAS_ONLY
honda.accord.gen10.us.2018,honda_accord_2018_can_generated.dbc,vehicle_can,LKAS_HUD,0x33d,LKAS_PROBLEM,,12,1,motorola,False,1.0,0.0,,VEHICLE_PROTOCOL_DOCUMENTED,ADAS_ONLY
honda.accord.gen10.us.2018,honda_accord_2018_can_generated.dbc,vehicle_can,LKAS_HUD,0x33d,LKAS_OFF,,11,1,motorola,False,1.0,0.0,,VEHICLE_PROTOCOL_DOCUMENTED,ADAS_ONLY
honda.accord.gen10.us.2018,honda_accord_2018_can_generated.dbc,vehicle_can,LKAS_HUD,0x33d,SOLID_LANES,,10,1,motorola,False,1.0,0.0,,VEHICLE_PROTOCOL_DOCUMENTED,ADAS_ONLY
honda.accord.gen10.us.2018,honda_accord_2018_can_generated.dbc,vehicle_can,LKAS_HUD,0x33d,LDW_RIGHT,,9,1,motorola,False,1.0,0.0,,VEHICLE_PROTOCOL_DOCUMENTED,ADAS_ONLY
honda.accord.gen10.us.2018,honda_accord_2018_can_generated.dbc,vehicle_can,LKAS_HUD,0x33d,STEERING_REQUIRED,,8,1,motorola,False,1.0,0.0,,VEHICLE_PROTOCOL_DOCUMENTED,ADAS_ONLY
honda.accord.gen10.us.2018,honda_accord_2018_can_generated.dbc,vehicle_can,LKAS_HUD,0x33d,BOH_2,,23,2,motorola,False,1.0,0.0,,VEHICLE_PROTOCOL_DOCUMENTED,ADAS_ONLY
honda.accord.gen10.us.2018,honda_accord_2018_can_generated.dbc,vehicle_can,LKAS_HUD,0x33d,LDW_PROBLEM,,21,1,motorola,False,1.0,0.0,,VEHICLE_PROTOCOL_DOCUMENTED,ADAS_ONLY
honda.accord.gen10.us.2018,honda_accord_2018_can_generated.dbc,vehicle_can,LKAS_HUD,0x33d,BEEP,,17,2,motorola,False,1.0,0.0,,VEHICLE_PROTOCOL_DOCUMENTED,ADAS_ONLY
honda.accord.gen10.us.2018,honda_accord_2018_can_generated.dbc,vehicle_can,LKAS_HUD,0x33d,LDW_ON,,28,1,motorola,False,1.0,0.0,,VEHICLE_PROTOCOL_DOCUMENTED,ADAS_ONLY
honda.accord.gen10.us.2018,honda_accord_2018_can_generated.dbc,vehicle_can,LKAS_HUD,0x33d,LDW_OFF,,27,1,motorola,False,1.0,0.0,,VEHICLE_PROTOCOL_DOCUMENTED,ADAS_ONLY
honda.accord.gen10.us.2018,honda_accord_2018_can_generated.dbc,vehicle_can,LKAS_HUD,0x33d,CLEAN_WINDSHIELD,,26,1,motorola,False,1.0,0.0,,VEHICLE_PROTOCOL_DOCUMENTED,ADAS_ONLY
honda.accord.gen10.us.2018,honda_accord_2018_can_generated.dbc,vehicle_can,LKAS_HUD,0x33d,SET_ME_X48,,31,8,motorola,False,1.0,0.0,,VEHICLE_PROTOCOL_DOCUMENTED,ADAS_ONLY
honda.accord.gen10.us.2018,honda_accord_2018_can_generated.dbc,vehicle_can,LKAS_HUD,0x33d,COUNTER,,37,2,motorola,False,1.0,0.0,,VEHICLE_PROTOCOL_DOCUMENTED,ADAS_ONLY
honda.accord.gen10.us.2018,honda_accord_2018_can_generated.dbc,vehicle_can,LKAS_HUD,0x33d,CHECKSUM,,35,4,motorola,False,1.0,0.0,,VEHICLE_PROTOCOL_DOCUMENTED,ADAS_ONLY
honda.accord.gen10.us.2018,honda_accord_2018_can_generated.dbc,vehicle_can,STEERING_SENSORS,0x14a,STEER_ANGLE,chassis.steering_angle,7,16,motorola,True,-0.1,0.0,deg,VEHICLE_PROTOCOL_DOCUMENTED,UNKNOWN
honda.accord.gen10.us.2018,honda_accord_2018_can_generated.dbc,vehicle_can,STEERING_SENSORS,0x14a,STEER_ANGLE_RATE,,23,16,motorola,True,-1.0,0.0,deg/s,VEHICLE_PROTOCOL_DOCUMENTED,UNKNOWN
honda.accord.gen10.us.2018,honda_accord_2018_can_generated.dbc,vehicle_can,STEERING_SENSORS,0x14a,STEER_SENSOR_STATUS_1,,34,1,motorola,False,1.0,0.0,,VEHICLE_PROTOCOL_DOCUMENTED,UNKNOWN
honda.accord.gen10.us.2018,honda_accord_2018_can_generated.dbc,vehicle_can,STEERING_SENSORS,0x14a,STEER_SENSOR_STATUS_2,,33,1,motorola,False,1.0,0.0,,VEHICLE_PROTOCOL_DOCUMENTED,UNKNOWN
honda.accord.gen10.us.2018,honda_accord_2018_can_generated.dbc,vehicle_can,STEERING_SENSORS,0x14a,STEER_SENSOR_STATUS_3,,32,1,motorola,False,1.0,0.0,,VEHICLE_PROTOCOL_DOCUMENTED,UNKNOWN
honda.accord.gen10.us.2018,honda_accord_2018_can_generated.dbc,vehicle_can,STEERING_SENSORS,0x14a,STEER_WHEEL_ANGLE,,47,16,motorola,True,-0.1,0.0,deg,VEHICLE_PROTOCOL_DOCUMENTED,UNKNOWN
honda.accord.gen10.us.2018,honda_accord_2018_can_generated.dbc,vehicle_can,STEERING_SENSORS,0x14a,COUNTER,,61,2,motorola,False,1.0,0.0,,VEHICLE_PROTOCOL_DOCUMENTED,UNKNOWN
honda.accord.gen10.us.2018,honda_accord_2018_can_generated.dbc,vehicle_can,STEERING_SENSORS,0x14a,CHECKSUM,,59,4,motorola,False,1.0,0.0,,VEHICLE_PROTOCOL_DOCUMENTED,UNKNOWN
honda.accord.gen10.us.2018,honda_accord_2018_can_generated.dbc,vehicle_can,GEARBOX_15T,0x191,GEAR_SHIFTER,transmission.gear,5,6,motorola,False,1.0,0.0,,CLUSTER_RELEVANT_SIGNAL_DOCUMENTED,DISPLAY_RELEVANT
honda.accord.gen10.us.2018,honda_accord_2018_can_generated.dbc,vehicle_can,GEARBOX_15T,0x191,BOH,,45,6,motorola,False,1.0,0.0,,VEHICLE_PROTOCOL_DOCUMENTED,DISPLAY_RELEVANT
honda.accord.gen10.us.2018,honda_accord_2018_can_generated.dbc,vehicle_can,GEARBOX_15T,0x191,GEAR2,,31,8,motorola,False,1.0,0.0,,VEHICLE_PROTOCOL_DOCUMENTED,DISPLAY_RELEVANT
honda.accord.gen10.us.2018,honda_accord_2018_can_generated.dbc,vehicle_can,GEARBOX_15T,0x191,GEAR,,39,8,motorola,False,1.0,0.0,,VEHICLE_PROTOCOL_DOCUMENTED,DISPLAY_RELEVANT
honda.accord.gen10.us.2018,honda_accord_2018_can_generated.dbc,vehicle_can,GEARBOX_15T,0x191,ZEROS_BOH,,47,2,motorola,False,1.0,0.0,,VEHICLE_PROTOCOL_DOCUMENTED,DISPLAY_RELEVANT
honda.accord.gen10.us.2018,honda_accord_2018_can_generated.dbc,vehicle_can,GEARBOX_15T,0x191,COUNTER,,61,2,motorola,False,1.0,0.0,,VEHICLE_PROTOCOL_DOCUMENTED,DISPLAY_RELEVANT
honda.accord.gen10.us.2018,honda_accord_2018_can_generated.dbc,vehicle_can,GEARBOX_15T,0x191,CHECKSUM,,59,4,motorola,False,1.0,0.0,,VEHICLE_PROTOCOL_DOCUMENTED,DISPLAY_RELEVANT
honda.accord.gen10.us.2018,honda_accord_2018_can_generated.dbc,vehicle_can,GEARBOX,0x1a3,GEAR_SHIFTER,transmission.gear,24,8,intel,False,1.0,0.0,,CLUSTER_RELEVANT_SIGNAL_DOCUMENTED,DISPLAY_RELEVANT
honda.accord.gen10.us.2018,honda_accord_2018_can_generated.dbc,vehicle_can,GEARBOX,0x1a3,GEAR,,32,8,intel,False,1.0,0.0,,VEHICLE_PROTOCOL_DOCUMENTED,DISPLAY_RELEVANT
honda.accord.gen10.us.2018,honda_accord_2018_can_generated.dbc,vehicle_can,GEARBOX,0x1a3,COUNTER,,61,2,motorola,False,1.0,0.0,,VEHICLE_PROTOCOL_DOCUMENTED,DISPLAY_RELEVANT
honda.accord.gen10.us.2018,honda_accord_2018_can_generated.dbc,vehicle_can,GEARBOX,0x1a3,CHECKSUM,,59,4,motorola,False,1.0,0.0,,VEHICLE_PROTOCOL_DOCUMENTED,DISPLAY_RELEVANT
honda.accord.gen10.us.2018,honda_accord_2018_can_generated.dbc,vehicle_can,STANDSTILL,0x1b0,WHEELS_MOVING,,12,1,motorola,False,1.0,0.0,,VEHICLE_PROTOCOL_DOCUMENTED,POWERTRAIN_ONLY
honda.accord.gen10.us.2018,honda_accord_2018_can_generated.dbc,vehicle_can,STANDSTILL,0x1b0,BRAKE_ERROR_1,,11,1,motorola,False,1.0,0.0,,VEHICLE_PROTOCOL_DOCUMENTED,POWERTRAIN_ONLY
honda.accord.gen10.us.2018,honda_accord_2018_can_generated.dbc,vehicle_can,STANDSTILL,0x1b0,BRAKE_ERROR_2,,9,1,motorola,False,1.0,0.0,,VEHICLE_PROTOCOL_DOCUMENTED,POWERTRAIN_ONLY
honda.accord.gen10.us.2018,honda_accord_2018_can_generated.dbc,vehicle_can,STANDSTILL,0x1b0,COUNTER,,53,2,motorola,False,1.0,0.0,,VEHICLE_PROTOCOL_DOCUMENTED,POWERTRAIN_ONLY
honda.accord.gen10.us.2018,honda_accord_2018_can_generated.dbc,vehicle_can,STANDSTILL,0x1b0,CHECKSUM,,51,4,motorola,False,1.0,0.0,,VEHICLE_PROTOCOL_DOCUMENTED,POWERTRAIN_ONLY
honda.accord.gen10.us.2018,honda_accord_2018_can_generated.dbc,vehicle_can,BRAKE_MODULE,0x1be,BRAKE_PRESSED,brakes.service_brake,4,1,motorola,False,1.0,0.0,,VEHICLE_PROTOCOL_DOCUMENTED,UNKNOWN
honda.accord.gen10.us.2018,honda_accord_2018_can_generated.dbc,vehicle_can,BRAKE_MODULE,0x1be,COUNTER,,21,2,motorola,False,1.0,0.0,,VEHICLE_PROTOCOL_DOCUMENTED,UNKNOWN
honda.accord.gen10.us.2018,honda_accord_2018_can_generated.dbc,vehicle_can,BRAKE_MODULE,0x1be,CHECKSUM,,19,4,motorola,False,1.0,0.0,,VEHICLE_PROTOCOL_DOCUMENTED,UNKNOWN
honda.accord.gen10.us.2018,honda_accord_2018_can_generated.dbc,vehicle_can,LEGACY_BRAKE_COMMAND,0x1fa,CHIME,,40,8,intel,False,1.0,0.0,,VEHICLE_PROTOCOL_DOCUMENTED,ADAS_ONLY
honda.accord.gen10.us.2018,honda_accord_2018_can_generated.dbc,vehicle_can,LEGACY_BRAKE_COMMAND,0x1fa,CHECKSUM,,59,4,motorola,False,1.0,0.0,,VEHICLE_PROTOCOL_DOCUMENTED,ADAS_ONLY
honda.accord.gen10.us.2018,honda_accord_2018_can_generated.dbc,vehicle_can,LEGACY_BRAKE_COMMAND,0x1fa,COUNTER,,61,2,motorola,False,1.0,0.0,,VEHICLE_PROTOCOL_DOCUMENTED,ADAS_ONLY
honda.accord.gen10.us.2018,honda_accord_2018_can_generated.dbc,vehicle_can,CRUISE_PARAMS,0x37c,CRUISE_SPEED_OFFSET,,31,8,motorola,True,0.1,0.0,kph,VEHICLE_PROTOCOL_DOCUMENTED,POWERTRAIN_ONLY
honda.accord.gen10.us.2018,honda_accord_2018_can_generated.dbc,vehicle_can,CRUISE_PARAMS,0x37c,CHECKSUM,,59,4,motorola,False,1.0,0.0,,VEHICLE_PROTOCOL_DOCUMENTED,POWERTRAIN_ONLY
honda.accord.gen10.us.2018,honda_accord_2018_can_generated.dbc,vehicle_can,CRUISE_PARAMS,0x37c,COUNTER,,61,2,motorola,False,1.0,0.0,,VEHICLE_PROTOCOL_DOCUMENTED,POWERTRAIN_ONLY
honda.accord.gen10.us.2018,honda_accord_2018_can_generated.dbc,vehicle_can,ODOMETER,0x516,ODOMETER,vehicle.odometer,7,24,motorola,False,1.0,0.0,km,CLUSTER_RELEVANT_SIGNAL_DOCUMENTED,DISPLAY_RELEVANT
honda.accord.gen10.us.2018,honda_accord_2018_can_generated.dbc,vehicle_can,ODOMETER,0x516,COUNTER,,61,2,motorola,False,1.0,0.0,,VEHICLE_PROTOCOL_DOCUMENTED,DISPLAY_RELEVANT
honda.accord.gen10.us.2018,honda_accord_2018_can_generated.dbc,vehicle_can,ODOMETER,0x516,CHECKSUM,,59,4,motorola,False,1.0,0.0,,VEHICLE_PROTOCOL_DOCUMENTED,DISPLAY_RELEVANT
honda.crv.gen5.us.ex_2017,honda_crv_ex_2017_can_generated.dbc,vehicle_can,GAS_PEDAL_2,0x130,ENGINE_TORQUE_ESTIMATE,,7,16,motorola,True,1.0,0.0,Nm,VEHICLE_PROTOCOL_DOCUMENTED,POWERTRAIN_ONLY
honda.crv.gen5.us.ex_2017,honda_crv_ex_2017_can_generated.dbc,vehicle_can,GAS_PEDAL_2,0x130,ENGINE_TORQUE_REQUEST,,23,16,motorola,True,1.0,0.0,Nm,VEHICLE_PROTOCOL_DOCUMENTED,POWERTRAIN_ONLY
honda.crv.gen5.us.ex_2017,honda_crv_ex_2017_can_generated.dbc,vehicle_can,GAS_PEDAL_2,0x130,CAR_GAS,,39,8,motorola,False,1.0,0.0,,VEHICLE_PROTOCOL_DOCUMENTED,POWERTRAIN_ONLY
honda.crv.gen5.us.ex_2017,honda_crv_ex_2017_can_generated.dbc,vehicle_can,GAS_PEDAL_2,0x130,COUNTER,,61,2,motorola,False,1.0,0.0,,VEHICLE_PROTOCOL_DOCUMENTED,POWERTRAIN_ONLY
honda.crv.gen5.us.ex_2017,honda_crv_ex_2017_can_generated.dbc,vehicle_can,GAS_PEDAL_2,0x130,CHECKSUM,,59,4,motorola,False,1.0,0.0,,VEHICLE_PROTOCOL_DOCUMENTED,POWERTRAIN_ONLY
honda.crv.gen5.us.ex_2017,honda_crv_ex_2017_can_generated.dbc,vehicle_can,GAS_PEDAL,0x13c,CAR_GAS,,39,8,motorola,False,1.0,0.0,,VEHICLE_PROTOCOL_DOCUMENTED,POWERTRAIN_ONLY
honda.crv.gen5.us.ex_2017,honda_crv_ex_2017_can_generated.dbc,vehicle_can,GAS_PEDAL,0x13c,COUNTER,,61,2,motorola,False,1.0,0.0,,VEHICLE_PROTOCOL_DOCUMENTED,POWERTRAIN_ONLY
honda.crv.gen5.us.ex_2017,honda_crv_ex_2017_can_generated.dbc,vehicle_can,GAS_PEDAL,0x13c,CHECKSUM,,59,4,motorola,False,1.0,0.0,,VEHICLE_PROTOCOL_DOCUMENTED,POWERTRAIN_ONLY
honda.crv.gen5.us.ex_2017,honda_crv_ex_2017_can_generated.dbc,vehicle_can,ENGINE_DATA,0x158,XMISSION_SPEED,vehicle.speed,7,16,motorola,False,0.01,0.0,kph,CLUSTER_RELEVANT_SIGNAL_DOCUMENTED,DISPLAY_RELEVANT
honda.crv.gen5.us.ex_2017,honda_crv_ex_2017_can_generated.dbc,vehicle_can,ENGINE_DATA,0x158,ENGINE_RPM,powertrain.engine_rpm,23,16,motorola,False,1.0,0.0,rpm,CLUSTER_RELEVANT_SIGNAL_DOCUMENTED,DISPLAY_RELEVANT
honda.crv.gen5.us.ex_2017,honda_crv_ex_2017_can_generated.dbc,vehicle_can,ENGINE_DATA,0x158,XMISSION_SPEED2,,39,16,motorola,False,0.01,0.0,kph,VEHICLE_PROTOCOL_DOCUMENTED,DISPLAY_RELEVANT
honda.crv.gen5.us.ex_2017,honda_crv_ex_2017_can_generated.dbc,vehicle_can,ENGINE_DATA,0x158,ODOMETER,vehicle.odometer,55,8,motorola,False,10.0,0.0,m,CLUSTER_RELEVANT_SIGNAL_DOCUMENTED,DISPLAY_RELEVANT
honda.crv.gen5.us.ex_2017,honda_crv_ex_2017_can_generated.dbc,vehicle_can,ENGINE_DATA,0x158,COUNTER,,61,2,motorola,False,1.0,0.0,,VEHICLE_PROTOCOL_DOCUMENTED,DISPLAY_RELEVANT
honda.crv.gen5.us.ex_2017,honda_crv_ex_2017_can_generated.dbc,vehicle_can,ENGINE_DATA,0x158,CHECKSUM,,59,4,motorola,False,1.0,0.0,,VEHICLE_PROTOCOL_DOCUMENTED,DISPLAY_RELEVANT
honda.crv.gen5.us.ex_2017,honda_crv_ex_2017_can_generated.dbc,vehicle_can,POWERTRAIN_DATA,0x17c,PEDAL_GAS,powertrain.throttle_position,7,8,motorola,False,1.0,0.0,,VEHICLE_PROTOCOL_DOCUMENTED,DISPLAY_RELEVANT
honda.crv.gen5.us.ex_2017,honda_crv_ex_2017_can_generated.dbc,vehicle_can,POWERTRAIN_DATA,0x17c,ENGINE_RPM,powertrain.engine_rpm,23,16,motorola,False,1.0,0.0,rpm,CLUSTER_RELEVANT_SIGNAL_DOCUMENTED,DISPLAY_RELEVANT
honda.crv.gen5.us.ex_2017,honda_crv_ex_2017_can_generated.dbc,vehicle_can,POWERTRAIN_DATA,0x17c,GAS_PRESSED,,39,1,motorola,False,1.0,0.0,,VEHICLE_PROTOCOL_DOCUMENTED,DISPLAY_RELEVANT
honda.crv.gen5.us.ex_2017,honda_crv_ex_2017_can_generated.dbc,vehicle_can,POWERTRAIN_DATA,0x17c,ACC_STATUS,adas.acc_state,38,1,motorola,False,1.0,0.0,,VEHICLE_PROTOCOL_DOCUMENTED,DISPLAY_RELEVANT
honda.crv.gen5.us.ex_2017,honda_crv_ex_2017_can_generated.dbc,vehicle_can,POWERTRAIN_DATA,0x17c,BOH_17C,,37,5,motorola,False,1.0,0.0,,VEHICLE_PROTOCOL_DOCUMENTED,DISPLAY_RELEVANT
honda.crv.gen5.us.ex_2017,honda_crv_ex_2017_can_generated.dbc,vehicle_can,POWERTRAIN_DATA,0x17c,BRAKE_SWITCH,,32,1,motorola,False,1.0,0.0,,VEHICLE_PROTOCOL_DOCUMENTED,DISPLAY_RELEVANT
honda.crv.gen5.us.ex_2017,honda_crv_ex_2017_can_generated.dbc,vehicle_can,POWERTRAIN_DATA,0x17c,BOH2_17C,,47,10,motorola,False,1.0,0.0,,VEHICLE_PROTOCOL_DOCUMENTED,DISPLAY_RELEVANT
honda.crv.gen5.us.ex_2017,honda_crv_ex_2017_can_generated.dbc,vehicle_can,POWERTRAIN_DATA,0x17c,BRAKE_PRESSED,brakes.service_brake,53,1,motorola,False,1.0,0.0,,VEHICLE_PROTOCOL_DOCUMENTED,DISPLAY_RELEVANT
honda.crv.gen5.us.ex_2017,honda_crv_ex_2017_can_generated.dbc,vehicle_can,POWERTRAIN_DATA,0x17c,BOH3_17C,,52,5,motorola,False,1.0,0.0,,VEHICLE_PROTOCOL_DOCUMENTED,DISPLAY_RELEVANT
honda.crv.gen5.us.ex_2017,honda_crv_ex_2017_can_generated.dbc,vehicle_can,POWERTRAIN_DATA,0x17c,COUNTER,,61,2,motorola,False,1.0,0.0,,VEHICLE_PROTOCOL_DOCUMENTED,DISPLAY_RELEVANT
honda.crv.gen5.us.ex_2017,honda_crv_ex_2017_can_generated.dbc,vehicle_can,POWERTRAIN_DATA,0x17c,CHECKSUM,,59,4,motorola,False,1.0,0.0,,VEHICLE_PROTOCOL_DOCUMENTED,DISPLAY_RELEVANT
honda.crv.gen5.us.ex_2017,honda_crv_ex_2017_can_generated.dbc,vehicle_can,VSA_STATUS,0x1a4,USER_BRAKE,,7,16,motorola,False,0.015625,-1.609375,,VEHICLE_PROTOCOL_DOCUMENTED,DISPLAY_RELEVANT
honda.crv.gen5.us.ex_2017,honda_crv_ex_2017_can_generated.dbc,vehicle_can,VSA_STATUS,0x1a4,COMPUTER_BRAKING,,23,1,motorola,False,1.0,0.0,,VEHICLE_PROTOCOL_DOCUMENTED,DISPLAY_RELEVANT
honda.crv.gen5.us.ex_2017,honda_crv_ex_2017_can_generated.dbc,vehicle_can,VSA_STATUS,0x1a4,ESP_DISABLED,stability.vsa_warning,28,1,motorola,False,1.0,0.0,,CLUSTER_RELEVANT_SIGNAL_DOCUMENTED,DISPLAY_RELEVANT
honda.crv.gen5.us.ex_2017,honda_crv_ex_2017_can_generated.dbc,vehicle_can,VSA_STATUS,0x1a4,BRAKE_HOLD_RELATED,,52,1,motorola,False,1.0,0.0,,VEHICLE_PROTOCOL_DOCUMENTED,DISPLAY_RELEVANT
honda.crv.gen5.us.ex_2017,honda_crv_ex_2017_can_generated.dbc,vehicle_can,VSA_STATUS,0x1a4,BRAKE_HOLD_ACTIVE,,46,1,motorola,False,1.0,0.0,,VEHICLE_PROTOCOL_DOCUMENTED,DISPLAY_RELEVANT
honda.crv.gen5.us.ex_2017,honda_crv_ex_2017_can_generated.dbc,vehicle_can,VSA_STATUS,0x1a4,BRAKE_HOLD_ENABLED,,45,1,motorola,False,1.0,0.0,,VEHICLE_PROTOCOL_DOCUMENTED,DISPLAY_RELEVANT
honda.crv.gen5.us.ex_2017,honda_crv_ex_2017_can_generated.dbc,vehicle_can,VSA_STATUS,0x1a4,COUNTER,,61,2,motorola,False,1.0,0.0,,VEHICLE_PROTOCOL_DOCUMENTED,DISPLAY_RELEVANT
honda.crv.gen5.us.ex_2017,honda_crv_ex_2017_can_generated.dbc,vehicle_can,VSA_STATUS,0x1a4,CHECKSUM,,59,4,motorola,False,1.0,0.0,,VEHICLE_PROTOCOL_DOCUMENTED,DISPLAY_RELEVANT
honda.crv.gen5.us.ex_2017,honda_crv_ex_2017_can_generated.dbc,vehicle_can,STEER_MOTOR_TORQUE,0x1ab,CONFIG_VALID,,7,1,motorola,False,1.0,0.0,,VEHICLE_PROTOCOL_DOCUMENTED,UNKNOWN
honda.crv.gen5.us.ex_2017,honda_crv_ex_2017_can_generated.dbc,vehicle_can,STEER_MOTOR_TORQUE,0x1ab,MOTOR_TORQUE,,1,10,motorola,False,1.0,0.0,,VEHICLE_PROTOCOL_DOCUMENTED,UNKNOWN
honda.crv.gen5.us.ex_2017,honda_crv_ex_2017_can_generated.dbc,vehicle_can,STEER_MOTOR_TORQUE,0x1ab,OUTPUT_DISABLED,,22,1,motorola,False,1.0,0.0,,VEHICLE_PROTOCOL_DOCUMENTED,UNKNOWN
honda.crv.gen5.us.ex_2017,honda_crv_ex_2017_can_generated.dbc,vehicle_can,STEER_MOTOR_TORQUE,0x1ab,COUNTER,,21,2,motorola,False,1.0,0.0,,VEHICLE_PROTOCOL_DOCUMENTED,UNKNOWN
honda.crv.gen5.us.ex_2017,honda_crv_ex_2017_can_generated.dbc,vehicle_can,STEER_MOTOR_TORQUE,0x1ab,CHECKSUM,,19,4,motorola,False,1.0,0.0,,VEHICLE_PROTOCOL_DOCUMENTED,UNKNOWN
honda.crv.gen5.us.ex_2017,honda_crv_ex_2017_can_generated.dbc,vehicle_can,WHEEL_SPEEDS,0x1d0,WHEEL_SPEED_FL,,7,15,motorola,False,0.01,0.0,kph,VEHICLE_PROTOCOL_DOCUMENTED,POWERTRAIN_ONLY
honda.crv.gen5.us.ex_2017,honda_crv_ex_2017_can_generated.dbc,vehicle_can,WHEEL_SPEEDS,0x1d0,WHEEL_SPEED_FR,,8,15,motorola,False,0.01,0.0,kph,VEHICLE_PROTOCOL_DOCUMENTED,POWERTRAIN_ONLY
honda.crv.gen5.us.ex_2017,honda_crv_ex_2017_can_generated.dbc,vehicle_can,WHEEL_SPEEDS,0x1d0,WHEEL_SPEED_RL,,25,15,motorola,False,0.01,0.0,kph,VEHICLE_PROTOCOL_DOCUMENTED,POWERTRAIN_ONLY
honda.crv.gen5.us.ex_2017,honda_crv_ex_2017_can_generated.dbc,vehicle_can,WHEEL_SPEEDS,0x1d0,WHEEL_SPEED_RR,,42,15,motorola,False,0.01,0.0,kph,VEHICLE_PROTOCOL_DOCUMENTED,POWERTRAIN_ONLY
honda.crv.gen5.us.ex_2017,honda_crv_ex_2017_can_generated.dbc,vehicle_can,WHEEL_SPEEDS,0x1d0,CHECKSUM,,59,4,motorola,False,1.0,0.0,,VEHICLE_PROTOCOL_DOCUMENTED,POWERTRAIN_ONLY
honda.crv.gen5.us.ex_2017,honda_crv_ex_2017_can_generated.dbc,vehicle_can,VEHICLE_DYNAMICS,0x1ea,LAT_ACCEL,,7,16,motorola,True,0.0015,0.0,m/s2,VEHICLE_PROTOCOL_DOCUMENTED,UNKNOWN
honda.crv.gen5.us.ex_2017,honda_crv_ex_2017_can_generated.dbc,vehicle_can,VEHICLE_DYNAMICS,0x1ea,LONG_ACCEL,,23,16,motorola,True,0.0015,0.0,m/s2,VEHICLE_PROTOCOL_DOCUMENTED,UNKNOWN
honda.crv.gen5.us.ex_2017,honda_crv_ex_2017_can_generated.dbc,vehicle_can,VEHICLE_DYNAMICS,0x1ea,COUNTER,,61,2,motorola,False,1.0,0.0,,VEHICLE_PROTOCOL_DOCUMENTED,UNKNOWN
honda.crv.gen5.us.ex_2017,honda_crv_ex_2017_can_generated.dbc,vehicle_can,VEHICLE_DYNAMICS,0x1ea,CHECKSUM,,59,4,motorola,False,1.0,0.0,,VEHICLE_PROTOCOL_DOCUMENTED,UNKNOWN
honda.crv.gen5.us.ex_2017,honda_crv_ex_2017_can_generated.dbc,vehicle_can,SEATBELT_STATUS,0x305,SEATBELT_DRIVER_LAMP,,7,1,motorola,False,1.0,0.0,,VEHICLE_PROTOCOL_DOCUMENTED,DISPLAY_RELEVANT
honda.crv.gen5.us.ex_2017,honda_crv_ex_2017_can_generated.dbc,vehicle_can,SEATBELT_STATUS,0x305,SEATBELT_PASS_UNLATCHED,,10,1,motorola,False,1.0,0.0,,VEHICLE_PROTOCOL_DOCUMENTED,DISPLAY_RELEVANT
honda.crv.gen5.us.ex_2017,honda_crv_ex_2017_can_generated.dbc,vehicle_can,SEATBELT_STATUS,0x305,SEATBELT_PASS_LATCHED,safety.seatbelt_passenger,11,1,motorola,False,1.0,0.0,,VEHICLE_PROTOCOL_DOCUMENTED,DISPLAY_RELEVANT
honda.crv.gen5.us.ex_2017,honda_crv_ex_2017_can_generated.dbc,vehicle_can,SEATBELT_STATUS,0x305,SEATBELT_DRIVER_UNLATCHED,,12,1,motorola,False,1.0,0.0,,VEHICLE_PROTOCOL_DOCUMENTED,DISPLAY_RELEVANT
honda.crv.gen5.us.ex_2017,honda_crv_ex_2017_can_generated.dbc,vehicle_can,SEATBELT_STATUS,0x305,SEATBELT_DRIVER_LATCHED,safety.seatbelt_driver,13,1,motorola,False,1.0,0.0,,CLUSTER_RELEVANT_SIGNAL_DOCUMENTED,DISPLAY_RELEVANT
honda.crv.gen5.us.ex_2017,honda_crv_ex_2017_can_generated.dbc,vehicle_can,SEATBELT_STATUS,0x305,PASS_AIRBAG_OFF,,14,1,motorola,False,1.0,0.0,,VEHICLE_PROTOCOL_DOCUMENTED,DISPLAY_RELEVANT
honda.crv.gen5.us.ex_2017,honda_crv_ex_2017_can_generated.dbc,vehicle_can,SEATBELT_STATUS,0x305,PASS_AIRBAG_ON,,15,1,motorola,False,1.0,0.0,,VEHICLE_PROTOCOL_DOCUMENTED,DISPLAY_RELEVANT
honda.crv.gen5.us.ex_2017,honda_crv_ex_2017_can_generated.dbc,vehicle_can,SEATBELT_STATUS,0x305,COUNTER,,53,2,motorola,False,1.0,0.0,,VEHICLE_PROTOCOL_DOCUMENTED,DISPLAY_RELEVANT
honda.crv.gen5.us.ex_2017,honda_crv_ex_2017_can_generated.dbc,vehicle_can,SEATBELT_STATUS,0x305,CHECKSUM,,51,4,motorola,False,1.0,0.0,,VEHICLE_PROTOCOL_DOCUMENTED,DISPLAY_RELEVANT
honda.crv.gen5.us.ex_2017,honda_crv_ex_2017_can_generated.dbc,vehicle_can,CAR_SPEED,0x309,ROUGH_CAR_SPEED,,23,8,motorola,False,1.0,0.0,mph,VEHICLE_PROTOCOL_DOCUMENTED,DISPLAY_RELEVANT
honda.crv.gen5.us.ex_2017,honda_crv_ex_2017_can_generated.dbc,vehicle_can,CAR_SPEED,0x309,CAR_SPEED,vehicle.speed,7,16,motorola,False,0.01,0.0,kph,CLUSTER_RELEVANT_SIGNAL_DOCUMENTED,DISPLAY_RELEVANT
honda.crv.gen5.us.ex_2017,honda_crv_ex_2017_can_generated.dbc,vehicle_can,CAR_SPEED,0x309,ROUGH_CAR_SPEED_3,,39,16,motorola,False,0.01,0.0,kph,VEHICLE_PROTOCOL_DOCUMENTED,DISPLAY_RELEVANT
honda.crv.gen5.us.ex_2017,honda_crv_ex_2017_can_generated.dbc,vehicle_can,CAR_SPEED,0x309,ROUGH_CAR_SPEED_2,,31,8,motorola,False,1.0,0.0,mph,VEHICLE_PROTOCOL_DOCUMENTED,DISPLAY_RELEVANT
honda.crv.gen5.us.ex_2017,honda_crv_ex_2017_can_generated.dbc,vehicle_can,CAR_SPEED,0x309,LOCK_STATUS,,55,2,motorola,False,1.0,0.0,,VEHICLE_PROTOCOL_DOCUMENTED,DISPLAY_RELEVANT
honda.crv.gen5.us.ex_2017,honda_crv_ex_2017_can_generated.dbc,vehicle_can,CAR_SPEED,0x309,COUNTER,,61,2,motorola,False,1.0,0.0,,VEHICLE_PROTOCOL_DOCUMENTED,DISPLAY_RELEVANT
honda.crv.gen5.us.ex_2017,honda_crv_ex_2017_can_generated.dbc,vehicle_can,CAR_SPEED,0x309,CHECKSUM,,59,4,motorola,False,1.0,0.0,,VEHICLE_PROTOCOL_DOCUMENTED,DISPLAY_RELEVANT
honda.crv.gen5.us.ex_2017,honda_crv_ex_2017_can_generated.dbc,vehicle_can,CAR_SPEED,0x309,IMPERIAL_UNIT,,63,1,motorola,False,1.0,0.0,,VEHICLE_PROTOCOL_DOCUMENTED,DISPLAY_RELEVANT
honda.crv.gen5.us.ex_2017,honda_crv_ex_2017_can_generated.dbc,vehicle_can,ACC_HUD,0x30c,PCM_SPEED,,7,16,motorola,False,0.01,0.0,kph,VEHICLE_PROTOCOL_DOCUMENTED,ADAS_ONLY
honda.crv.gen5.us.ex_2017,honda_crv_ex_2017_can_generated.dbc,vehicle_can,ACC_HUD,0x30c,PCM_GAS,,23,8,motorola,False,1.0,0.0,,VEHICLE_PROTOCOL_DOCUMENTED,ADAS_ONLY
honda.crv.gen5.us.ex_2017,honda_crv_ex_2017_can_generated.dbc,vehicle_can,ACC_HUD,0x30c,CRUISE_SPEED,,31,8,motorola,False,1.0,0.0,kph,VEHICLE_PROTOCOL_DOCUMENTED,ADAS_ONLY
honda.crv.gen5.us.ex_2017,honda_crv_ex_2017_can_generated.dbc,vehicle_can,ACC_HUD,0x30c,DTC_MODE,,39,1,motorola,False,1.0,0.0,,VEHICLE_PROTOCOL_DOCUMENTED,ADAS_ONLY
honda.crv.gen5.us.ex_2017,honda_crv_ex_2017_can_generated.dbc,vehicle_can,ACC_HUD,0x30c,BOH,,38,1,motorola,False,1.0,0.0,,VEHICLE_PROTOCOL_DOCUMENTED,ADAS_ONLY
honda.crv.gen5.us.ex_2017,honda_crv_ex_2017_can_generated.dbc,vehicle_can,ACC_HUD,0x30c,ACC_PROBLEM,,37,1,motorola,False,1.0,0.0,,VEHICLE_PROTOCOL_DOCUMENTED,ADAS_ONLY
honda.crv.gen5.us.ex_2017,honda_crv_ex_2017_can_generated.dbc,vehicle_can,ACC_HUD,0x30c,FCM_OFF,,35,1,motorola,False,1.0,0.0,,VEHICLE_PROTOCOL_DOCUMENTED,ADAS_ONLY
honda.crv.gen5.us.ex_2017,honda_crv_ex_2017_can_generated.dbc,vehicle_can,ACC_HUD,0x30c,FCM_OFF_2,,36,1,motorola,False,1.0,0.0,,VEHICLE_PROTOCOL_DOCUMENTED,ADAS_ONLY
honda.crv.gen5.us.ex_2017,honda_crv_ex_2017_can_generated.dbc,vehicle_can,ACC_HUD,0x30c,FCM_PROBLEM,,34,1,motorola,False,1.0,0.0,,VEHICLE_PROTOCOL_DOCUMENTED,ADAS_ONLY
honda.crv.gen5.us.ex_2017,honda_crv_ex_2017_can_generated.dbc,vehicle_can,ACC_HUD,0x30c,RADAR_OBSTRUCTED,,33,1,motorola,False,1.0,0.0,,VEHICLE_PROTOCOL_DOCUMENTED,ADAS_ONLY
honda.crv.gen5.us.ex_2017,honda_crv_ex_2017_can_generated.dbc,vehicle_can,ACC_HUD,0x30c,ENABLE_MINI_CAR,,32,1,motorola,False,1.0,0.0,,VEHICLE_PROTOCOL_DOCUMENTED,ADAS_ONLY
honda.crv.gen5.us.ex_2017,honda_crv_ex_2017_can_generated.dbc,vehicle_can,ACC_HUD,0x30c,HUD_DISTANCE,,47,2,motorola,False,1.0,0.0,,VEHICLE_PROTOCOL_DOCUMENTED,ADAS_ONLY
honda.crv.gen5.us.ex_2017,honda_crv_ex_2017_can_generated.dbc,vehicle_can,ACC_HUD,0x30c,HUD_LEAD,,45,2,motorola,False,1.0,0.0,,VEHICLE_PROTOCOL_DOCUMENTED,ADAS_ONLY
honda.crv.gen5.us.ex_2017,honda_crv_ex_2017_can_generated.dbc,vehicle_can,ACC_HUD,0x30c,BOH_3,,43,1,motorola,False,1.0,0.0,,VEHICLE_PROTOCOL_DOCUMENTED,ADAS_ONLY
honda.crv.gen5.us.ex_2017,honda_crv_ex_2017_can_generated.dbc,vehicle_can,ACC_HUD,0x30c,BOH_4,,42,1,motorola,False,1.0,0.0,,VEHICLE_PROTOCOL_DOCUMENTED,ADAS_ONLY
honda.crv.gen5.us.ex_2017,honda_crv_ex_2017_can_generated.dbc,vehicle_can,ACC_HUD,0x30c,BOH_5,,41,1,motorola,False,1.0,0.0,,VEHICLE_PROTOCOL_DOCUMENTED,ADAS_ONLY
honda.crv.gen5.us.ex_2017,honda_crv_ex_2017_can_generated.dbc,vehicle_can,ACC_HUD,0x30c,CRUISE_CONTROL_LABEL,,40,1,motorola,False,1.0,0.0,,VEHICLE_PROTOCOL_DOCUMENTED,ADAS_ONLY
honda.crv.gen5.us.ex_2017,honda_crv_ex_2017_can_generated.dbc,vehicle_can,ACC_HUD,0x30c,SET_ME_X01_2,,55,1,motorola,False,1.0,0.0,,VEHICLE_PROTOCOL_DOCUMENTED,ADAS_ONLY
honda.crv.gen5.us.ex_2017,honda_crv_ex_2017_can_generated.dbc,vehicle_can,ACC_HUD,0x30c,IMPERIAL_UNIT,,54,1,motorola,False,1.0,0.0,,VEHICLE_PROTOCOL_DOCUMENTED,ADAS_ONLY
honda.crv.gen5.us.ex_2017,honda_crv_ex_2017_can_generated.dbc,vehicle_can,ACC_HUD,0x30c,ACC_ON,,52,1,motorola,False,1.0,0.0,,VEHICLE_PROTOCOL_DOCUMENTED,ADAS_ONLY
honda.crv.gen5.us.ex_2017,honda_crv_ex_2017_can_generated.dbc,vehicle_can,ACC_HUD,0x30c,CHIME,,51,3,motorola,False,1.0,0.0,,VEHICLE_PROTOCOL_DOCUMENTED,ADAS_ONLY
honda.crv.gen5.us.ex_2017,honda_crv_ex_2017_can_generated.dbc,vehicle_can,ACC_HUD,0x30c,SET_ME_X01,,48,1,motorola,False,1.0,0.0,,VEHICLE_PROTOCOL_DOCUMENTED,ADAS_ONLY
honda.crv.gen5.us.ex_2017,honda_crv_ex_2017_can_generated.dbc,vehicle_can,ACC_HUD,0x30c,ICONS,,63,2,motorola,False,1.0,0.0,,VEHICLE_PROTOCOL_DOCUMENTED,ADAS_ONLY
honda.crv.gen5.us.ex_2017,honda_crv_ex_2017_can_generated.dbc,vehicle_can,ACC_HUD,0x30c,COUNTER,,61,2,motorola,False,1.0,0.0,,VEHICLE_PROTOCOL_DOCUMENTED,ADAS_ONLY
honda.crv.gen5.us.ex_2017,honda_crv_ex_2017_can_generated.dbc,vehicle_can,ACC_HUD,0x30c,CHECKSUM,,59,4,motorola,False,1.0,0.0,,VEHICLE_PROTOCOL_DOCUMENTED,ADAS_ONLY
honda.crv.gen5.us.ex_2017,honda_crv_ex_2017_can_generated.dbc,vehicle_can,CRUISE,0x324,HUD_SPEED_KPH,,7,8,motorola,False,1.0,0.0,kph,VEHICLE_PROTOCOL_DOCUMENTED,POWERTRAIN_ONLY
honda.crv.gen5.us.ex_2017,honda_crv_ex_2017_can_generated.dbc,vehicle_can,CRUISE,0x324,HUD_SPEED_MPH,,15,8,motorola,False,1.0,0.0,mph,VEHICLE_PROTOCOL_DOCUMENTED,POWERTRAIN_ONLY
honda.crv.gen5.us.ex_2017,honda_crv_ex_2017_can_generated.dbc,vehicle_can,CRUISE,0x324,TRIP_FUEL_CONSUMED,,23,16,motorola,False,1.0,0.0,,VEHICLE_PROTOCOL_DOCUMENTED,POWERTRAIN_ONLY
honda.crv.gen5.us.ex_2017,honda_crv_ex_2017_can_generated.dbc,vehicle_can,CRUISE,0x324,CRUISE_SPEED_PCM,,39,8,motorola,False,1.0,0.0,,VEHICLE_PROTOCOL_DOCUMENTED,POWERTRAIN_ONLY
honda.crv.gen5.us.ex_2017,honda_crv_ex_2017_can_generated.dbc,vehicle_can,CRUISE,0x324,BOH2,,47,8,motorola,True,1.0,0.0,,VEHICLE_PROTOCOL_DOCUMENTED,POWERTRAIN_ONLY
honda.crv.gen5.us.ex_2017,honda_crv_ex_2017_can_generated.dbc,vehicle_can,CRUISE,0x324,BOH3,,55,8,motorola,False,1.0,0.0,,VEHICLE_PROTOCOL_DOCUMENTED,POWERTRAIN_ONLY
honda.crv.gen5.us.ex_2017,honda_crv_ex_2017_can_generated.dbc,vehicle_can,CRUISE,0x324,COUNTER,,61,2,motorola,False,1.0,0.0,,VEHICLE_PROTOCOL_DOCUMENTED,POWERTRAIN_ONLY
honda.crv.gen5.us.ex_2017,honda_crv_ex_2017_can_generated.dbc,vehicle_can,CRUISE,0x324,CHECKSUM,,59,4,motorola,False,1.0,0.0,,VEHICLE_PROTOCOL_DOCUMENTED,POWERTRAIN_ONLY
honda.crv.gen5.us.ex_2017,honda_crv_ex_2017_can_generated.dbc,vehicle_can,STALK_STATUS,0x374,DASHBOARD_ALERT,,39,8,motorola,False,1.0,0.0,,VEHICLE_PROTOCOL_DOCUMENTED,BODY_RELEVANT
honda.crv.gen5.us.ex_2017,honda_crv_ex_2017_can_generated.dbc,vehicle_can,STALK_STATUS,0x374,AUTO_HEADLIGHTS,,46,1,motorola,False,1.0,0.0,,VEHICLE_PROTOCOL_DOCUMENTED,BODY_RELEVANT
honda.crv.gen5.us.ex_2017,honda_crv_ex_2017_can_generated.dbc,vehicle_can,STALK_STATUS,0x374,HIGH_BEAM_HOLD,,47,1,motorola,False,1.0,0.0,,VEHICLE_PROTOCOL_DOCUMENTED,BODY_RELEVANT
honda.crv.gen5.us.ex_2017,honda_crv_ex_2017_can_generated.dbc,vehicle_can,STALK_STATUS,0x374,HIGH_BEAM_FLASH,,45,1,motorola,False,1.0,0.0,,VEHICLE_PROTOCOL_DOCUMENTED,BODY_RELEVANT
honda.crv.gen5.us.ex_2017,honda_crv_ex_2017_can_generated.dbc,vehicle_can,STALK_STATUS,0x374,HEADLIGHTS_ON,lighting.headlights_on,54,1,motorola,False,1.0,0.0,,VEHICLE_PROTOCOL_DOCUMENTED,BODY_RELEVANT
honda.crv.gen5.us.ex_2017,honda_crv_ex_2017_can_generated.dbc,vehicle_can,STALK_STATUS,0x374,WIPER_SWITCH,,53,2,motorola,False,1.0,0.0,,VEHICLE_PROTOCOL_DOCUMENTED,BODY_RELEVANT
honda.crv.gen5.us.ex_2017,honda_crv_ex_2017_can_generated.dbc,vehicle_can,STALK_STATUS,0x374,COUNTER,,61,2,motorola,False,1.0,0.0,,VEHICLE_PROTOCOL_DOCUMENTED,BODY_RELEVANT
honda.crv.gen5.us.ex_2017,honda_crv_ex_2017_can_generated.dbc,vehicle_can,STALK_STATUS,0x374,CHECKSUM,,59,4,motorola,False,1.0,0.0,,VEHICLE_PROTOCOL_DOCUMENTED,BODY_RELEVANT
honda.crv.gen5.us.ex_2017,honda_crv_ex_2017_can_generated.dbc,vehicle_can,STALK_STATUS_2,0x37b,WIPERS,,17,2,motorola,False,1.0,0.0,,VEHICLE_PROTOCOL_DOCUMENTED,DISPLAY_RELEVANT
honda.crv.gen5.us.ex_2017,honda_crv_ex_2017_can_generated.dbc,vehicle_can,STALK_STATUS_2,0x37b,LOW_BEAMS,lighting.low_beam,35,1,motorola,False,1.0,0.0,,CLUSTER_RELEVANT_SIGNAL_DOCUMENTED,DISPLAY_RELEVANT
honda.crv.gen5.us.ex_2017,honda_crv_ex_2017_can_generated.dbc,vehicle_can,STALK_STATUS_2,0x37b,HIGH_BEAMS,lighting.high_beam,34,1,motorola,False,1.0,0.0,,CLUSTER_RELEVANT_SIGNAL_DOCUMENTED,DISPLAY_RELEVANT
honda.crv.gen5.us.ex_2017,honda_crv_ex_2017_can_generated.dbc,vehicle_can,STALK_STATUS_2,0x37b,PARK_LIGHTS,,36,1,motorola,False,1.0,0.0,,VEHICLE_PROTOCOL_DOCUMENTED,DISPLAY_RELEVANT
honda.crv.gen5.us.ex_2017,honda_crv_ex_2017_can_generated.dbc,vehicle_can,STALK_STATUS_2,0x37b,COUNTER,,61,2,motorola,False,1.0,0.0,,VEHICLE_PROTOCOL_DOCUMENTED,DISPLAY_RELEVANT
honda.crv.gen5.us.ex_2017,honda_crv_ex_2017_can_generated.dbc,vehicle_can,STALK_STATUS_2,0x37b,CHECKSUM,,59,4,motorola,False,1.0,0.0,,VEHICLE_PROTOCOL_DOCUMENTED,DISPLAY_RELEVANT
honda.crv.gen5.us.ex_2017,honda_crv_ex_2017_can_generated.dbc,vehicle_can,DOORS_STATUS,0x405,DOOR_OPEN_FL,body.driver_door,37,1,motorola,False,1.0,0.0,,CLUSTER_RELEVANT_SIGNAL_DOCUMENTED,DISPLAY_RELEVANT
honda.crv.gen5.us.ex_2017,honda_crv_ex_2017_can_generated.dbc,vehicle_can,DOORS_STATUS,0x405,DOOR_OPEN_FR,body.passenger_door,38,1,motorola,False,1.0,0.0,,CLUSTER_RELEVANT_SIGNAL_DOCUMENTED,DISPLAY_RELEVANT
honda.crv.gen5.us.ex_2017,honda_crv_ex_2017_can_generated.dbc,vehicle_can,DOORS_STATUS,0x405,DOOR_OPEN_RL,body.rear_left_door,39,1,motorola,False,1.0,0.0,,VEHICLE_PROTOCOL_DOCUMENTED,DISPLAY_RELEVANT
honda.crv.gen5.us.ex_2017,honda_crv_ex_2017_can_generated.dbc,vehicle_can,DOORS_STATUS,0x405,DOOR_OPEN_RR,body.rear_right_door,40,1,motorola,False,1.0,0.0,,VEHICLE_PROTOCOL_DOCUMENTED,DISPLAY_RELEVANT
honda.crv.gen5.us.ex_2017,honda_crv_ex_2017_can_generated.dbc,vehicle_can,DOORS_STATUS,0x405,TRUNK_OPEN,body.trunk,41,1,motorola,False,1.0,0.0,,CLUSTER_RELEVANT_SIGNAL_DOCUMENTED,DISPLAY_RELEVANT
honda.crv.gen5.us.ex_2017,honda_crv_ex_2017_can_generated.dbc,vehicle_can,DOORS_STATUS,0x405,COUNTER,,61,2,motorola,False,1.0,0.0,,VEHICLE_PROTOCOL_DOCUMENTED,DISPLAY_RELEVANT
honda.crv.gen5.us.ex_2017,honda_crv_ex_2017_can_generated.dbc,vehicle_can,DOORS_STATUS,0x405,CHECKSUM,,59,4,motorola,False,1.0,0.0,,VEHICLE_PROTOCOL_DOCUMENTED,DISPLAY_RELEVANT
honda.crv.gen5.us.ex_2017,honda_crv_ex_2017_can_generated.dbc,vehicle_can,KINEMATICS,0x94,LAT_ACCEL,,7,10,motorola,False,-0.035,17.92,m/s2,VEHICLE_PROTOCOL_DOCUMENTED,UNKNOWN
honda.crv.gen5.us.ex_2017,honda_crv_ex_2017_can_generated.dbc,vehicle_can,KINEMATICS,0x94,LONG_ACCEL,,25,10,motorola,False,-0.035,17.92,m/s2,VEHICLE_PROTOCOL_DOCUMENTED,UNKNOWN
honda.crv.gen5.us.ex_2017,honda_crv_ex_2017_can_generated.dbc,vehicle_can,KINEMATICS,0x94,CHECKSUM,,59,4,motorola,False,1.0,0.0,,VEHICLE_PROTOCOL_DOCUMENTED,UNKNOWN
honda.crv.gen5.us.ex_2017,honda_crv_ex_2017_can_generated.dbc,vehicle_can,KINEMATICS,0x94,COUNTER,,61,2,motorola,False,1.0,0.0,,VEHICLE_PROTOCOL_DOCUMENTED,UNKNOWN
honda.crv.gen5.us.ex_2017,honda_crv_ex_2017_can_generated.dbc,vehicle_can,STEERING_CONTROL,0xe4,STEER_TORQUE_REQUEST,,23,1,motorola,False,1.0,0.0,,VEHICLE_PROTOCOL_DOCUMENTED,ADAS_ONLY
honda.crv.gen5.us.ex_2017,honda_crv_ex_2017_can_generated.dbc,vehicle_can,STEERING_CONTROL,0xe4,SET_ME_X00,,22,7,motorola,False,1.0,0.0,,VEHICLE_PROTOCOL_DOCUMENTED,ADAS_ONLY
honda.crv.gen5.us.ex_2017,honda_crv_ex_2017_can_generated.dbc,vehicle_can,STEERING_CONTROL,0xe4,SET_ME_X00_2,,31,8,motorola,False,1.0,0.0,,VEHICLE_PROTOCOL_DOCUMENTED,ADAS_ONLY
honda.crv.gen5.us.ex_2017,honda_crv_ex_2017_can_generated.dbc,vehicle_can,STEERING_CONTROL,0xe4,STEER_TORQUE,,7,16,motorola,True,1.0,0.0,,VEHICLE_PROTOCOL_DOCUMENTED,ADAS_ONLY
honda.crv.gen5.us.ex_2017,honda_crv_ex_2017_can_generated.dbc,vehicle_can,STEERING_CONTROL,0xe4,STEER_DOWN_TO_ZERO,,38,1,motorola,False,1.0,0.0,,VEHICLE_PROTOCOL_DOCUMENTED,ADAS_ONLY
honda.crv.gen5.us.ex_2017,honda_crv_ex_2017_can_generated.dbc,vehicle_can,STEERING_CONTROL,0xe4,COUNTER,,37,2,motorola,False,1.0,0.0,,VEHICLE_PROTOCOL_DOCUMENTED,ADAS_ONLY
honda.crv.gen5.us.ex_2017,honda_crv_ex_2017_can_generated.dbc,vehicle_can,STEERING_CONTROL,0xe4,CHECKSUM,,35,4,motorola,False,1.0,0.0,,VEHICLE_PROTOCOL_DOCUMENTED,ADAS_ONLY
honda.crv.gen5.us.ex_2017,honda_crv_ex_2017_can_generated.dbc,vehicle_can,BOSCH_SUPPLEMENTAL_1,0xe5,SET_ME_X04,,0,8,intel,False,1.0,0.0,,VEHICLE_PROTOCOL_DOCUMENTED,UNKNOWN
honda.crv.gen5.us.ex_2017,honda_crv_ex_2017_can_generated.dbc,vehicle_can,BOSCH_SUPPLEMENTAL_1,0xe5,SET_ME_X00,,8,8,intel,False,1.0,0.0,,VEHICLE_PROTOCOL_DOCUMENTED,UNKNOWN
honda.crv.gen5.us.ex_2017,honda_crv_ex_2017_can_generated.dbc,vehicle_can,BOSCH_SUPPLEMENTAL_1,0xe5,SET_ME_X80,,16,8,intel,False,1.0,0.0,,VEHICLE_PROTOCOL_DOCUMENTED,UNKNOWN
honda.crv.gen5.us.ex_2017,honda_crv_ex_2017_can_generated.dbc,vehicle_can,BOSCH_SUPPLEMENTAL_1,0xe5,SET_ME_X10,,24,8,intel,False,1.0,0.0,,VEHICLE_PROTOCOL_DOCUMENTED,UNKNOWN
honda.crv.gen5.us.ex_2017,honda_crv_ex_2017_can_generated.dbc,vehicle_can,BOSCH_SUPPLEMENTAL_1,0xe5,COUNTER,,61,2,motorola,False,1.0,0.0,,VEHICLE_PROTOCOL_DOCUMENTED,UNKNOWN
honda.crv.gen5.us.ex_2017,honda_crv_ex_2017_can_generated.dbc,vehicle_can,BOSCH_SUPPLEMENTAL_1,0xe5,CHECKSUM,,59,4,motorola,False,1.0,0.0,,VEHICLE_PROTOCOL_DOCUMENTED,UNKNOWN
honda.crv.gen5.us.ex_2017,honda_crv_ex_2017_can_generated.dbc,vehicle_can,BRAKE_HOLD,0xe8,XMISSION_SPEED,vehicle.speed,7,14,motorola,True,1.0,0.0,,CLUSTER_RELEVANT_SIGNAL_DOCUMENTED,DISPLAY_RELEVANT
honda.crv.gen5.us.ex_2017,honda_crv_ex_2017_can_generated.dbc,vehicle_can,BRAKE_HOLD,0xe8,COMPUTER_BRAKE,,39,16,motorola,False,1.0,0.0,,VEHICLE_PROTOCOL_DOCUMENTED,DISPLAY_RELEVANT
honda.crv.gen5.us.ex_2017,honda_crv_ex_2017_can_generated.dbc,vehicle_can,BRAKE_HOLD,0xe8,COMPUTER_BRAKE_REQUEST,,29,1,motorola,False,1.0,0.0,,VEHICLE_PROTOCOL_DOCUMENTED,DISPLAY_RELEVANT
honda.crv.gen5.us.ex_2017,honda_crv_ex_2017_can_generated.dbc,vehicle_can,BRAKE_HOLD,0xe8,COUNTER,,53,2,motorola,False,1.0,0.0,,VEHICLE_PROTOCOL_DOCUMENTED,DISPLAY_RELEVANT
honda.crv.gen5.us.ex_2017,honda_crv_ex_2017_can_generated.dbc,vehicle_can,BRAKE_HOLD,0xe8,CHECKSUM,,51,4,motorola,False,1.0,0.0,,VEHICLE_PROTOCOL_DOCUMENTED,DISPLAY_RELEVANT
honda.crv.gen5.us.ex_2017,honda_crv_ex_2017_can_generated.dbc,vehicle_can,STEER_STATUS,0x18f,STEER_TORQUE_SENSOR,,7,16,motorola,True,-1.0,0.0,tbd,VEHICLE_PROTOCOL_DOCUMENTED,UNKNOWN
honda.crv.gen5.us.ex_2017,honda_crv_ex_2017_can_generated.dbc,vehicle_can,STEER_STATUS,0x18f,STEER_ANGLE_RATE,,23,16,motorola,True,-0.1,0.0,deg/s,VEHICLE_PROTOCOL_DOCUMENTED,UNKNOWN
honda.crv.gen5.us.ex_2017,honda_crv_ex_2017_can_generated.dbc,vehicle_can,STEER_STATUS,0x18f,STEER_STATUS,,39,4,motorola,False,1.0,0.0,,VEHICLE_PROTOCOL_DOCUMENTED,UNKNOWN
honda.crv.gen5.us.ex_2017,honda_crv_ex_2017_can_generated.dbc,vehicle_can,STEER_STATUS,0x18f,STEER_CONTROL_ACTIVE,,35,1,motorola,False,1.0,0.0,,VEHICLE_PROTOCOL_DOCUMENTED,UNKNOWN
honda.crv.gen5.us.ex_2017,honda_crv_ex_2017_can_generated.dbc,vehicle_can,STEER_STATUS,0x18f,STEER_CONFIG_INDEX,,43,4,motorola,False,1.0,0.0,,VEHICLE_PROTOCOL_DOCUMENTED,UNKNOWN
honda.crv.gen5.us.ex_2017,honda_crv_ex_2017_can_generated.dbc,vehicle_can,STEER_STATUS,0x18f,COUNTER,,53,2,motorola,False,1.0,0.0,,VEHICLE_PROTOCOL_DOCUMENTED,UNKNOWN
honda.crv.gen5.us.ex_2017,honda_crv_ex_2017_can_generated.dbc,vehicle_can,STEER_STATUS,0x18f,CHECKSUM,,51,4,motorola,False,1.0,0.0,,VEHICLE_PROTOCOL_DOCUMENTED,UNKNOWN
honda.crv.gen5.us.ex_2017,honda_crv_ex_2017_can_generated.dbc,vehicle_can,EPB_STATUS,0x1c2,EPB_ACTIVE,brakes.parking_brake,3,1,motorola,False,1.0,0.0,,CLUSTER_RELEVANT_SIGNAL_DOCUMENTED,DISPLAY_RELEVANT
honda.crv.gen5.us.ex_2017,honda_crv_ex_2017_can_generated.dbc,vehicle_can,EPB_STATUS,0x1c2,EPB_STATE,,29,2,motorola,False,1.0,0.0,,VEHICLE_PROTOCOL_DOCUMENTED,DISPLAY_RELEVANT
honda.crv.gen5.us.ex_2017,honda_crv_ex_2017_can_generated.dbc,vehicle_can,EPB_STATUS,0x1c2,COUNTER,,61,2,motorola,False,1.0,0.0,,VEHICLE_PROTOCOL_DOCUMENTED,DISPLAY_RELEVANT
honda.crv.gen5.us.ex_2017,honda_crv_ex_2017_can_generated.dbc,vehicle_can,EPB_STATUS,0x1c2,CHECKSUM,,59,4,motorola,False,1.0,0.0,,VEHICLE_PROTOCOL_DOCUMENTED,DISPLAY_RELEVANT
honda.crv.gen5.us.ex_2017,honda_crv_ex_2017_can_generated.dbc,vehicle_can,XXX_16,0x221,ECON_ON,,23,1,motorola,False,1.0,0.0,,VEHICLE_PROTOCOL_DOCUMENTED,UNKNOWN
honda.crv.gen5.us.ex_2017,honda_crv_ex_2017_can_generated.dbc,vehicle_can,XXX_16,0x221,DRIVE_MODE,,37,2,motorola,False,1.0,0.0,,VEHICLE_PROTOCOL_DOCUMENTED,UNKNOWN
honda.crv.gen5.us.ex_2017,honda_crv_ex_2017_can_generated.dbc,vehicle_can,XXX_16,0x221,COUNTER,,45,2,motorola,False,1.0,0.0,,VEHICLE_PROTOCOL_DOCUMENTED,UNKNOWN
honda.crv.gen5.us.ex_2017,honda_crv_ex_2017_can_generated.dbc,vehicle_can,XXX_16,0x221,CHECKSUM,,43,4,motorola,False,1.0,0.0,,VEHICLE_PROTOCOL_DOCUMENTED,UNKNOWN
honda.crv.gen5.us.ex_2017,honda_crv_ex_2017_can_generated.dbc,vehicle_can,LEFT_LANE_LINE_1,0x240,LINE_DISTANCE_VISIBLE,,39,9,motorola,False,1.0,0.0,,VEHICLE_PROTOCOL_DOCUMENTED,UNKNOWN
honda.crv.gen5.us.ex_2017,honda_crv_ex_2017_can_generated.dbc,vehicle_can,LEFT_LANE_LINE_1,0x240,LINE_PROBABILITY,,46,6,motorola,False,0.015625,0.0,,VEHICLE_PROTOCOL_DOCUMENTED,UNKNOWN
honda.crv.gen5.us.ex_2017,honda_crv_ex_2017_can_generated.dbc,vehicle_can,LEFT_LANE_LINE_1,0x240,LINE_OFFSET,,23,12,motorola,False,0.004,-8.192,Meters,VEHICLE_PROTOCOL_DOCUMENTED,UNKNOWN
honda.crv.gen5.us.ex_2017,honda_crv_ex_2017_can_generated.dbc,vehicle_can,LEFT_LANE_LINE_1,0x240,LINE_ANGLE,,7,12,motorola,False,0.0005,-1.024,,VEHICLE_PROTOCOL_DOCUMENTED,UNKNOWN
honda.crv.gen5.us.ex_2017,honda_crv_ex_2017_can_generated.dbc,vehicle_can,LEFT_LANE_LINE_1,0x240,FRAME_INDEX,,8,4,intel,False,1.0,0.0,,VEHICLE_PROTOCOL_DOCUMENTED,UNKNOWN
honda.crv.gen5.us.ex_2017,honda_crv_ex_2017_can_generated.dbc,vehicle_can,LEFT_LANE_LINE_1,0x240,COUNTER,,61,2,motorola,False,1.0,0.0,,VEHICLE_PROTOCOL_DOCUMENTED,UNKNOWN
honda.crv.gen5.us.ex_2017,honda_crv_ex_2017_can_generated.dbc,vehicle_can,LEFT_LANE_LINE_1,0x240,CHECKSUM,,59,4,motorola,False,1.0,0.0,,VEHICLE_PROTOCOL_DOCUMENTED,UNKNOWN
honda.crv.gen5.us.ex_2017,honda_crv_ex_2017_can_generated.dbc,vehicle_can,LEFT_LANE_LINE_2,0x241,LINE_FAR_EDGE_POSITION,,55,8,motorola,False,1.0,-128.0,,VEHICLE_PROTOCOL_DOCUMENTED,UNKNOWN
honda.crv.gen5.us.ex_2017,honda_crv_ex_2017_can_generated.dbc,vehicle_can,LEFT_LANE_LINE_2,0x241,LINE_SOLID,,13,1,motorola,False,1.0,0.0,,VEHICLE_PROTOCOL_DOCUMENTED,UNKNOWN
honda.crv.gen5.us.ex_2017,honda_crv_ex_2017_can_generated.dbc,vehicle_can,LEFT_LANE_LINE_2,0x241,LINE_DASHED,,14,1,motorola,False,1.0,0.0,,VEHICLE_PROTOCOL_DOCUMENTED,UNKNOWN
honda.crv.gen5.us.ex_2017,honda_crv_ex_2017_can_generated.dbc,vehicle_can,LEFT_LANE_LINE_2,0x241,LINE_CURVATURE,,23,12,motorola,False,1e-05,-0.02048,,VEHICLE_PROTOCOL_DOCUMENTED,UNKNOWN
honda.crv.gen5.us.ex_2017,honda_crv_ex_2017_can_generated.dbc,vehicle_can,LEFT_LANE_LINE_2,0x241,LINE_PARAMETER,,39,12,motorola,False,1.0,0.0,,VEHICLE_PROTOCOL_DOCUMENTED,UNKNOWN
honda.crv.gen5.us.ex_2017,honda_crv_ex_2017_can_generated.dbc,vehicle_can,LEFT_LANE_LINE_2,0x241,FRAME_INDEX,,7,4,motorola,False,1.0,0.0,,VEHICLE_PROTOCOL_DOCUMENTED,UNKNOWN
honda.crv.gen5.us.ex_2017,honda_crv_ex_2017_can_generated.dbc,vehicle_can,LEFT_LANE_LINE_2,0x241,COUNTER,,61,2,motorola,False,1.0,0.0,,VEHICLE_PROTOCOL_DOCUMENTED,UNKNOWN
honda.crv.gen5.us.ex_2017,honda_crv_ex_2017_can_generated.dbc,vehicle_can,LEFT_LANE_LINE_2,0x241,CHECKSUM,,59,4,motorola,False,1.0,0.0,,VEHICLE_PROTOCOL_DOCUMENTED,UNKNOWN
honda.crv.gen5.us.ex_2017,honda_crv_ex_2017_can_generated.dbc,vehicle_can,RIGHT_LANE_LINE_1,0x243,LINE_DISTANCE_VISIBLE,,39,9,motorola,False,1.0,0.0,,VEHICLE_PROTOCOL_DOCUMENTED,UNKNOWN
honda.crv.gen5.us.ex_2017,honda_crv_ex_2017_can_generated.dbc,vehicle_can,RIGHT_LANE_LINE_1,0x243,LINE_PROBABILITY,,46,6,motorola,False,0.015625,0.0,,VEHICLE_PROTOCOL_DOCUMENTED,UNKNOWN
honda.crv.gen5.us.ex_2017,honda_crv_ex_2017_can_generated.dbc,vehicle_can,RIGHT_LANE_LINE_1,0x243,LINE_OFFSET,,23,12,motorola,False,0.004,-8.192,Meters,VEHICLE_PROTOCOL_DOCUMENTED,UNKNOWN
honda.crv.gen5.us.ex_2017,honda_crv_ex_2017_can_generated.dbc,vehicle_can,RIGHT_LANE_LINE_1,0x243,LINE_ANGLE,,7,12,motorola,False,0.0005,-1.024,,VEHICLE_PROTOCOL_DOCUMENTED,UNKNOWN
honda.crv.gen5.us.ex_2017,honda_crv_ex_2017_can_generated.dbc,vehicle_can,RIGHT_LANE_LINE_1,0x243,FRAME_INDEX,,8,4,intel,False,1.0,0.0,,VEHICLE_PROTOCOL_DOCUMENTED,UNKNOWN
honda.crv.gen5.us.ex_2017,honda_crv_ex_2017_can_generated.dbc,vehicle_can,RIGHT_LANE_LINE_1,0x243,COUNTER,,61,2,motorola,False,1.0,0.0,,VEHICLE_PROTOCOL_DOCUMENTED,UNKNOWN
honda.crv.gen5.us.ex_2017,honda_crv_ex_2017_can_generated.dbc,vehicle_can,RIGHT_LANE_LINE_1,0x243,CHECKSUM,,59,4,motorola,False,1.0,0.0,,VEHICLE_PROTOCOL_DOCUMENTED,UNKNOWN
honda.crv.gen5.us.ex_2017,honda_crv_ex_2017_can_generated.dbc,vehicle_can,RIGHT_LANE_LINE_2,0x244,LINE_FAR_EDGE_POSITION,,55,8,motorola,False,1.0,-128.0,,VEHICLE_PROTOCOL_DOCUMENTED,UNKNOWN
honda.crv.gen5.us.ex_2017,honda_crv_ex_2017_can_generated.dbc,vehicle_can,RIGHT_LANE_LINE_2,0x244,LINE_SOLID,,13,1,motorola,False,1.0,0.0,,VEHICLE_PROTOCOL_DOCUMENTED,UNKNOWN
honda.crv.gen5.us.ex_2017,honda_crv_ex_2017_can_generated.dbc,vehicle_can,RIGHT_LANE_LINE_2,0x244,LINE_DASHED,,14,1,motorola,False,1.0,0.0,,VEHICLE_PROTOCOL_DOCUMENTED,UNKNOWN
honda.crv.gen5.us.ex_2017,honda_crv_ex_2017_can_generated.dbc,vehicle_can,RIGHT_LANE_LINE_2,0x244,LINE_CURVATURE,,23,12,motorola,False,1e-05,-0.02048,,VEHICLE_PROTOCOL_DOCUMENTED,UNKNOWN
honda.crv.gen5.us.ex_2017,honda_crv_ex_2017_can_generated.dbc,vehicle_can,RIGHT_LANE_LINE_2,0x244,LINE_PARAMETER,,39,12,motorola,False,1.0,0.0,,VEHICLE_PROTOCOL_DOCUMENTED,UNKNOWN
honda.crv.gen5.us.ex_2017,honda_crv_ex_2017_can_generated.dbc,vehicle_can,RIGHT_LANE_LINE_2,0x244,FRAME_INDEX,,7,4,motorola,False,1.0,0.0,,VEHICLE_PROTOCOL_DOCUMENTED,UNKNOWN
honda.crv.gen5.us.ex_2017,honda_crv_ex_2017_can_generated.dbc,vehicle_can,RIGHT_LANE_LINE_2,0x244,COUNTER,,61,2,motorola,False,1.0,0.0,,VEHICLE_PROTOCOL_DOCUMENTED,UNKNOWN
honda.crv.gen5.us.ex_2017,honda_crv_ex_2017_can_generated.dbc,vehicle_can,RIGHT_LANE_LINE_2,0x244,CHECKSUM,,59,4,motorola,False,1.0,0.0,,VEHICLE_PROTOCOL_DOCUMENTED,UNKNOWN
honda.crv.gen5.us.ex_2017,honda_crv_ex_2017_can_generated.dbc,vehicle_can,ADJACENT_LEFT_LANE_LINE_1,0x246,LINE_DISTANCE_VISIBLE,,39,9,motorola,False,1.0,0.0,,VEHICLE_PROTOCOL_DOCUMENTED,UNKNOWN
honda.crv.gen5.us.ex_2017,honda_crv_ex_2017_can_generated.dbc,vehicle_can,ADJACENT_LEFT_LANE_LINE_1,0x246,LINE_PROBABILITY,,46,6,motorola,False,0.015625,0.0,,VEHICLE_PROTOCOL_DOCUMENTED,UNKNOWN
honda.crv.gen5.us.ex_2017,honda_crv_ex_2017_can_generated.dbc,vehicle_can,ADJACENT_LEFT_LANE_LINE_1,0x246,LINE_OFFSET,,23,12,motorola,False,0.004,-8.192,Meters,VEHICLE_PROTOCOL_DOCUMENTED,UNKNOWN
honda.crv.gen5.us.ex_2017,honda_crv_ex_2017_can_generated.dbc,vehicle_can,ADJACENT_LEFT_LANE_LINE_1,0x246,LINE_ANGLE,,7,12,motorola,False,0.0005,-1.024,,VEHICLE_PROTOCOL_DOCUMENTED,UNKNOWN
honda.crv.gen5.us.ex_2017,honda_crv_ex_2017_can_generated.dbc,vehicle_can,ADJACENT_LEFT_LANE_LINE_1,0x246,FRAME_INDEX,,8,4,intel,False,1.0,0.0,,VEHICLE_PROTOCOL_DOCUMENTED,UNKNOWN
honda.crv.gen5.us.ex_2017,honda_crv_ex_2017_can_generated.dbc,vehicle_can,ADJACENT_LEFT_LANE_LINE_1,0x246,COUNTER,,61,2,motorola,False,1.0,0.0,,VEHICLE_PROTOCOL_DOCUMENTED,UNKNOWN
honda.crv.gen5.us.ex_2017,honda_crv_ex_2017_can_generated.dbc,vehicle_can,ADJACENT_LEFT_LANE_LINE_1,0x246,CHECKSUM,,59,4,motorola,False,1.0,0.0,,VEHICLE_PROTOCOL_DOCUMENTED,UNKNOWN
honda.crv.gen5.us.ex_2017,honda_crv_ex_2017_can_generated.dbc,vehicle_can,ADJACENT_LEFT_LANE_LINE_2,0x247,LINE_FAR_EDGE_POSITION,,55,8,motorola,False,1.0,-128.0,,VEHICLE_PROTOCOL_DOCUMENTED,UNKNOWN
honda.crv.gen5.us.ex_2017,honda_crv_ex_2017_can_generated.dbc,vehicle_can,ADJACENT_LEFT_LANE_LINE_2,0x247,LINE_SOLID,,13,1,motorola,False,1.0,0.0,,VEHICLE_PROTOCOL_DOCUMENTED,UNKNOWN
honda.crv.gen5.us.ex_2017,honda_crv_ex_2017_can_generated.dbc,vehicle_can,ADJACENT_LEFT_LANE_LINE_2,0x247,LINE_DASHED,,14,1,motorola,False,1.0,0.0,,VEHICLE_PROTOCOL_DOCUMENTED,UNKNOWN
honda.crv.gen5.us.ex_2017,honda_crv_ex_2017_can_generated.dbc,vehicle_can,ADJACENT_LEFT_LANE_LINE_2,0x247,LINE_CURVATURE,,23,12,motorola,False,1e-05,-0.02048,,VEHICLE_PROTOCOL_DOCUMENTED,UNKNOWN
honda.crv.gen5.us.ex_2017,honda_crv_ex_2017_can_generated.dbc,vehicle_can,ADJACENT_LEFT_LANE_LINE_2,0x247,LINE_PARAMETER,,39,12,motorola,False,1.0,0.0,,VEHICLE_PROTOCOL_DOCUMENTED,UNKNOWN
honda.crv.gen5.us.ex_2017,honda_crv_ex_2017_can_generated.dbc,vehicle_can,ADJACENT_LEFT_LANE_LINE_2,0x247,FRAME_INDEX,,7,4,motorola,False,1.0,0.0,,VEHICLE_PROTOCOL_DOCUMENTED,UNKNOWN
honda.crv.gen5.us.ex_2017,honda_crv_ex_2017_can_generated.dbc,vehicle_can,ADJACENT_LEFT_LANE_LINE_2,0x247,COUNTER,,61,2,motorola,False,1.0,0.0,,VEHICLE_PROTOCOL_DOCUMENTED,UNKNOWN
honda.crv.gen5.us.ex_2017,honda_crv_ex_2017_can_generated.dbc,vehicle_can,ADJACENT_LEFT_LANE_LINE_2,0x247,CHECKSUM,,59,4,motorola,False,1.0,0.0,,VEHICLE_PROTOCOL_DOCUMENTED,UNKNOWN
honda.crv.gen5.us.ex_2017,honda_crv_ex_2017_can_generated.dbc,vehicle_can,ADJACENT_RIGHT_LANE_LINE_1,0x249,LINE_DISTANCE_VISIBLE,,39,9,motorola,False,1.0,0.0,,VEHICLE_PROTOCOL_DOCUMENTED,UNKNOWN
honda.crv.gen5.us.ex_2017,honda_crv_ex_2017_can_generated.dbc,vehicle_can,ADJACENT_RIGHT_LANE_LINE_1,0x249,LINE_PROBABILITY,,46,6,motorola,False,0.015625,0.0,,VEHICLE_PROTOCOL_DOCUMENTED,UNKNOWN
honda.crv.gen5.us.ex_2017,honda_crv_ex_2017_can_generated.dbc,vehicle_can,ADJACENT_RIGHT_LANE_LINE_1,0x249,LINE_OFFSET,,23,12,motorola,False,0.004,-8.192,Meters,VEHICLE_PROTOCOL_DOCUMENTED,UNKNOWN
honda.crv.gen5.us.ex_2017,honda_crv_ex_2017_can_generated.dbc,vehicle_can,ADJACENT_RIGHT_LANE_LINE_1,0x249,LINE_ANGLE,,7,12,motorola,False,0.0005,-1.024,,VEHICLE_PROTOCOL_DOCUMENTED,UNKNOWN
honda.crv.gen5.us.ex_2017,honda_crv_ex_2017_can_generated.dbc,vehicle_can,ADJACENT_RIGHT_LANE_LINE_1,0x249,FRAME_INDEX,,8,4,intel,False,1.0,0.0,,VEHICLE_PROTOCOL_DOCUMENTED,UNKNOWN
honda.crv.gen5.us.ex_2017,honda_crv_ex_2017_can_generated.dbc,vehicle_can,ADJACENT_RIGHT_LANE_LINE_1,0x249,COUNTER,,61,2,motorola,False,1.0,0.0,,VEHICLE_PROTOCOL_DOCUMENTED,UNKNOWN
honda.crv.gen5.us.ex_2017,honda_crv_ex_2017_can_generated.dbc,vehicle_can,ADJACENT_RIGHT_LANE_LINE_1,0x249,CHECKSUM,,59,4,motorola,False,1.0,0.0,,VEHICLE_PROTOCOL_DOCUMENTED,UNKNOWN
honda.crv.gen5.us.ex_2017,honda_crv_ex_2017_can_generated.dbc,vehicle_can,ADJACENT_RIGHT_LANE_LINE_2,0x24a,LINE_FAR_EDGE_POSITION,,55,8,motorola,False,1.0,-128.0,,VEHICLE_PROTOCOL_DOCUMENTED,UNKNOWN
honda.crv.gen5.us.ex_2017,honda_crv_ex_2017_can_generated.dbc,vehicle_can,ADJACENT_RIGHT_LANE_LINE_2,0x24a,LINE_SOLID,,13,1,motorola,False,1.0,0.0,,VEHICLE_PROTOCOL_DOCUMENTED,UNKNOWN
honda.crv.gen5.us.ex_2017,honda_crv_ex_2017_can_generated.dbc,vehicle_can,ADJACENT_RIGHT_LANE_LINE_2,0x24a,LINE_DASHED,,14,1,motorola,False,1.0,0.0,,VEHICLE_PROTOCOL_DOCUMENTED,UNKNOWN
honda.crv.gen5.us.ex_2017,honda_crv_ex_2017_can_generated.dbc,vehicle_can,ADJACENT_RIGHT_LANE_LINE_2,0x24a,LINE_CURVATURE,,23,12,motorola,False,1e-05,-0.02048,,VEHICLE_PROTOCOL_DOCUMENTED,UNKNOWN
honda.crv.gen5.us.ex_2017,honda_crv_ex_2017_can_generated.dbc,vehicle_can,ADJACENT_RIGHT_LANE_LINE_2,0x24a,LINE_PARAMETER,,39,12,motorola,False,1.0,0.0,,VEHICLE_PROTOCOL_DOCUMENTED,UNKNOWN
honda.crv.gen5.us.ex_2017,honda_crv_ex_2017_can_generated.dbc,vehicle_can,ADJACENT_RIGHT_LANE_LINE_2,0x24a,FRAME_INDEX,,7,4,motorola,False,1.0,0.0,,VEHICLE_PROTOCOL_DOCUMENTED,UNKNOWN
honda.crv.gen5.us.ex_2017,honda_crv_ex_2017_can_generated.dbc,vehicle_can,ADJACENT_RIGHT_LANE_LINE_2,0x24a,COUNTER,,61,2,motorola,False,1.0,0.0,,VEHICLE_PROTOCOL_DOCUMENTED,UNKNOWN
honda.crv.gen5.us.ex_2017,honda_crv_ex_2017_can_generated.dbc,vehicle_can,ADJACENT_RIGHT_LANE_LINE_2,0x24a,CHECKSUM,,59,4,motorola,False,1.0,0.0,,VEHICLE_PROTOCOL_DOCUMENTED,UNKNOWN
honda.crv.gen5.us.ex_2017,honda_crv_ex_2017_can_generated.dbc,vehicle_can,ROUGH_WHEEL_SPEED,0x255,WHEEL_SPEED_FL,,7,8,motorola,False,1.0,0.0,mph,VEHICLE_PROTOCOL_DOCUMENTED,POWERTRAIN_ONLY
honda.crv.gen5.us.ex_2017,honda_crv_ex_2017_can_generated.dbc,vehicle_can,ROUGH_WHEEL_SPEED,0x255,WHEEL_SPEED_FR,,15,8,motorola,False,1.0,0.0,mph,VEHICLE_PROTOCOL_DOCUMENTED,POWERTRAIN_ONLY
honda.crv.gen5.us.ex_2017,honda_crv_ex_2017_can_generated.dbc,vehicle_can,ROUGH_WHEEL_SPEED,0x255,WHEEL_SPEED_RL,,23,8,motorola,False,1.0,0.0,mph,VEHICLE_PROTOCOL_DOCUMENTED,POWERTRAIN_ONLY
honda.crv.gen5.us.ex_2017,honda_crv_ex_2017_can_generated.dbc,vehicle_can,ROUGH_WHEEL_SPEED,0x255,WHEEL_SPEED_RR,,31,8,motorola,False,1.0,0.0,mph,VEHICLE_PROTOCOL_DOCUMENTED,POWERTRAIN_ONLY
honda.crv.gen5.us.ex_2017,honda_crv_ex_2017_can_generated.dbc,vehicle_can,ROUGH_WHEEL_SPEED,0x255,SET_TO_X55,,39,8,motorola,False,1.0,0.0,,VEHICLE_PROTOCOL_DOCUMENTED,POWERTRAIN_ONLY
honda.crv.gen5.us.ex_2017,honda_crv_ex_2017_can_generated.dbc,vehicle_can,ROUGH_WHEEL_SPEED,0x255,SET_TO_X55_2,,47,8,motorola,False,1.0,0.0,,VEHICLE_PROTOCOL_DOCUMENTED,POWERTRAIN_ONLY
honda.crv.gen5.us.ex_2017,honda_crv_ex_2017_can_generated.dbc,vehicle_can,ROUGH_WHEEL_SPEED,0x255,LONG_COUNTER,,55,8,motorola,False,1.0,0.0,,VEHICLE_PROTOCOL_DOCUMENTED,POWERTRAIN_ONLY
honda.crv.gen5.us.ex_2017,honda_crv_ex_2017_can_generated.dbc,vehicle_can,ROUGH_WHEEL_SPEED,0x255,CHECKSUM,,59,4,motorola,False,1.0,0.0,,VEHICLE_PROTOCOL_DOCUMENTED,POWERTRAIN_ONLY
honda.crv.gen5.us.ex_2017,honda_crv_ex_2017_can_generated.dbc,vehicle_can,ROUGH_WHEEL_SPEED,0x255,COUNTER,,61,2,motorola,False,1.0,0.0,,VEHICLE_PROTOCOL_DOCUMENTED,POWERTRAIN_ONLY
honda.crv.gen5.us.ex_2017,honda_crv_ex_2017_can_generated.dbc,vehicle_can,SCM_BUTTONS,0x296,CRUISE_BUTTONS,,7,3,motorola,False,1.0,0.0,,VEHICLE_PROTOCOL_DOCUMENTED,BODY_RELEVANT
honda.crv.gen5.us.ex_2017,honda_crv_ex_2017_can_generated.dbc,vehicle_can,SCM_BUTTONS,0x296,CRUISE_SETTING,,3,2,motorola,False,1.0,0.0,,VEHICLE_PROTOCOL_DOCUMENTED,BODY_RELEVANT
honda.crv.gen5.us.ex_2017,honda_crv_ex_2017_can_generated.dbc,vehicle_can,SCM_BUTTONS,0x296,COUNTER,,29,2,motorola,False,1.0,0.0,,VEHICLE_PROTOCOL_DOCUMENTED,BODY_RELEVANT
honda.crv.gen5.us.ex_2017,honda_crv_ex_2017_can_generated.dbc,vehicle_can,SCM_BUTTONS,0x296,CHECKSUM,,27,4,motorola,False,1.0,0.0,,VEHICLE_PROTOCOL_DOCUMENTED,BODY_RELEVANT
honda.crv.gen5.us.ex_2017,honda_crv_ex_2017_can_generated.dbc,vehicle_can,SCM_FEEDBACK,0x326,DRIVERS_DOOR_OPEN,,17,1,motorola,False,1.0,0.0,,VEHICLE_PROTOCOL_DOCUMENTED,DISPLAY_RELEVANT
honda.crv.gen5.us.ex_2017,honda_crv_ex_2017_can_generated.dbc,vehicle_can,SCM_FEEDBACK,0x326,MAIN_ON,,28,1,motorola,False,1.0,0.0,,VEHICLE_PROTOCOL_DOCUMENTED,DISPLAY_RELEVANT
honda.crv.gen5.us.ex_2017,honda_crv_ex_2017_can_generated.dbc,vehicle_can,SCM_FEEDBACK,0x326,RIGHT_BLINKER,lighting.right_indicator,27,1,motorola,False,1.0,0.0,,CLUSTER_RELEVANT_SIGNAL_DOCUMENTED,DISPLAY_RELEVANT
honda.crv.gen5.us.ex_2017,honda_crv_ex_2017_can_generated.dbc,vehicle_can,SCM_FEEDBACK,0x326,LEFT_BLINKER,lighting.left_indicator,26,1,motorola,False,1.0,0.0,,CLUSTER_RELEVANT_SIGNAL_DOCUMENTED,DISPLAY_RELEVANT
honda.crv.gen5.us.ex_2017,honda_crv_ex_2017_can_generated.dbc,vehicle_can,SCM_FEEDBACK,0x326,CMBS_STATES,,22,2,motorola,False,1.0,0.0,,VEHICLE_PROTOCOL_DOCUMENTED,DISPLAY_RELEVANT
honda.crv.gen5.us.ex_2017,honda_crv_ex_2017_can_generated.dbc,vehicle_can,SCM_FEEDBACK,0x326,COUNTER,,61,2,motorola,False,1.0,0.0,,VEHICLE_PROTOCOL_DOCUMENTED,DISPLAY_RELEVANT
honda.crv.gen5.us.ex_2017,honda_crv_ex_2017_can_generated.dbc,vehicle_can,SCM_FEEDBACK,0x326,CHECKSUM,,59,4,motorola,False,1.0,0.0,,VEHICLE_PROTOCOL_DOCUMENTED,DISPLAY_RELEVANT
honda.crv.gen5.us.ex_2017,honda_crv_ex_2017_can_generated.dbc,vehicle_can,CAMERA_MESSAGES,0x35e,ZEROS_BOH,,7,50,motorola,False,1.0,0.0,,VEHICLE_PROTOCOL_DOCUMENTED,ADAS_ONLY
honda.crv.gen5.us.ex_2017,honda_crv_ex_2017_can_generated.dbc,vehicle_can,CAMERA_MESSAGES,0x35e,AUTO_HIGHBEAMS_ACTIVE,,53,1,motorola,False,1.0,0.0,,VEHICLE_PROTOCOL_DOCUMENTED,ADAS_ONLY
honda.crv.gen5.us.ex_2017,honda_crv_ex_2017_can_generated.dbc,vehicle_can,CAMERA_MESSAGES,0x35e,HIGHBEAMS_ON,,52,1,motorola,False,1.0,0.0,,VEHICLE_PROTOCOL_DOCUMENTED,ADAS_ONLY
honda.crv.gen5.us.ex_2017,honda_crv_ex_2017_can_generated.dbc,vehicle_can,CAMERA_MESSAGES,0x35e,ZEROS_BOH_2,,51,4,motorola,False,1.0,0.0,,VEHICLE_PROTOCOL_DOCUMENTED,ADAS_ONLY
honda.crv.gen5.us.ex_2017,honda_crv_ex_2017_can_generated.dbc,vehicle_can,CAMERA_MESSAGES,0x35e,COUNTER,,61,2,motorola,False,1.0,0.0,,VEHICLE_PROTOCOL_DOCUMENTED,ADAS_ONLY
honda.crv.gen5.us.ex_2017,honda_crv_ex_2017_can_generated.dbc,vehicle_can,CAMERA_MESSAGES,0x35e,CHECKSUM,,59,4,motorola,False,1.0,0.0,,VEHICLE_PROTOCOL_DOCUMENTED,ADAS_ONLY
honda.crv.gen5.us.ex_2017,honda_crv_ex_2017_can_generated.dbc,vehicle_can,RADAR_HUD,0x39f,ZEROS_BOH,,7,10,motorola,False,1.0,0.0,,VEHICLE_PROTOCOL_DOCUMENTED,ADAS_ONLY
honda.crv.gen5.us.ex_2017,honda_crv_ex_2017_can_generated.dbc,vehicle_can,RADAR_HUD,0x39f,CMBS_OFF,,12,1,motorola,False,1.0,0.0,,VEHICLE_PROTOCOL_DOCUMENTED,ADAS_ONLY
honda.crv.gen5.us.ex_2017,honda_crv_ex_2017_can_generated.dbc,vehicle_can,RADAR_HUD,0x39f,RESUME_INSTRUCTION,,21,1,motorola,False,1.0,0.0,,VEHICLE_PROTOCOL_DOCUMENTED,ADAS_ONLY
honda.crv.gen5.us.ex_2017,honda_crv_ex_2017_can_generated.dbc,vehicle_can,RADAR_HUD,0x39f,SET_TO_1,,13,1,motorola,False,1.0,0.0,,VEHICLE_PROTOCOL_DOCUMENTED,ADAS_ONLY
honda.crv.gen5.us.ex_2017,honda_crv_ex_2017_can_generated.dbc,vehicle_can,RADAR_HUD,0x39f,ZEROS_BOH2,,11,4,motorola,False,1.0,0.0,,VEHICLE_PROTOCOL_DOCUMENTED,ADAS_ONLY
honda.crv.gen5.us.ex_2017,honda_crv_ex_2017_can_generated.dbc,vehicle_can,RADAR_HUD,0x39f,APPLY_BRAKES_FOR_CANC,,23,1,motorola,False,1.0,0.0,,VEHICLE_PROTOCOL_DOCUMENTED,ADAS_ONLY
honda.crv.gen5.us.ex_2017,honda_crv_ex_2017_can_generated.dbc,vehicle_can,RADAR_HUD,0x39f,ACC_ALERTS,,20,5,motorola,False,1.0,0.0,,VEHICLE_PROTOCOL_DOCUMENTED,ADAS_ONLY
honda.crv.gen5.us.ex_2017,honda_crv_ex_2017_can_generated.dbc,vehicle_can,RADAR_HUD,0x39f,SET_TO_0,,22,1,motorola,False,1.0,0.0,,VEHICLE_PROTOCOL_DOCUMENTED,ADAS_ONLY
honda.crv.gen5.us.ex_2017,honda_crv_ex_2017_can_generated.dbc,vehicle_can,RADAR_HUD,0x39f,HUD_LEAD,,40,1,motorola,False,1.0,0.0,,VEHICLE_PROTOCOL_DOCUMENTED,ADAS_ONLY
honda.crv.gen5.us.ex_2017,honda_crv_ex_2017_can_generated.dbc,vehicle_can,RADAR_HUD,0x39f,SET_TO_64,,31,8,motorola,False,1.0,0.0,,VEHICLE_PROTOCOL_DOCUMENTED,ADAS_ONLY
honda.crv.gen5.us.ex_2017,honda_crv_ex_2017_can_generated.dbc,vehicle_can,RADAR_HUD,0x39f,LEAD_DISTANCE,,39,8,motorola,False,1.0,0.0,,VEHICLE_PROTOCOL_DOCUMENTED,ADAS_ONLY
honda.crv.gen5.us.ex_2017,honda_crv_ex_2017_can_generated.dbc,vehicle_can,RADAR_HUD,0x39f,ZEROS_BOH3,,47,7,motorola,False,1.0,0.0,,VEHICLE_PROTOCOL_DOCUMENTED,ADAS_ONLY
honda.crv.gen5.us.ex_2017,honda_crv_ex_2017_can_generated.dbc,vehicle_can,RADAR_HUD,0x39f,ZEROS_BOH4,,55,8,motorola,False,1.0,0.0,,VEHICLE_PROTOCOL_DOCUMENTED,ADAS_ONLY
honda.crv.gen5.us.ex_2017,honda_crv_ex_2017_can_generated.dbc,vehicle_can,RADAR_HUD,0x39f,COUNTER,,61,2,motorola,False,1.0,0.0,,VEHICLE_PROTOCOL_DOCUMENTED,ADAS_ONLY
honda.crv.gen5.us.ex_2017,honda_crv_ex_2017_can_generated.dbc,vehicle_can,RADAR_HUD,0x39f,CHECKSUM,,59,4,motorola,False,1.0,0.0,,VEHICLE_PROTOCOL_DOCUMENTED,ADAS_ONLY
honda.crv.gen5.us.ex_2017,honda_crv_ex_2017_can_generated.dbc,vehicle_can,LKAS_HUD_A,0x000033DA,CAM_TEMP_HIGH,,7,1,motorola,False,1.0,0.0,,VEHICLE_PROTOCOL_DOCUMENTED,ADAS_ONLY
honda.crv.gen5.us.ex_2017,honda_crv_ex_2017_can_generated.dbc,vehicle_can,LKAS_HUD_A,0x000033DA,SET_ME_X41,,6,7,motorola,False,1.0,0.0,,VEHICLE_PROTOCOL_DOCUMENTED,ADAS_ONLY
honda.crv.gen5.us.ex_2017,honda_crv_ex_2017_can_generated.dbc,vehicle_can,LKAS_HUD_A,0x000033DA,BOH,,6,7,motorola,False,1.0,0.0,,VEHICLE_PROTOCOL_DOCUMENTED,ADAS_ONLY
honda.crv.gen5.us.ex_2017,honda_crv_ex_2017_can_generated.dbc,vehicle_can,LKAS_HUD_A,0x000033DA,DASHED_LANES,,14,1,motorola,False,1.0,0.0,,VEHICLE_PROTOCOL_DOCUMENTED,ADAS_ONLY
honda.crv.gen5.us.ex_2017,honda_crv_ex_2017_can_generated.dbc,vehicle_can,LKAS_HUD_A,0x000033DA,DTC,,13,1,motorola,False,1.0,0.0,,VEHICLE_PROTOCOL_DOCUMENTED,ADAS_ONLY
honda.crv.gen5.us.ex_2017,honda_crv_ex_2017_can_generated.dbc,vehicle_can,LKAS_HUD_A,0x000033DA,LKAS_PROBLEM,,12,1,motorola,False,1.0,0.0,,VEHICLE_PROTOCOL_DOCUMENTED,ADAS_ONLY
honda.crv.gen5.us.ex_2017,honda_crv_ex_2017_can_generated.dbc,vehicle_can,LKAS_HUD_A,0x000033DA,LKAS_OFF,,11,1,motorola,False,1.0,0.0,,VEHICLE_PROTOCOL_DOCUMENTED,ADAS_ONLY
honda.crv.gen5.us.ex_2017,honda_crv_ex_2017_can_generated.dbc,vehicle_can,LKAS_HUD_A,0x000033DA,SOLID_LANES,,10,1,motorola,False,1.0,0.0,,VEHICLE_PROTOCOL_DOCUMENTED,ADAS_ONLY
honda.crv.gen5.us.ex_2017,honda_crv_ex_2017_can_generated.dbc,vehicle_can,LKAS_HUD_A,0x000033DA,LDW_RIGHT,,9,1,motorola,False,1.0,0.0,,VEHICLE_PROTOCOL_DOCUMENTED,ADAS_ONLY
honda.crv.gen5.us.ex_2017,honda_crv_ex_2017_can_generated.dbc,vehicle_can,LKAS_HUD_A,0x000033DA,STEERING_REQUIRED,,8,1,motorola,False,1.0,0.0,,VEHICLE_PROTOCOL_DOCUMENTED,ADAS_ONLY
honda.crv.gen5.us.ex_2017,honda_crv_ex_2017_can_generated.dbc,vehicle_can,LKAS_HUD_A,0x000033DA,BOH_2,,23,2,motorola,False,1.0,0.0,,VEHICLE_PROTOCOL_DOCUMENTED,ADAS_ONLY
honda.crv.gen5.us.ex_2017,honda_crv_ex_2017_can_generated.dbc,vehicle_can,LKAS_HUD_A,0x000033DA,LDW_PROBLEM,,21,1,motorola,False,1.0,0.0,,VEHICLE_PROTOCOL_DOCUMENTED,ADAS_ONLY
honda.crv.gen5.us.ex_2017,honda_crv_ex_2017_can_generated.dbc,vehicle_can,LKAS_HUD_A,0x000033DA,BEEP,,17,2,motorola,False,1.0,0.0,,VEHICLE_PROTOCOL_DOCUMENTED,ADAS_ONLY
honda.crv.gen5.us.ex_2017,honda_crv_ex_2017_can_generated.dbc,vehicle_can,LKAS_HUD_A,0x000033DA,SET_ME_X01,,20,1,motorola,False,1.0,0.0,,VEHICLE_PROTOCOL_DOCUMENTED,ADAS_ONLY
honda.crv.gen5.us.ex_2017,honda_crv_ex_2017_can_generated.dbc,vehicle_can,LKAS_HUD_A,0x000033DA,LDW_ON,,28,1,motorola,False,1.0,0.0,,VEHICLE_PROTOCOL_DOCUMENTED,ADAS_ONLY
honda.crv.gen5.us.ex_2017,honda_crv_ex_2017_can_generated.dbc,vehicle_can,LKAS_HUD_A,0x000033DA,LDW_OFF,,27,1,motorola,False,1.0,0.0,,VEHICLE_PROTOCOL_DOCUMENTED,ADAS_ONLY
honda.crv.gen5.us.ex_2017,honda_crv_ex_2017_can_generated.dbc,vehicle_can,LKAS_HUD_A,0x000033DA,CLEAN_WINDSHIELD,,26,1,motorola,False,1.0,0.0,,VEHICLE_PROTOCOL_DOCUMENTED,ADAS_ONLY
honda.crv.gen5.us.ex_2017,honda_crv_ex_2017_can_generated.dbc,vehicle_can,LKAS_HUD_A,0x000033DA,COUNTER,,37,2,motorola,False,1.0,0.0,,VEHICLE_PROTOCOL_DOCUMENTED,ADAS_ONLY
honda.crv.gen5.us.ex_2017,honda_crv_ex_2017_can_generated.dbc,vehicle_can,LKAS_HUD_A,0x000033DA,CHECKSUM,,35,4,motorola,False,1.0,0.0,,VEHICLE_PROTOCOL_DOCUMENTED,ADAS_ONLY
honda.crv.gen5.us.ex_2017,honda_crv_ex_2017_can_generated.dbc,vehicle_can,LKAS_HUD_B,0x000033DB,CAM_TEMP_HIGH,,7,1,motorola,False,1.0,0.0,,VEHICLE_PROTOCOL_DOCUMENTED,ADAS_ONLY
honda.crv.gen5.us.ex_2017,honda_crv_ex_2017_can_generated.dbc,vehicle_can,LKAS_HUD_B,0x000033DB,SET_ME_X41,,6,7,motorola,False,1.0,0.0,,VEHICLE_PROTOCOL_DOCUMENTED,ADAS_ONLY
honda.crv.gen5.us.ex_2017,honda_crv_ex_2017_can_generated.dbc,vehicle_can,LKAS_HUD_B,0x000033DB,BOH,,6,7,motorola,False,1.0,0.0,,VEHICLE_PROTOCOL_DOCUMENTED,ADAS_ONLY
honda.crv.gen5.us.ex_2017,honda_crv_ex_2017_can_generated.dbc,vehicle_can,LKAS_HUD_B,0x000033DB,DASHED_LANES,,14,1,motorola,False,1.0,0.0,,VEHICLE_PROTOCOL_DOCUMENTED,ADAS_ONLY
honda.crv.gen5.us.ex_2017,honda_crv_ex_2017_can_generated.dbc,vehicle_can,LKAS_HUD_B,0x000033DB,DTC,,13,1,motorola,False,1.0,0.0,,VEHICLE_PROTOCOL_DOCUMENTED,ADAS_ONLY
honda.crv.gen5.us.ex_2017,honda_crv_ex_2017_can_generated.dbc,vehicle_can,LKAS_HUD_B,0x000033DB,LKAS_PROBLEM,,12,1,motorola,False,1.0,0.0,,VEHICLE_PROTOCOL_DOCUMENTED,ADAS_ONLY
honda.crv.gen5.us.ex_2017,honda_crv_ex_2017_can_generated.dbc,vehicle_can,LKAS_HUD_B,0x000033DB,LKAS_OFF,,11,1,motorola,False,1.0,0.0,,VEHICLE_PROTOCOL_DOCUMENTED,ADAS_ONLY
honda.crv.gen5.us.ex_2017,honda_crv_ex_2017_can_generated.dbc,vehicle_can,LKAS_HUD_B,0x000033DB,SOLID_LANES,,10,1,motorola,False,1.0,0.0,,VEHICLE_PROTOCOL_DOCUMENTED,ADAS_ONLY
honda.crv.gen5.us.ex_2017,honda_crv_ex_2017_can_generated.dbc,vehicle_can,LKAS_HUD_B,0x000033DB,LDW_RIGHT,,9,1,motorola,False,1.0,0.0,,VEHICLE_PROTOCOL_DOCUMENTED,ADAS_ONLY
honda.crv.gen5.us.ex_2017,honda_crv_ex_2017_can_generated.dbc,vehicle_can,LKAS_HUD_B,0x000033DB,STEERING_REQUIRED,,8,1,motorola,False,1.0,0.0,,VEHICLE_PROTOCOL_DOCUMENTED,ADAS_ONLY
honda.crv.gen5.us.ex_2017,honda_crv_ex_2017_can_generated.dbc,vehicle_can,LKAS_HUD_B,0x000033DB,BOH_2,,23,2,motorola,False,1.0,0.0,,VEHICLE_PROTOCOL_DOCUMENTED,ADAS_ONLY
honda.crv.gen5.us.ex_2017,honda_crv_ex_2017_can_generated.dbc,vehicle_can,LKAS_HUD_B,0x000033DB,LDW_PROBLEM,,21,1,motorola,False,1.0,0.0,,VEHICLE_PROTOCOL_DOCUMENTED,ADAS_ONLY
honda.crv.gen5.us.ex_2017,honda_crv_ex_2017_can_generated.dbc,vehicle_can,LKAS_HUD_B,0x000033DB,BEEP,,17,2,motorola,False,1.0,0.0,,VEHICLE_PROTOCOL_DOCUMENTED,ADAS_ONLY
honda.crv.gen5.us.ex_2017,honda_crv_ex_2017_can_generated.dbc,vehicle_can,LKAS_HUD_B,0x000033DB,SET_ME_X01,,20,1,motorola,False,1.0,0.0,,VEHICLE_PROTOCOL_DOCUMENTED,ADAS_ONLY
honda.crv.gen5.us.ex_2017,honda_crv_ex_2017_can_generated.dbc,vehicle_can,LKAS_HUD_B,0x000033DB,LDW_ON,,28,1,motorola,False,1.0,0.0,,VEHICLE_PROTOCOL_DOCUMENTED,ADAS_ONLY
honda.crv.gen5.us.ex_2017,honda_crv_ex_2017_can_generated.dbc,vehicle_can,LKAS_HUD_B,0x000033DB,LDW_OFF,,27,1,motorola,False,1.0,0.0,,VEHICLE_PROTOCOL_DOCUMENTED,ADAS_ONLY
honda.crv.gen5.us.ex_2017,honda_crv_ex_2017_can_generated.dbc,vehicle_can,LKAS_HUD_B,0x000033DB,CLEAN_WINDSHIELD,,26,1,motorola,False,1.0,0.0,,VEHICLE_PROTOCOL_DOCUMENTED,ADAS_ONLY
honda.crv.gen5.us.ex_2017,honda_crv_ex_2017_can_generated.dbc,vehicle_can,LKAS_HUD_B,0x000033DB,COUNTER,,61,2,motorola,False,1.0,0.0,,VEHICLE_PROTOCOL_DOCUMENTED,ADAS_ONLY
honda.crv.gen5.us.ex_2017,honda_crv_ex_2017_can_generated.dbc,vehicle_can,LKAS_HUD_B,0x000033DB,CHECKSUM,,59,4,motorola,False,1.0,0.0,,VEHICLE_PROTOCOL_DOCUMENTED,ADAS_ONLY
honda.crv.gen5.us.ex_2017,honda_crv_ex_2017_can_generated.dbc,vehicle_can,ACC_CONTROL,0x1df,SET_TO_0,,20,5,motorola,False,1.0,0.0,,VEHICLE_PROTOCOL_DOCUMENTED,ADAS_ONLY
honda.crv.gen5.us.ex_2017,honda_crv_ex_2017_can_generated.dbc,vehicle_can,ACC_CONTROL,0x1df,CONTROL_ON,,23,3,motorola,False,1.0,0.0,,VEHICLE_PROTOCOL_DOCUMENTED,ADAS_ONLY
honda.crv.gen5.us.ex_2017,honda_crv_ex_2017_can_generated.dbc,vehicle_can,ACC_CONTROL,0x1df,GAS_COMMAND,,7,16,motorola,True,1.0,0.0,,VEHICLE_PROTOCOL_DOCUMENTED,ADAS_ONLY
honda.crv.gen5.us.ex_2017,honda_crv_ex_2017_can_generated.dbc,vehicle_can,ACC_CONTROL,0x1df,ACCEL_COMMAND,,31,11,motorola,True,0.01,0.0,m/s2,VEHICLE_PROTOCOL_DOCUMENTED,ADAS_ONLY
honda.crv.gen5.us.ex_2017,honda_crv_ex_2017_can_generated.dbc,vehicle_can,ACC_CONTROL,0x1df,BRAKE_LIGHTS,,62,1,motorola,False,1.0,0.0,,VEHICLE_PROTOCOL_DOCUMENTED,ADAS_ONLY
honda.crv.gen5.us.ex_2017,honda_crv_ex_2017_can_generated.dbc,vehicle_can,ACC_CONTROL,0x1df,BRAKE_REQUEST,,34,1,motorola,False,1.0,0.0,,VEHICLE_PROTOCOL_DOCUMENTED,ADAS_ONLY
honda.crv.gen5.us.ex_2017,honda_crv_ex_2017_can_generated.dbc,vehicle_can,ACC_CONTROL,0x1df,STANDSTILL,,35,1,motorola,False,1.0,0.0,,VEHICLE_PROTOCOL_DOCUMENTED,ADAS_ONLY
honda.crv.gen5.us.ex_2017,honda_crv_ex_2017_can_generated.dbc,vehicle_can,ACC_CONTROL,0x1df,STANDSTILL_RELEASE,,36,1,motorola,False,1.0,0.0,,VEHICLE_PROTOCOL_DOCUMENTED,ADAS_ONLY
honda.crv.gen5.us.ex_2017,honda_crv_ex_2017_can_generated.dbc,vehicle_can,ACC_CONTROL,0x1df,AEB_STATUS,,33,1,motorola,False,1.0,0.0,,VEHICLE_PROTOCOL_DOCUMENTED,ADAS_ONLY
honda.crv.gen5.us.ex_2017,honda_crv_ex_2017_can_generated.dbc,vehicle_can,ACC_CONTROL,0x1df,AEB_BRAKING,,47,1,motorola,False,1.0,0.0,,VEHICLE_PROTOCOL_DOCUMENTED,ADAS_ONLY
honda.crv.gen5.us.ex_2017,honda_crv_ex_2017_can_generated.dbc,vehicle_can,ACC_CONTROL,0x1df,AEB_PREPARE,,43,1,motorola,False,1.0,0.0,,VEHICLE_PROTOCOL_DOCUMENTED,ADAS_ONLY
honda.crv.gen5.us.ex_2017,honda_crv_ex_2017_can_generated.dbc,vehicle_can,ACC_CONTROL,0x1df,COUNTER,,61,2,motorola,False,1.0,0.0,,VEHICLE_PROTOCOL_DOCUMENTED,ADAS_ONLY
honda.crv.gen5.us.ex_2017,honda_crv_ex_2017_can_generated.dbc,vehicle_can,ACC_CONTROL,0x1df,CHECKSUM,,59,4,motorola,False,1.0,0.0,,VEHICLE_PROTOCOL_DOCUMENTED,ADAS_ONLY
honda.crv.gen5.us.ex_2017,honda_crv_ex_2017_can_generated.dbc,vehicle_can,ACC_CONTROL_ON,0x1ef,SET_TO_75,,31,8,motorola,False,1.0,0.0,,VEHICLE_PROTOCOL_DOCUMENTED,ADAS_ONLY
honda.crv.gen5.us.ex_2017,honda_crv_ex_2017_can_generated.dbc,vehicle_can,ACC_CONTROL_ON,0x1ef,SET_TO_30,,39,8,motorola,False,1.0,0.0,,VEHICLE_PROTOCOL_DOCUMENTED,ADAS_ONLY
honda.crv.gen5.us.ex_2017,honda_crv_ex_2017_can_generated.dbc,vehicle_can,ACC_CONTROL_ON,0x1ef,ZEROS_BOH,,23,8,motorola,False,1.0,0.0,,VEHICLE_PROTOCOL_DOCUMENTED,ADAS_ONLY
honda.crv.gen5.us.ex_2017,honda_crv_ex_2017_can_generated.dbc,vehicle_can,ACC_CONTROL_ON,0x1ef,ZEROS_BOH2,,47,16,motorola,False,1.0,0.0,,VEHICLE_PROTOCOL_DOCUMENTED,ADAS_ONLY
honda.crv.gen5.us.ex_2017,honda_crv_ex_2017_can_generated.dbc,vehicle_can,ACC_CONTROL_ON,0x1ef,SET_TO_FF,,15,8,motorola,False,1.0,0.0,,VEHICLE_PROTOCOL_DOCUMENTED,ADAS_ONLY
honda.crv.gen5.us.ex_2017,honda_crv_ex_2017_can_generated.dbc,vehicle_can,ACC_CONTROL_ON,0x1ef,SET_TO_3,,6,7,motorola,False,1.0,0.0,,VEHICLE_PROTOCOL_DOCUMENTED,ADAS_ONLY
honda.crv.gen5.us.ex_2017,honda_crv_ex_2017_can_generated.dbc,vehicle_can,ACC_CONTROL_ON,0x1ef,CONTROL_ON,,7,1,motorola,False,1.0,0.0,,VEHICLE_PROTOCOL_DOCUMENTED,ADAS_ONLY
honda.crv.gen5.us.ex_2017,honda_crv_ex_2017_can_generated.dbc,vehicle_can,ACC_CONTROL_ON,0x1ef,CHECKSUM,,59,4,motorola,False,1.0,0.0,,VEHICLE_PROTOCOL_DOCUMENTED,ADAS_ONLY
honda.crv.gen5.us.ex_2017,honda_crv_ex_2017_can_generated.dbc,vehicle_can,ACC_CONTROL_ON,0x1ef,COUNTER,,61,2,motorola,False,1.0,0.0,,VEHICLE_PROTOCOL_DOCUMENTED,ADAS_ONLY
honda.crv.gen5.us.ex_2017,honda_crv_ex_2017_can_generated.dbc,vehicle_can,LKAS_HUD,0x33d,CAM_TEMP_HIGH,,7,1,motorola,False,1.0,0.0,,VEHICLE_PROTOCOL_DOCUMENTED,ADAS_ONLY
honda.crv.gen5.us.ex_2017,honda_crv_ex_2017_can_generated.dbc,vehicle_can,LKAS_HUD,0x33d,SET_ME_X41,,6,7,motorola,False,1.0,0.0,,VEHICLE_PROTOCOL_DOCUMENTED,ADAS_ONLY
honda.crv.gen5.us.ex_2017,honda_crv_ex_2017_can_generated.dbc,vehicle_can,LKAS_HUD,0x33d,BOH,,6,7,motorola,False,1.0,0.0,,VEHICLE_PROTOCOL_DOCUMENTED,ADAS_ONLY
honda.crv.gen5.us.ex_2017,honda_crv_ex_2017_can_generated.dbc,vehicle_can,LKAS_HUD,0x33d,DASHED_LANES,,14,1,motorola,False,1.0,0.0,,VEHICLE_PROTOCOL_DOCUMENTED,ADAS_ONLY
honda.crv.gen5.us.ex_2017,honda_crv_ex_2017_can_generated.dbc,vehicle_can,LKAS_HUD,0x33d,DTC,,13,1,motorola,False,1.0,0.0,,VEHICLE_PROTOCOL_DOCUMENTED,ADAS_ONLY
honda.crv.gen5.us.ex_2017,honda_crv_ex_2017_can_generated.dbc,vehicle_can,LKAS_HUD,0x33d,LKAS_PROBLEM,,12,1,motorola,False,1.0,0.0,,VEHICLE_PROTOCOL_DOCUMENTED,ADAS_ONLY
honda.crv.gen5.us.ex_2017,honda_crv_ex_2017_can_generated.dbc,vehicle_can,LKAS_HUD,0x33d,LKAS_OFF,,11,1,motorola,False,1.0,0.0,,VEHICLE_PROTOCOL_DOCUMENTED,ADAS_ONLY
honda.crv.gen5.us.ex_2017,honda_crv_ex_2017_can_generated.dbc,vehicle_can,LKAS_HUD,0x33d,SOLID_LANES,,10,1,motorola,False,1.0,0.0,,VEHICLE_PROTOCOL_DOCUMENTED,ADAS_ONLY
honda.crv.gen5.us.ex_2017,honda_crv_ex_2017_can_generated.dbc,vehicle_can,LKAS_HUD,0x33d,LDW_RIGHT,,9,1,motorola,False,1.0,0.0,,VEHICLE_PROTOCOL_DOCUMENTED,ADAS_ONLY
honda.crv.gen5.us.ex_2017,honda_crv_ex_2017_can_generated.dbc,vehicle_can,LKAS_HUD,0x33d,STEERING_REQUIRED,,8,1,motorola,False,1.0,0.0,,VEHICLE_PROTOCOL_DOCUMENTED,ADAS_ONLY
honda.crv.gen5.us.ex_2017,honda_crv_ex_2017_can_generated.dbc,vehicle_can,LKAS_HUD,0x33d,BOH_2,,23,2,motorola,False,1.0,0.0,,VEHICLE_PROTOCOL_DOCUMENTED,ADAS_ONLY
honda.crv.gen5.us.ex_2017,honda_crv_ex_2017_can_generated.dbc,vehicle_can,LKAS_HUD,0x33d,LDW_PROBLEM,,21,1,motorola,False,1.0,0.0,,VEHICLE_PROTOCOL_DOCUMENTED,ADAS_ONLY
honda.crv.gen5.us.ex_2017,honda_crv_ex_2017_can_generated.dbc,vehicle_can,LKAS_HUD,0x33d,BEEP,,17,2,motorola,False,1.0,0.0,,VEHICLE_PROTOCOL_DOCUMENTED,ADAS_ONLY
honda.crv.gen5.us.ex_2017,honda_crv_ex_2017_can_generated.dbc,vehicle_can,LKAS_HUD,0x33d,LDW_ON,,28,1,motorola,False,1.0,0.0,,VEHICLE_PROTOCOL_DOCUMENTED,ADAS_ONLY
honda.crv.gen5.us.ex_2017,honda_crv_ex_2017_can_generated.dbc,vehicle_can,LKAS_HUD,0x33d,LDW_OFF,,27,1,motorola,False,1.0,0.0,,VEHICLE_PROTOCOL_DOCUMENTED,ADAS_ONLY
honda.crv.gen5.us.ex_2017,honda_crv_ex_2017_can_generated.dbc,vehicle_can,LKAS_HUD,0x33d,CLEAN_WINDSHIELD,,26,1,motorola,False,1.0,0.0,,VEHICLE_PROTOCOL_DOCUMENTED,ADAS_ONLY
honda.crv.gen5.us.ex_2017,honda_crv_ex_2017_can_generated.dbc,vehicle_can,LKAS_HUD,0x33d,SET_ME_X48,,31,8,motorola,False,1.0,0.0,,VEHICLE_PROTOCOL_DOCUMENTED,ADAS_ONLY
honda.crv.gen5.us.ex_2017,honda_crv_ex_2017_can_generated.dbc,vehicle_can,LKAS_HUD,0x33d,COUNTER,,37,2,motorola,False,1.0,0.0,,VEHICLE_PROTOCOL_DOCUMENTED,ADAS_ONLY
honda.crv.gen5.us.ex_2017,honda_crv_ex_2017_can_generated.dbc,vehicle_can,LKAS_HUD,0x33d,CHECKSUM,,35,4,motorola,False,1.0,0.0,,VEHICLE_PROTOCOL_DOCUMENTED,ADAS_ONLY
honda.crv.gen5.us.ex_2017,honda_crv_ex_2017_can_generated.dbc,vehicle_can,STEERING_SENSORS,0x14a,STEER_ANGLE,chassis.steering_angle,7,16,motorola,True,-0.1,0.0,deg,VEHICLE_PROTOCOL_DOCUMENTED,UNKNOWN
honda.crv.gen5.us.ex_2017,honda_crv_ex_2017_can_generated.dbc,vehicle_can,STEERING_SENSORS,0x14a,STEER_ANGLE_RATE,,23,16,motorola,True,-1.0,0.0,deg/s,VEHICLE_PROTOCOL_DOCUMENTED,UNKNOWN
honda.crv.gen5.us.ex_2017,honda_crv_ex_2017_can_generated.dbc,vehicle_can,STEERING_SENSORS,0x14a,STEER_SENSOR_STATUS_1,,34,1,motorola,False,1.0,0.0,,VEHICLE_PROTOCOL_DOCUMENTED,UNKNOWN
honda.crv.gen5.us.ex_2017,honda_crv_ex_2017_can_generated.dbc,vehicle_can,STEERING_SENSORS,0x14a,STEER_SENSOR_STATUS_2,,33,1,motorola,False,1.0,0.0,,VEHICLE_PROTOCOL_DOCUMENTED,UNKNOWN
honda.crv.gen5.us.ex_2017,honda_crv_ex_2017_can_generated.dbc,vehicle_can,STEERING_SENSORS,0x14a,STEER_SENSOR_STATUS_3,,32,1,motorola,False,1.0,0.0,,VEHICLE_PROTOCOL_DOCUMENTED,UNKNOWN
honda.crv.gen5.us.ex_2017,honda_crv_ex_2017_can_generated.dbc,vehicle_can,STEERING_SENSORS,0x14a,STEER_WHEEL_ANGLE,,47,16,motorola,True,-0.1,0.0,deg,VEHICLE_PROTOCOL_DOCUMENTED,UNKNOWN
honda.crv.gen5.us.ex_2017,honda_crv_ex_2017_can_generated.dbc,vehicle_can,STEERING_SENSORS,0x14a,COUNTER,,61,2,motorola,False,1.0,0.0,,VEHICLE_PROTOCOL_DOCUMENTED,UNKNOWN
honda.crv.gen5.us.ex_2017,honda_crv_ex_2017_can_generated.dbc,vehicle_can,STEERING_SENSORS,0x14a,CHECKSUM,,59,4,motorola,False,1.0,0.0,,VEHICLE_PROTOCOL_DOCUMENTED,UNKNOWN
honda.crv.gen5.us.ex_2017,honda_crv_ex_2017_can_generated.dbc,vehicle_can,GEARBOX,0x191,GEAR_SHIFTER,transmission.gear,5,6,motorola,False,1.0,0.0,,CLUSTER_RELEVANT_SIGNAL_DOCUMENTED,DISPLAY_RELEVANT
honda.crv.gen5.us.ex_2017,honda_crv_ex_2017_can_generated.dbc,vehicle_can,GEARBOX,0x191,BOH,,45,6,motorola,False,1.0,0.0,,VEHICLE_PROTOCOL_DOCUMENTED,DISPLAY_RELEVANT
honda.crv.gen5.us.ex_2017,honda_crv_ex_2017_can_generated.dbc,vehicle_can,GEARBOX,0x191,GEAR2,,31,8,motorola,False,1.0,0.0,,VEHICLE_PROTOCOL_DOCUMENTED,DISPLAY_RELEVANT
honda.crv.gen5.us.ex_2017,honda_crv_ex_2017_can_generated.dbc,vehicle_can,GEARBOX,0x191,GEAR,,39,8,motorola,False,1.0,0.0,,VEHICLE_PROTOCOL_DOCUMENTED,DISPLAY_RELEVANT
honda.crv.gen5.us.ex_2017,honda_crv_ex_2017_can_generated.dbc,vehicle_can,GEARBOX,0x191,ZEROS_BOH,,47,2,motorola,False,1.0,0.0,,VEHICLE_PROTOCOL_DOCUMENTED,DISPLAY_RELEVANT
honda.crv.gen5.us.ex_2017,honda_crv_ex_2017_can_generated.dbc,vehicle_can,GEARBOX,0x191,COUNTER,,61,2,motorola,False,1.0,0.0,,VEHICLE_PROTOCOL_DOCUMENTED,DISPLAY_RELEVANT
honda.crv.gen5.us.ex_2017,honda_crv_ex_2017_can_generated.dbc,vehicle_can,GEARBOX,0x191,CHECKSUM,,59,4,motorola,False,1.0,0.0,,VEHICLE_PROTOCOL_DOCUMENTED,DISPLAY_RELEVANT
honda.crv.gen5.us.ex_2017,honda_crv_ex_2017_can_generated.dbc,vehicle_can,STANDSTILL,0x1b0,WHEELS_MOVING,,12,1,motorola,False,1.0,0.0,,VEHICLE_PROTOCOL_DOCUMENTED,POWERTRAIN_ONLY
honda.crv.gen5.us.ex_2017,honda_crv_ex_2017_can_generated.dbc,vehicle_can,STANDSTILL,0x1b0,BRAKE_ERROR_1,,11,1,motorola,False,1.0,0.0,,VEHICLE_PROTOCOL_DOCUMENTED,POWERTRAIN_ONLY
honda.crv.gen5.us.ex_2017,honda_crv_ex_2017_can_generated.dbc,vehicle_can,STANDSTILL,0x1b0,BRAKE_ERROR_2,,9,1,motorola,False,1.0,0.0,,VEHICLE_PROTOCOL_DOCUMENTED,POWERTRAIN_ONLY
honda.crv.gen5.us.ex_2017,honda_crv_ex_2017_can_generated.dbc,vehicle_can,STANDSTILL,0x1b0,COUNTER,,53,2,motorola,False,1.0,0.0,,VEHICLE_PROTOCOL_DOCUMENTED,POWERTRAIN_ONLY
honda.crv.gen5.us.ex_2017,honda_crv_ex_2017_can_generated.dbc,vehicle_can,STANDSTILL,0x1b0,CHECKSUM,,51,4,motorola,False,1.0,0.0,,VEHICLE_PROTOCOL_DOCUMENTED,POWERTRAIN_ONLY
honda.crv.gen5.us.ex_2017,honda_crv_ex_2017_can_generated.dbc,vehicle_can,BRAKE_MODULE,0x1be,BRAKE_PRESSED,brakes.service_brake,4,1,motorola,False,1.0,0.0,,VEHICLE_PROTOCOL_DOCUMENTED,UNKNOWN
honda.crv.gen5.us.ex_2017,honda_crv_ex_2017_can_generated.dbc,vehicle_can,BRAKE_MODULE,0x1be,COUNTER,,21,2,motorola,False,1.0,0.0,,VEHICLE_PROTOCOL_DOCUMENTED,UNKNOWN
honda.crv.gen5.us.ex_2017,honda_crv_ex_2017_can_generated.dbc,vehicle_can,BRAKE_MODULE,0x1be,CHECKSUM,,19,4,motorola,False,1.0,0.0,,VEHICLE_PROTOCOL_DOCUMENTED,UNKNOWN
honda.crv.gen5.us.ex_2017,honda_crv_ex_2017_can_generated.dbc,vehicle_can,ODOMETER,0x516,ODOMETER,vehicle.odometer,7,24,motorola,False,1.0,0.0,km,CLUSTER_RELEVANT_SIGNAL_DOCUMENTED,DISPLAY_RELEVANT
honda.crv.gen5.us.ex_2017,honda_crv_ex_2017_can_generated.dbc,vehicle_can,ODOMETER,0x516,COUNTER,,61,2,motorola,False,1.0,0.0,,VEHICLE_PROTOCOL_DOCUMENTED,DISPLAY_RELEVANT
honda.crv.gen5.us.ex_2017,honda_crv_ex_2017_can_generated.dbc,vehicle_can,ODOMETER,0x516,CHECKSUM,,59,4,motorola,False,1.0,0.0,,VEHICLE_PROTOCOL_DOCUMENTED,DISPLAY_RELEVANT
honda.crv.gen5.us.ex_2017_body,honda_crv_ex_2017_body_generated.dbc,body_can,BSM_STATUS_RIGHT,0x12F8BFA7,BSM_ALERT,,4,1,motorola,False,1.0,0.0,,VEHICLE_PROTOCOL_DOCUMENTED,BODY_RELEVANT
honda.crv.gen5.us.ex_2017_body,honda_crv_ex_2017_body_generated.dbc,body_can,BSM_STATUS_RIGHT,0x12F8BFA7,BSM_MODE,,6,2,motorola,False,1.0,0.0,,VEHICLE_PROTOCOL_DOCUMENTED,BODY_RELEVANT
honda.crv.gen5.us.ex_2017_body,honda_crv_ex_2017_body_generated.dbc,body_can,BSM_STATUS_LEFT,0x12F8BE9F,BSM_ALERT,,4,1,motorola,False,1.0,0.0,,VEHICLE_PROTOCOL_DOCUMENTED,BODY_RELEVANT
honda.crv.gen5.us.ex_2017_body,honda_crv_ex_2017_body_generated.dbc,body_can,BSM_STATUS_LEFT,0x12F8BE9F,BSM_MODE,,6,2,motorola,False,1.0,0.0,,VEHICLE_PROTOCOL_DOCUMENTED,BODY_RELEVANT
honda.crv.gen5.us.touring_2016,honda_crv_touring_2016_can_generated.dbc,vehicle_can,GAS_COMMAND,0x200,GAS_COMMAND,,7,16,motorola,False,0.253984064,-83.3,,VEHICLE_PROTOCOL_DOCUMENTED,ADAS_ONLY
honda.crv.gen5.us.touring_2016,honda_crv_touring_2016_can_generated.dbc,vehicle_can,GAS_COMMAND,0x200,GAS_COMMAND2,,23,16,motorola,False,0.126992032,-83.3,,VEHICLE_PROTOCOL_DOCUMENTED,ADAS_ONLY
honda.crv.gen5.us.touring_2016,honda_crv_touring_2016_can_generated.dbc,vehicle_can,GAS_COMMAND,0x200,ENABLE,,39,1,motorola,False,1.0,0.0,,VEHICLE_PROTOCOL_DOCUMENTED,ADAS_ONLY
honda.crv.gen5.us.touring_2016,honda_crv_touring_2016_can_generated.dbc,vehicle_can,GAS_COMMAND,0x200,COUNTER_PEDAL,,35,4,motorola,False,1.0,0.0,,VEHICLE_PROTOCOL_DOCUMENTED,ADAS_ONLY
honda.crv.gen5.us.touring_2016,honda_crv_touring_2016_can_generated.dbc,vehicle_can,GAS_COMMAND,0x200,CHECKSUM_PEDAL,,47,8,motorola,False,1.0,0.0,,VEHICLE_PROTOCOL_DOCUMENTED,ADAS_ONLY
honda.crv.gen5.us.touring_2016,honda_crv_touring_2016_can_generated.dbc,vehicle_can,GAS_SENSOR,0x201,INTERCEPTOR_GAS,,7,16,motorola,False,1.0,0.0,,VEHICLE_PROTOCOL_DOCUMENTED,UNKNOWN
honda.crv.gen5.us.touring_2016,honda_crv_touring_2016_can_generated.dbc,vehicle_can,GAS_SENSOR,0x201,INTERCEPTOR_GAS2,,23,16,motorola,False,1.0,0.0,,VEHICLE_PROTOCOL_DOCUMENTED,UNKNOWN
honda.crv.gen5.us.touring_2016,honda_crv_touring_2016_can_generated.dbc,vehicle_can,GAS_SENSOR,0x201,STATE,,39,4,motorola,False,1.0,0.0,,VEHICLE_PROTOCOL_DOCUMENTED,UNKNOWN
honda.crv.gen5.us.touring_2016,honda_crv_touring_2016_can_generated.dbc,vehicle_can,GAS_SENSOR,0x201,COUNTER_PEDAL,,35,4,motorola,False,1.0,0.0,,VEHICLE_PROTOCOL_DOCUMENTED,UNKNOWN
honda.crv.gen5.us.touring_2016,honda_crv_touring_2016_can_generated.dbc,vehicle_can,GAS_SENSOR,0x201,CHECKSUM_PEDAL,,47,8,motorola,False,1.0,0.0,,VEHICLE_PROTOCOL_DOCUMENTED,UNKNOWN
honda.crv.gen5.us.touring_2016,honda_crv_touring_2016_can_generated.dbc,vehicle_can,GAS_PEDAL_2,0x130,ENGINE_TORQUE_ESTIMATE,,7,16,motorola,True,1.0,0.0,Nm,VEHICLE_PROTOCOL_DOCUMENTED,POWERTRAIN_ONLY
honda.crv.gen5.us.touring_2016,honda_crv_touring_2016_can_generated.dbc,vehicle_can,GAS_PEDAL_2,0x130,ENGINE_TORQUE_REQUEST,,23,16,motorola,True,1.0,0.0,Nm,VEHICLE_PROTOCOL_DOCUMENTED,POWERTRAIN_ONLY
honda.crv.gen5.us.touring_2016,honda_crv_touring_2016_can_generated.dbc,vehicle_can,GAS_PEDAL_2,0x130,CAR_GAS,,39,8,motorola,False,1.0,0.0,,VEHICLE_PROTOCOL_DOCUMENTED,POWERTRAIN_ONLY
honda.crv.gen5.us.touring_2016,honda_crv_touring_2016_can_generated.dbc,vehicle_can,GAS_PEDAL_2,0x130,COUNTER,,61,2,motorola,False,1.0,0.0,,VEHICLE_PROTOCOL_DOCUMENTED,POWERTRAIN_ONLY
honda.crv.gen5.us.touring_2016,honda_crv_touring_2016_can_generated.dbc,vehicle_can,GAS_PEDAL_2,0x130,CHECKSUM,,59,4,motorola,False,1.0,0.0,,VEHICLE_PROTOCOL_DOCUMENTED,POWERTRAIN_ONLY
honda.crv.gen5.us.touring_2016,honda_crv_touring_2016_can_generated.dbc,vehicle_can,GAS_PEDAL,0x13c,CAR_GAS,,39,8,motorola,False,1.0,0.0,,VEHICLE_PROTOCOL_DOCUMENTED,POWERTRAIN_ONLY
honda.crv.gen5.us.touring_2016,honda_crv_touring_2016_can_generated.dbc,vehicle_can,GAS_PEDAL,0x13c,COUNTER,,61,2,motorola,False,1.0,0.0,,VEHICLE_PROTOCOL_DOCUMENTED,POWERTRAIN_ONLY
honda.crv.gen5.us.touring_2016,honda_crv_touring_2016_can_generated.dbc,vehicle_can,GAS_PEDAL,0x13c,CHECKSUM,,59,4,motorola,False,1.0,0.0,,VEHICLE_PROTOCOL_DOCUMENTED,POWERTRAIN_ONLY
honda.crv.gen5.us.touring_2016,honda_crv_touring_2016_can_generated.dbc,vehicle_can,ENGINE_DATA,0x158,XMISSION_SPEED,vehicle.speed,7,16,motorola,False,0.01,0.0,kph,CLUSTER_RELEVANT_SIGNAL_DOCUMENTED,DISPLAY_RELEVANT
honda.crv.gen5.us.touring_2016,honda_crv_touring_2016_can_generated.dbc,vehicle_can,ENGINE_DATA,0x158,ENGINE_RPM,powertrain.engine_rpm,23,16,motorola,False,1.0,0.0,rpm,CLUSTER_RELEVANT_SIGNAL_DOCUMENTED,DISPLAY_RELEVANT
honda.crv.gen5.us.touring_2016,honda_crv_touring_2016_can_generated.dbc,vehicle_can,ENGINE_DATA,0x158,XMISSION_SPEED2,,39,16,motorola,False,0.01,0.0,kph,VEHICLE_PROTOCOL_DOCUMENTED,DISPLAY_RELEVANT
honda.crv.gen5.us.touring_2016,honda_crv_touring_2016_can_generated.dbc,vehicle_can,ENGINE_DATA,0x158,ODOMETER,vehicle.odometer,55,8,motorola,False,10.0,0.0,m,CLUSTER_RELEVANT_SIGNAL_DOCUMENTED,DISPLAY_RELEVANT
honda.crv.gen5.us.touring_2016,honda_crv_touring_2016_can_generated.dbc,vehicle_can,ENGINE_DATA,0x158,COUNTER,,61,2,motorola,False,1.0,0.0,,VEHICLE_PROTOCOL_DOCUMENTED,DISPLAY_RELEVANT
honda.crv.gen5.us.touring_2016,honda_crv_touring_2016_can_generated.dbc,vehicle_can,ENGINE_DATA,0x158,CHECKSUM,,59,4,motorola,False,1.0,0.0,,VEHICLE_PROTOCOL_DOCUMENTED,DISPLAY_RELEVANT
honda.crv.gen5.us.touring_2016,honda_crv_touring_2016_can_generated.dbc,vehicle_can,POWERTRAIN_DATA,0x17c,PEDAL_GAS,powertrain.throttle_position,7,8,motorola,False,1.0,0.0,,VEHICLE_PROTOCOL_DOCUMENTED,DISPLAY_RELEVANT
honda.crv.gen5.us.touring_2016,honda_crv_touring_2016_can_generated.dbc,vehicle_can,POWERTRAIN_DATA,0x17c,ENGINE_RPM,powertrain.engine_rpm,23,16,motorola,False,1.0,0.0,rpm,CLUSTER_RELEVANT_SIGNAL_DOCUMENTED,DISPLAY_RELEVANT
honda.crv.gen5.us.touring_2016,honda_crv_touring_2016_can_generated.dbc,vehicle_can,POWERTRAIN_DATA,0x17c,GAS_PRESSED,,39,1,motorola,False,1.0,0.0,,VEHICLE_PROTOCOL_DOCUMENTED,DISPLAY_RELEVANT
honda.crv.gen5.us.touring_2016,honda_crv_touring_2016_can_generated.dbc,vehicle_can,POWERTRAIN_DATA,0x17c,ACC_STATUS,adas.acc_state,38,1,motorola,False,1.0,0.0,,VEHICLE_PROTOCOL_DOCUMENTED,DISPLAY_RELEVANT
honda.crv.gen5.us.touring_2016,honda_crv_touring_2016_can_generated.dbc,vehicle_can,POWERTRAIN_DATA,0x17c,BOH_17C,,37,5,motorola,False,1.0,0.0,,VEHICLE_PROTOCOL_DOCUMENTED,DISPLAY_RELEVANT
honda.crv.gen5.us.touring_2016,honda_crv_touring_2016_can_generated.dbc,vehicle_can,POWERTRAIN_DATA,0x17c,BRAKE_SWITCH,,32,1,motorola,False,1.0,0.0,,VEHICLE_PROTOCOL_DOCUMENTED,DISPLAY_RELEVANT
honda.crv.gen5.us.touring_2016,honda_crv_touring_2016_can_generated.dbc,vehicle_can,POWERTRAIN_DATA,0x17c,BOH2_17C,,47,10,motorola,False,1.0,0.0,,VEHICLE_PROTOCOL_DOCUMENTED,DISPLAY_RELEVANT
honda.crv.gen5.us.touring_2016,honda_crv_touring_2016_can_generated.dbc,vehicle_can,POWERTRAIN_DATA,0x17c,BRAKE_PRESSED,brakes.service_brake,53,1,motorola,False,1.0,0.0,,VEHICLE_PROTOCOL_DOCUMENTED,DISPLAY_RELEVANT
honda.crv.gen5.us.touring_2016,honda_crv_touring_2016_can_generated.dbc,vehicle_can,POWERTRAIN_DATA,0x17c,BOH3_17C,,52,5,motorola,False,1.0,0.0,,VEHICLE_PROTOCOL_DOCUMENTED,DISPLAY_RELEVANT
honda.crv.gen5.us.touring_2016,honda_crv_touring_2016_can_generated.dbc,vehicle_can,POWERTRAIN_DATA,0x17c,COUNTER,,61,2,motorola,False,1.0,0.0,,VEHICLE_PROTOCOL_DOCUMENTED,DISPLAY_RELEVANT
honda.crv.gen5.us.touring_2016,honda_crv_touring_2016_can_generated.dbc,vehicle_can,POWERTRAIN_DATA,0x17c,CHECKSUM,,59,4,motorola,False,1.0,0.0,,VEHICLE_PROTOCOL_DOCUMENTED,DISPLAY_RELEVANT
honda.crv.gen5.us.touring_2016,honda_crv_touring_2016_can_generated.dbc,vehicle_can,VSA_STATUS,0x1a4,USER_BRAKE,,7,16,motorola,False,0.015625,-1.609375,,VEHICLE_PROTOCOL_DOCUMENTED,DISPLAY_RELEVANT
honda.crv.gen5.us.touring_2016,honda_crv_touring_2016_can_generated.dbc,vehicle_can,VSA_STATUS,0x1a4,COMPUTER_BRAKING,,23,1,motorola,False,1.0,0.0,,VEHICLE_PROTOCOL_DOCUMENTED,DISPLAY_RELEVANT
honda.crv.gen5.us.touring_2016,honda_crv_touring_2016_can_generated.dbc,vehicle_can,VSA_STATUS,0x1a4,ESP_DISABLED,stability.vsa_warning,28,1,motorola,False,1.0,0.0,,CLUSTER_RELEVANT_SIGNAL_DOCUMENTED,DISPLAY_RELEVANT
honda.crv.gen5.us.touring_2016,honda_crv_touring_2016_can_generated.dbc,vehicle_can,VSA_STATUS,0x1a4,BRAKE_HOLD_RELATED,,52,1,motorola,False,1.0,0.0,,VEHICLE_PROTOCOL_DOCUMENTED,DISPLAY_RELEVANT
honda.crv.gen5.us.touring_2016,honda_crv_touring_2016_can_generated.dbc,vehicle_can,VSA_STATUS,0x1a4,BRAKE_HOLD_ACTIVE,,46,1,motorola,False,1.0,0.0,,VEHICLE_PROTOCOL_DOCUMENTED,DISPLAY_RELEVANT
honda.crv.gen5.us.touring_2016,honda_crv_touring_2016_can_generated.dbc,vehicle_can,VSA_STATUS,0x1a4,BRAKE_HOLD_ENABLED,,45,1,motorola,False,1.0,0.0,,VEHICLE_PROTOCOL_DOCUMENTED,DISPLAY_RELEVANT
honda.crv.gen5.us.touring_2016,honda_crv_touring_2016_can_generated.dbc,vehicle_can,VSA_STATUS,0x1a4,COUNTER,,61,2,motorola,False,1.0,0.0,,VEHICLE_PROTOCOL_DOCUMENTED,DISPLAY_RELEVANT
honda.crv.gen5.us.touring_2016,honda_crv_touring_2016_can_generated.dbc,vehicle_can,VSA_STATUS,0x1a4,CHECKSUM,,59,4,motorola,False,1.0,0.0,,VEHICLE_PROTOCOL_DOCUMENTED,DISPLAY_RELEVANT
honda.crv.gen5.us.touring_2016,honda_crv_touring_2016_can_generated.dbc,vehicle_can,STEER_MOTOR_TORQUE,0x1ab,CONFIG_VALID,,7,1,motorola,False,1.0,0.0,,VEHICLE_PROTOCOL_DOCUMENTED,UNKNOWN
honda.crv.gen5.us.touring_2016,honda_crv_touring_2016_can_generated.dbc,vehicle_can,STEER_MOTOR_TORQUE,0x1ab,MOTOR_TORQUE,,1,10,motorola,False,1.0,0.0,,VEHICLE_PROTOCOL_DOCUMENTED,UNKNOWN
honda.crv.gen5.us.touring_2016,honda_crv_touring_2016_can_generated.dbc,vehicle_can,STEER_MOTOR_TORQUE,0x1ab,OUTPUT_DISABLED,,22,1,motorola,False,1.0,0.0,,VEHICLE_PROTOCOL_DOCUMENTED,UNKNOWN
honda.crv.gen5.us.touring_2016,honda_crv_touring_2016_can_generated.dbc,vehicle_can,STEER_MOTOR_TORQUE,0x1ab,COUNTER,,21,2,motorola,False,1.0,0.0,,VEHICLE_PROTOCOL_DOCUMENTED,UNKNOWN
honda.crv.gen5.us.touring_2016,honda_crv_touring_2016_can_generated.dbc,vehicle_can,STEER_MOTOR_TORQUE,0x1ab,CHECKSUM,,19,4,motorola,False,1.0,0.0,,VEHICLE_PROTOCOL_DOCUMENTED,UNKNOWN
honda.crv.gen5.us.touring_2016,honda_crv_touring_2016_can_generated.dbc,vehicle_can,WHEEL_SPEEDS,0x1d0,WHEEL_SPEED_FL,,7,15,motorola,False,0.01,0.0,kph,VEHICLE_PROTOCOL_DOCUMENTED,POWERTRAIN_ONLY
honda.crv.gen5.us.touring_2016,honda_crv_touring_2016_can_generated.dbc,vehicle_can,WHEEL_SPEEDS,0x1d0,WHEEL_SPEED_FR,,8,15,motorola,False,0.01,0.0,kph,VEHICLE_PROTOCOL_DOCUMENTED,POWERTRAIN_ONLY
honda.crv.gen5.us.touring_2016,honda_crv_touring_2016_can_generated.dbc,vehicle_can,WHEEL_SPEEDS,0x1d0,WHEEL_SPEED_RL,,25,15,motorola,False,0.01,0.0,kph,VEHICLE_PROTOCOL_DOCUMENTED,POWERTRAIN_ONLY
honda.crv.gen5.us.touring_2016,honda_crv_touring_2016_can_generated.dbc,vehicle_can,WHEEL_SPEEDS,0x1d0,WHEEL_SPEED_RR,,42,15,motorola,False,0.01,0.0,kph,VEHICLE_PROTOCOL_DOCUMENTED,POWERTRAIN_ONLY
honda.crv.gen5.us.touring_2016,honda_crv_touring_2016_can_generated.dbc,vehicle_can,WHEEL_SPEEDS,0x1d0,CHECKSUM,,59,4,motorola,False,1.0,0.0,,VEHICLE_PROTOCOL_DOCUMENTED,POWERTRAIN_ONLY
honda.crv.gen5.us.touring_2016,honda_crv_touring_2016_can_generated.dbc,vehicle_can,VEHICLE_DYNAMICS,0x1ea,LAT_ACCEL,,7,16,motorola,True,0.0015,0.0,m/s2,VEHICLE_PROTOCOL_DOCUMENTED,UNKNOWN
honda.crv.gen5.us.touring_2016,honda_crv_touring_2016_can_generated.dbc,vehicle_can,VEHICLE_DYNAMICS,0x1ea,LONG_ACCEL,,23,16,motorola,True,0.0015,0.0,m/s2,VEHICLE_PROTOCOL_DOCUMENTED,UNKNOWN
honda.crv.gen5.us.touring_2016,honda_crv_touring_2016_can_generated.dbc,vehicle_can,VEHICLE_DYNAMICS,0x1ea,COUNTER,,61,2,motorola,False,1.0,0.0,,VEHICLE_PROTOCOL_DOCUMENTED,UNKNOWN
honda.crv.gen5.us.touring_2016,honda_crv_touring_2016_can_generated.dbc,vehicle_can,VEHICLE_DYNAMICS,0x1ea,CHECKSUM,,59,4,motorola,False,1.0,0.0,,VEHICLE_PROTOCOL_DOCUMENTED,UNKNOWN
honda.crv.gen5.us.touring_2016,honda_crv_touring_2016_can_generated.dbc,vehicle_can,SEATBELT_STATUS,0x305,SEATBELT_DRIVER_LAMP,,7,1,motorola,False,1.0,0.0,,VEHICLE_PROTOCOL_DOCUMENTED,DISPLAY_RELEVANT
honda.crv.gen5.us.touring_2016,honda_crv_touring_2016_can_generated.dbc,vehicle_can,SEATBELT_STATUS,0x305,SEATBELT_PASS_UNLATCHED,,10,1,motorola,False,1.0,0.0,,VEHICLE_PROTOCOL_DOCUMENTED,DISPLAY_RELEVANT
honda.crv.gen5.us.touring_2016,honda_crv_touring_2016_can_generated.dbc,vehicle_can,SEATBELT_STATUS,0x305,SEATBELT_PASS_LATCHED,safety.seatbelt_passenger,11,1,motorola,False,1.0,0.0,,VEHICLE_PROTOCOL_DOCUMENTED,DISPLAY_RELEVANT
honda.crv.gen5.us.touring_2016,honda_crv_touring_2016_can_generated.dbc,vehicle_can,SEATBELT_STATUS,0x305,SEATBELT_DRIVER_UNLATCHED,,12,1,motorola,False,1.0,0.0,,VEHICLE_PROTOCOL_DOCUMENTED,DISPLAY_RELEVANT
honda.crv.gen5.us.touring_2016,honda_crv_touring_2016_can_generated.dbc,vehicle_can,SEATBELT_STATUS,0x305,SEATBELT_DRIVER_LATCHED,safety.seatbelt_driver,13,1,motorola,False,1.0,0.0,,CLUSTER_RELEVANT_SIGNAL_DOCUMENTED,DISPLAY_RELEVANT
honda.crv.gen5.us.touring_2016,honda_crv_touring_2016_can_generated.dbc,vehicle_can,SEATBELT_STATUS,0x305,PASS_AIRBAG_OFF,,14,1,motorola,False,1.0,0.0,,VEHICLE_PROTOCOL_DOCUMENTED,DISPLAY_RELEVANT
honda.crv.gen5.us.touring_2016,honda_crv_touring_2016_can_generated.dbc,vehicle_can,SEATBELT_STATUS,0x305,PASS_AIRBAG_ON,,15,1,motorola,False,1.0,0.0,,VEHICLE_PROTOCOL_DOCUMENTED,DISPLAY_RELEVANT
honda.crv.gen5.us.touring_2016,honda_crv_touring_2016_can_generated.dbc,vehicle_can,SEATBELT_STATUS,0x305,COUNTER,,53,2,motorola,False,1.0,0.0,,VEHICLE_PROTOCOL_DOCUMENTED,DISPLAY_RELEVANT
honda.crv.gen5.us.touring_2016,honda_crv_touring_2016_can_generated.dbc,vehicle_can,SEATBELT_STATUS,0x305,CHECKSUM,,51,4,motorola,False,1.0,0.0,,VEHICLE_PROTOCOL_DOCUMENTED,DISPLAY_RELEVANT
honda.crv.gen5.us.touring_2016,honda_crv_touring_2016_can_generated.dbc,vehicle_can,CAR_SPEED,0x309,ROUGH_CAR_SPEED,,23,8,motorola,False,1.0,0.0,mph,VEHICLE_PROTOCOL_DOCUMENTED,DISPLAY_RELEVANT
honda.crv.gen5.us.touring_2016,honda_crv_touring_2016_can_generated.dbc,vehicle_can,CAR_SPEED,0x309,CAR_SPEED,vehicle.speed,7,16,motorola,False,0.01,0.0,kph,CLUSTER_RELEVANT_SIGNAL_DOCUMENTED,DISPLAY_RELEVANT
honda.crv.gen5.us.touring_2016,honda_crv_touring_2016_can_generated.dbc,vehicle_can,CAR_SPEED,0x309,ROUGH_CAR_SPEED_3,,39,16,motorola,False,0.01,0.0,kph,VEHICLE_PROTOCOL_DOCUMENTED,DISPLAY_RELEVANT
honda.crv.gen5.us.touring_2016,honda_crv_touring_2016_can_generated.dbc,vehicle_can,CAR_SPEED,0x309,ROUGH_CAR_SPEED_2,,31,8,motorola,False,1.0,0.0,mph,VEHICLE_PROTOCOL_DOCUMENTED,DISPLAY_RELEVANT
honda.crv.gen5.us.touring_2016,honda_crv_touring_2016_can_generated.dbc,vehicle_can,CAR_SPEED,0x309,LOCK_STATUS,,55,2,motorola,False,1.0,0.0,,VEHICLE_PROTOCOL_DOCUMENTED,DISPLAY_RELEVANT
honda.crv.gen5.us.touring_2016,honda_crv_touring_2016_can_generated.dbc,vehicle_can,CAR_SPEED,0x309,COUNTER,,61,2,motorola,False,1.0,0.0,,VEHICLE_PROTOCOL_DOCUMENTED,DISPLAY_RELEVANT
honda.crv.gen5.us.touring_2016,honda_crv_touring_2016_can_generated.dbc,vehicle_can,CAR_SPEED,0x309,CHECKSUM,,59,4,motorola,False,1.0,0.0,,VEHICLE_PROTOCOL_DOCUMENTED,DISPLAY_RELEVANT
honda.crv.gen5.us.touring_2016,honda_crv_touring_2016_can_generated.dbc,vehicle_can,CAR_SPEED,0x309,IMPERIAL_UNIT,,63,1,motorola,False,1.0,0.0,,VEHICLE_PROTOCOL_DOCUMENTED,DISPLAY_RELEVANT
honda.crv.gen5.us.touring_2016,honda_crv_touring_2016_can_generated.dbc,vehicle_can,ACC_HUD,0x30c,PCM_SPEED,,7,16,motorola,False,0.01,0.0,kph,VEHICLE_PROTOCOL_DOCUMENTED,ADAS_ONLY
honda.crv.gen5.us.touring_2016,honda_crv_touring_2016_can_generated.dbc,vehicle_can,ACC_HUD,0x30c,PCM_GAS,,23,8,motorola,False,1.0,0.0,,VEHICLE_PROTOCOL_DOCUMENTED,ADAS_ONLY
honda.crv.gen5.us.touring_2016,honda_crv_touring_2016_can_generated.dbc,vehicle_can,ACC_HUD,0x30c,CRUISE_SPEED,,31,8,motorola,False,1.0,0.0,kph,VEHICLE_PROTOCOL_DOCUMENTED,ADAS_ONLY
honda.crv.gen5.us.touring_2016,honda_crv_touring_2016_can_generated.dbc,vehicle_can,ACC_HUD,0x30c,DTC_MODE,,39,1,motorola,False,1.0,0.0,,VEHICLE_PROTOCOL_DOCUMENTED,ADAS_ONLY
honda.crv.gen5.us.touring_2016,honda_crv_touring_2016_can_generated.dbc,vehicle_can,ACC_HUD,0x30c,BOH,,38,1,motorola,False,1.0,0.0,,VEHICLE_PROTOCOL_DOCUMENTED,ADAS_ONLY
honda.crv.gen5.us.touring_2016,honda_crv_touring_2016_can_generated.dbc,vehicle_can,ACC_HUD,0x30c,ACC_PROBLEM,,37,1,motorola,False,1.0,0.0,,VEHICLE_PROTOCOL_DOCUMENTED,ADAS_ONLY
honda.crv.gen5.us.touring_2016,honda_crv_touring_2016_can_generated.dbc,vehicle_can,ACC_HUD,0x30c,FCM_OFF,,35,1,motorola,False,1.0,0.0,,VEHICLE_PROTOCOL_DOCUMENTED,ADAS_ONLY
honda.crv.gen5.us.touring_2016,honda_crv_touring_2016_can_generated.dbc,vehicle_can,ACC_HUD,0x30c,FCM_OFF_2,,36,1,motorola,False,1.0,0.0,,VEHICLE_PROTOCOL_DOCUMENTED,ADAS_ONLY
honda.crv.gen5.us.touring_2016,honda_crv_touring_2016_can_generated.dbc,vehicle_can,ACC_HUD,0x30c,FCM_PROBLEM,,34,1,motorola,False,1.0,0.0,,VEHICLE_PROTOCOL_DOCUMENTED,ADAS_ONLY
honda.crv.gen5.us.touring_2016,honda_crv_touring_2016_can_generated.dbc,vehicle_can,ACC_HUD,0x30c,RADAR_OBSTRUCTED,,33,1,motorola,False,1.0,0.0,,VEHICLE_PROTOCOL_DOCUMENTED,ADAS_ONLY
honda.crv.gen5.us.touring_2016,honda_crv_touring_2016_can_generated.dbc,vehicle_can,ACC_HUD,0x30c,ENABLE_MINI_CAR,,32,1,motorola,False,1.0,0.0,,VEHICLE_PROTOCOL_DOCUMENTED,ADAS_ONLY
honda.crv.gen5.us.touring_2016,honda_crv_touring_2016_can_generated.dbc,vehicle_can,ACC_HUD,0x30c,HUD_DISTANCE,,47,2,motorola,False,1.0,0.0,,VEHICLE_PROTOCOL_DOCUMENTED,ADAS_ONLY
honda.crv.gen5.us.touring_2016,honda_crv_touring_2016_can_generated.dbc,vehicle_can,ACC_HUD,0x30c,HUD_LEAD,,45,2,motorola,False,1.0,0.0,,VEHICLE_PROTOCOL_DOCUMENTED,ADAS_ONLY
honda.crv.gen5.us.touring_2016,honda_crv_touring_2016_can_generated.dbc,vehicle_can,ACC_HUD,0x30c,BOH_3,,43,1,motorola,False,1.0,0.0,,VEHICLE_PROTOCOL_DOCUMENTED,ADAS_ONLY
honda.crv.gen5.us.touring_2016,honda_crv_touring_2016_can_generated.dbc,vehicle_can,ACC_HUD,0x30c,BOH_4,,42,1,motorola,False,1.0,0.0,,VEHICLE_PROTOCOL_DOCUMENTED,ADAS_ONLY
honda.crv.gen5.us.touring_2016,honda_crv_touring_2016_can_generated.dbc,vehicle_can,ACC_HUD,0x30c,BOH_5,,41,1,motorola,False,1.0,0.0,,VEHICLE_PROTOCOL_DOCUMENTED,ADAS_ONLY
honda.crv.gen5.us.touring_2016,honda_crv_touring_2016_can_generated.dbc,vehicle_can,ACC_HUD,0x30c,CRUISE_CONTROL_LABEL,,40,1,motorola,False,1.0,0.0,,VEHICLE_PROTOCOL_DOCUMENTED,ADAS_ONLY
honda.crv.gen5.us.touring_2016,honda_crv_touring_2016_can_generated.dbc,vehicle_can,ACC_HUD,0x30c,SET_ME_X01_2,,55,1,motorola,False,1.0,0.0,,VEHICLE_PROTOCOL_DOCUMENTED,ADAS_ONLY
honda.crv.gen5.us.touring_2016,honda_crv_touring_2016_can_generated.dbc,vehicle_can,ACC_HUD,0x30c,IMPERIAL_UNIT,,54,1,motorola,False,1.0,0.0,,VEHICLE_PROTOCOL_DOCUMENTED,ADAS_ONLY
honda.crv.gen5.us.touring_2016,honda_crv_touring_2016_can_generated.dbc,vehicle_can,ACC_HUD,0x30c,ACC_ON,,52,1,motorola,False,1.0,0.0,,VEHICLE_PROTOCOL_DOCUMENTED,ADAS_ONLY
honda.crv.gen5.us.touring_2016,honda_crv_touring_2016_can_generated.dbc,vehicle_can,ACC_HUD,0x30c,CHIME,,51,3,motorola,False,1.0,0.0,,VEHICLE_PROTOCOL_DOCUMENTED,ADAS_ONLY
honda.crv.gen5.us.touring_2016,honda_crv_touring_2016_can_generated.dbc,vehicle_can,ACC_HUD,0x30c,SET_ME_X01,,48,1,motorola,False,1.0,0.0,,VEHICLE_PROTOCOL_DOCUMENTED,ADAS_ONLY
honda.crv.gen5.us.touring_2016,honda_crv_touring_2016_can_generated.dbc,vehicle_can,ACC_HUD,0x30c,ICONS,,63,2,motorola,False,1.0,0.0,,VEHICLE_PROTOCOL_DOCUMENTED,ADAS_ONLY
honda.crv.gen5.us.touring_2016,honda_crv_touring_2016_can_generated.dbc,vehicle_can,ACC_HUD,0x30c,COUNTER,,61,2,motorola,False,1.0,0.0,,VEHICLE_PROTOCOL_DOCUMENTED,ADAS_ONLY
honda.crv.gen5.us.touring_2016,honda_crv_touring_2016_can_generated.dbc,vehicle_can,ACC_HUD,0x30c,CHECKSUM,,59,4,motorola,False,1.0,0.0,,VEHICLE_PROTOCOL_DOCUMENTED,ADAS_ONLY
honda.crv.gen5.us.touring_2016,honda_crv_touring_2016_can_generated.dbc,vehicle_can,CRUISE,0x324,HUD_SPEED_KPH,,7,8,motorola,False,1.0,0.0,kph,VEHICLE_PROTOCOL_DOCUMENTED,POWERTRAIN_ONLY
honda.crv.gen5.us.touring_2016,honda_crv_touring_2016_can_generated.dbc,vehicle_can,CRUISE,0x324,HUD_SPEED_MPH,,15,8,motorola,False,1.0,0.0,mph,VEHICLE_PROTOCOL_DOCUMENTED,POWERTRAIN_ONLY
honda.crv.gen5.us.touring_2016,honda_crv_touring_2016_can_generated.dbc,vehicle_can,CRUISE,0x324,TRIP_FUEL_CONSUMED,,23,16,motorola,False,1.0,0.0,,VEHICLE_PROTOCOL_DOCUMENTED,POWERTRAIN_ONLY
honda.crv.gen5.us.touring_2016,honda_crv_touring_2016_can_generated.dbc,vehicle_can,CRUISE,0x324,CRUISE_SPEED_PCM,,39,8,motorola,False,1.0,0.0,,VEHICLE_PROTOCOL_DOCUMENTED,POWERTRAIN_ONLY
honda.crv.gen5.us.touring_2016,honda_crv_touring_2016_can_generated.dbc,vehicle_can,CRUISE,0x324,BOH2,,47,8,motorola,True,1.0,0.0,,VEHICLE_PROTOCOL_DOCUMENTED,POWERTRAIN_ONLY
honda.crv.gen5.us.touring_2016,honda_crv_touring_2016_can_generated.dbc,vehicle_can,CRUISE,0x324,BOH3,,55,8,motorola,False,1.0,0.0,,VEHICLE_PROTOCOL_DOCUMENTED,POWERTRAIN_ONLY
honda.crv.gen5.us.touring_2016,honda_crv_touring_2016_can_generated.dbc,vehicle_can,CRUISE,0x324,COUNTER,,61,2,motorola,False,1.0,0.0,,VEHICLE_PROTOCOL_DOCUMENTED,POWERTRAIN_ONLY
honda.crv.gen5.us.touring_2016,honda_crv_touring_2016_can_generated.dbc,vehicle_can,CRUISE,0x324,CHECKSUM,,59,4,motorola,False,1.0,0.0,,VEHICLE_PROTOCOL_DOCUMENTED,POWERTRAIN_ONLY
honda.crv.gen5.us.touring_2016,honda_crv_touring_2016_can_generated.dbc,vehicle_can,STALK_STATUS,0x374,DASHBOARD_ALERT,,39,8,motorola,False,1.0,0.0,,VEHICLE_PROTOCOL_DOCUMENTED,BODY_RELEVANT
honda.crv.gen5.us.touring_2016,honda_crv_touring_2016_can_generated.dbc,vehicle_can,STALK_STATUS,0x374,AUTO_HEADLIGHTS,,46,1,motorola,False,1.0,0.0,,VEHICLE_PROTOCOL_DOCUMENTED,BODY_RELEVANT
honda.crv.gen5.us.touring_2016,honda_crv_touring_2016_can_generated.dbc,vehicle_can,STALK_STATUS,0x374,HIGH_BEAM_HOLD,,47,1,motorola,False,1.0,0.0,,VEHICLE_PROTOCOL_DOCUMENTED,BODY_RELEVANT
honda.crv.gen5.us.touring_2016,honda_crv_touring_2016_can_generated.dbc,vehicle_can,STALK_STATUS,0x374,HIGH_BEAM_FLASH,,45,1,motorola,False,1.0,0.0,,VEHICLE_PROTOCOL_DOCUMENTED,BODY_RELEVANT
honda.crv.gen5.us.touring_2016,honda_crv_touring_2016_can_generated.dbc,vehicle_can,STALK_STATUS,0x374,HEADLIGHTS_ON,lighting.headlights_on,54,1,motorola,False,1.0,0.0,,VEHICLE_PROTOCOL_DOCUMENTED,BODY_RELEVANT
honda.crv.gen5.us.touring_2016,honda_crv_touring_2016_can_generated.dbc,vehicle_can,STALK_STATUS,0x374,WIPER_SWITCH,,53,2,motorola,False,1.0,0.0,,VEHICLE_PROTOCOL_DOCUMENTED,BODY_RELEVANT
honda.crv.gen5.us.touring_2016,honda_crv_touring_2016_can_generated.dbc,vehicle_can,STALK_STATUS,0x374,COUNTER,,61,2,motorola,False,1.0,0.0,,VEHICLE_PROTOCOL_DOCUMENTED,BODY_RELEVANT
honda.crv.gen5.us.touring_2016,honda_crv_touring_2016_can_generated.dbc,vehicle_can,STALK_STATUS,0x374,CHECKSUM,,59,4,motorola,False,1.0,0.0,,VEHICLE_PROTOCOL_DOCUMENTED,BODY_RELEVANT
honda.crv.gen5.us.touring_2016,honda_crv_touring_2016_can_generated.dbc,vehicle_can,STALK_STATUS_2,0x37b,WIPERS,,17,2,motorola,False,1.0,0.0,,VEHICLE_PROTOCOL_DOCUMENTED,DISPLAY_RELEVANT
honda.crv.gen5.us.touring_2016,honda_crv_touring_2016_can_generated.dbc,vehicle_can,STALK_STATUS_2,0x37b,LOW_BEAMS,lighting.low_beam,35,1,motorola,False,1.0,0.0,,CLUSTER_RELEVANT_SIGNAL_DOCUMENTED,DISPLAY_RELEVANT
honda.crv.gen5.us.touring_2016,honda_crv_touring_2016_can_generated.dbc,vehicle_can,STALK_STATUS_2,0x37b,HIGH_BEAMS,lighting.high_beam,34,1,motorola,False,1.0,0.0,,CLUSTER_RELEVANT_SIGNAL_DOCUMENTED,DISPLAY_RELEVANT
honda.crv.gen5.us.touring_2016,honda_crv_touring_2016_can_generated.dbc,vehicle_can,STALK_STATUS_2,0x37b,PARK_LIGHTS,,36,1,motorola,False,1.0,0.0,,VEHICLE_PROTOCOL_DOCUMENTED,DISPLAY_RELEVANT
honda.crv.gen5.us.touring_2016,honda_crv_touring_2016_can_generated.dbc,vehicle_can,STALK_STATUS_2,0x37b,COUNTER,,61,2,motorola,False,1.0,0.0,,VEHICLE_PROTOCOL_DOCUMENTED,DISPLAY_RELEVANT
honda.crv.gen5.us.touring_2016,honda_crv_touring_2016_can_generated.dbc,vehicle_can,STALK_STATUS_2,0x37b,CHECKSUM,,59,4,motorola,False,1.0,0.0,,VEHICLE_PROTOCOL_DOCUMENTED,DISPLAY_RELEVANT
honda.crv.gen5.us.touring_2016,honda_crv_touring_2016_can_generated.dbc,vehicle_can,DOORS_STATUS,0x405,DOOR_OPEN_FL,body.driver_door,37,1,motorola,False,1.0,0.0,,CLUSTER_RELEVANT_SIGNAL_DOCUMENTED,DISPLAY_RELEVANT
honda.crv.gen5.us.touring_2016,honda_crv_touring_2016_can_generated.dbc,vehicle_can,DOORS_STATUS,0x405,DOOR_OPEN_FR,body.passenger_door,38,1,motorola,False,1.0,0.0,,CLUSTER_RELEVANT_SIGNAL_DOCUMENTED,DISPLAY_RELEVANT
honda.crv.gen5.us.touring_2016,honda_crv_touring_2016_can_generated.dbc,vehicle_can,DOORS_STATUS,0x405,DOOR_OPEN_RL,body.rear_left_door,39,1,motorola,False,1.0,0.0,,VEHICLE_PROTOCOL_DOCUMENTED,DISPLAY_RELEVANT
honda.crv.gen5.us.touring_2016,honda_crv_touring_2016_can_generated.dbc,vehicle_can,DOORS_STATUS,0x405,DOOR_OPEN_RR,body.rear_right_door,40,1,motorola,False,1.0,0.0,,VEHICLE_PROTOCOL_DOCUMENTED,DISPLAY_RELEVANT
honda.crv.gen5.us.touring_2016,honda_crv_touring_2016_can_generated.dbc,vehicle_can,DOORS_STATUS,0x405,TRUNK_OPEN,body.trunk,41,1,motorola,False,1.0,0.0,,CLUSTER_RELEVANT_SIGNAL_DOCUMENTED,DISPLAY_RELEVANT
honda.crv.gen5.us.touring_2016,honda_crv_touring_2016_can_generated.dbc,vehicle_can,DOORS_STATUS,0x405,COUNTER,,61,2,motorola,False,1.0,0.0,,VEHICLE_PROTOCOL_DOCUMENTED,DISPLAY_RELEVANT
honda.crv.gen5.us.touring_2016,honda_crv_touring_2016_can_generated.dbc,vehicle_can,DOORS_STATUS,0x405,CHECKSUM,,59,4,motorola,False,1.0,0.0,,VEHICLE_PROTOCOL_DOCUMENTED,DISPLAY_RELEVANT
honda.crv.gen5.us.touring_2016,honda_crv_touring_2016_can_generated.dbc,vehicle_can,KINEMATICS,0x91,LAT_ACCEL,,7,10,motorola,False,0.02,-512.0,m/s2,VEHICLE_PROTOCOL_DOCUMENTED,UNKNOWN
honda.crv.gen5.us.touring_2016,honda_crv_touring_2016_can_generated.dbc,vehicle_can,KINEMATICS,0x91,COUNTER,,61,2,motorola,False,1.0,0.0,,VEHICLE_PROTOCOL_DOCUMENTED,UNKNOWN
honda.crv.gen5.us.touring_2016,honda_crv_touring_2016_can_generated.dbc,vehicle_can,KINEMATICS,0x91,CHECKSUM,,59,4,motorola,False,1.0,0.0,,VEHICLE_PROTOCOL_DOCUMENTED,UNKNOWN
honda.crv.gen5.us.touring_2016,honda_crv_touring_2016_can_generated.dbc,vehicle_can,KINEMATICS_ALT,0x94,LAT_ACCEL,,7,10,motorola,False,0.02,-512.0,m/s2,VEHICLE_PROTOCOL_DOCUMENTED,UNKNOWN
honda.crv.gen5.us.touring_2016,honda_crv_touring_2016_can_generated.dbc,vehicle_can,KINEMATICS_ALT,0x94,LONG_ACCEL,,24,9,motorola,True,-0.02,0.0,m/s2,VEHICLE_PROTOCOL_DOCUMENTED,UNKNOWN
honda.crv.gen5.us.touring_2016,honda_crv_touring_2016_can_generated.dbc,vehicle_can,KINEMATICS_ALT,0x94,CHECKSUM,,59,4,motorola,False,1.0,0.0,,VEHICLE_PROTOCOL_DOCUMENTED,UNKNOWN
honda.crv.gen5.us.touring_2016,honda_crv_touring_2016_can_generated.dbc,vehicle_can,KINEMATICS_ALT,0x94,COUNTER,,61,2,motorola,False,1.0,0.0,,VEHICLE_PROTOCOL_DOCUMENTED,UNKNOWN
honda.crv.gen5.us.touring_2016,honda_crv_touring_2016_can_generated.dbc,vehicle_can,STANDSTILL,0x1b0,CONTROLLED_STANDSTILL,,0,1,motorola,False,1.0,0.0,,VEHICLE_PROTOCOL_DOCUMENTED,POWERTRAIN_ONLY
honda.crv.gen5.us.touring_2016,honda_crv_touring_2016_can_generated.dbc,vehicle_can,STANDSTILL,0x1b0,WHEELS_MOVING,,12,1,motorola,False,1.0,0.0,,VEHICLE_PROTOCOL_DOCUMENTED,POWERTRAIN_ONLY
honda.crv.gen5.us.touring_2016,honda_crv_touring_2016_can_generated.dbc,vehicle_can,STANDSTILL,0x1b0,BRAKE_ERROR_1,,11,1,motorola,False,1.0,0.0,,VEHICLE_PROTOCOL_DOCUMENTED,POWERTRAIN_ONLY
honda.crv.gen5.us.touring_2016,honda_crv_touring_2016_can_generated.dbc,vehicle_can,STANDSTILL,0x1b0,BRAKE_ERROR_2,,9,1,motorola,False,1.0,0.0,,VEHICLE_PROTOCOL_DOCUMENTED,POWERTRAIN_ONLY
honda.crv.gen5.us.touring_2016,honda_crv_touring_2016_can_generated.dbc,vehicle_can,STANDSTILL,0x1b0,COUNTER,,53,2,motorola,False,1.0,0.0,,VEHICLE_PROTOCOL_DOCUMENTED,POWERTRAIN_ONLY
honda.crv.gen5.us.touring_2016,honda_crv_touring_2016_can_generated.dbc,vehicle_can,STANDSTILL,0x1b0,CHECKSUM,,51,4,motorola,False,1.0,0.0,,VEHICLE_PROTOCOL_DOCUMENTED,POWERTRAIN_ONLY
honda.crv.gen5.us.touring_2016,honda_crv_touring_2016_can_generated.dbc,vehicle_can,BRAKE_PRESSURE,0x1e7,BRAKE_PRESSURE1,,7,10,motorola,False,0.015625,-103.0,,VEHICLE_PROTOCOL_DOCUMENTED,UNKNOWN
honda.crv.gen5.us.touring_2016,honda_crv_touring_2016_can_generated.dbc,vehicle_can,BRAKE_PRESSURE,0x1e7,BRAKE_PRESSURE2,,9,10,motorola,False,0.015625,-103.0,,VEHICLE_PROTOCOL_DOCUMENTED,UNKNOWN
honda.crv.gen5.us.touring_2016,honda_crv_touring_2016_can_generated.dbc,vehicle_can,BRAKE_PRESSURE,0x1e7,CHECKSUM,,27,4,motorola,False,1.0,0.0,,VEHICLE_PROTOCOL_DOCUMENTED,UNKNOWN
honda.crv.gen5.us.touring_2016,honda_crv_touring_2016_can_generated.dbc,vehicle_can,BRAKE_PRESSURE,0x1e7,COUNTER,,29,2,motorola,False,1.0,0.0,,VEHICLE_PROTOCOL_DOCUMENTED,UNKNOWN
honda.crv.gen5.us.touring_2016,honda_crv_touring_2016_can_generated.dbc,vehicle_can,BRAKE_COMMAND,0x1fa,COMPUTER_BRAKE,,7,10,motorola,False,1.0,0.0,,VEHICLE_PROTOCOL_DOCUMENTED,ADAS_ONLY
honda.crv.gen5.us.touring_2016,honda_crv_touring_2016_can_generated.dbc,vehicle_can,BRAKE_COMMAND,0x1fa,BRAKE_PUMP_REQUEST,,8,1,motorola,False,1.0,0.0,,VEHICLE_PROTOCOL_DOCUMENTED,ADAS_ONLY
honda.crv.gen5.us.touring_2016,honda_crv_touring_2016_can_generated.dbc,vehicle_can,BRAKE_COMMAND,0x1fa,BRAKE_PUMP_REQUEST_ALT,,11,1,motorola,False,1.0,0.0,,VEHICLE_PROTOCOL_DOCUMENTED,ADAS_ONLY
honda.crv.gen5.us.touring_2016,honda_crv_touring_2016_can_generated.dbc,vehicle_can,BRAKE_COMMAND,0x1fa,SET_ME_X00,,23,3,motorola,False,1.0,0.0,,VEHICLE_PROTOCOL_DOCUMENTED,ADAS_ONLY
honda.crv.gen5.us.touring_2016,honda_crv_touring_2016_can_generated.dbc,vehicle_can,BRAKE_COMMAND,0x1fa,CRUISE_OVERRIDE,,20,1,motorola,False,1.0,0.0,,VEHICLE_PROTOCOL_DOCUMENTED,ADAS_ONLY
honda.crv.gen5.us.touring_2016,honda_crv_touring_2016_can_generated.dbc,vehicle_can,BRAKE_COMMAND,0x1fa,SET_ME_X00_2,,19,1,motorola,False,1.0,0.0,,VEHICLE_PROTOCOL_DOCUMENTED,ADAS_ONLY
honda.crv.gen5.us.touring_2016,honda_crv_touring_2016_can_generated.dbc,vehicle_can,BRAKE_COMMAND,0x1fa,CRUISE_FAULT_CMD,,18,1,motorola,False,1.0,0.0,,VEHICLE_PROTOCOL_DOCUMENTED,ADAS_ONLY
honda.crv.gen5.us.touring_2016,honda_crv_touring_2016_can_generated.dbc,vehicle_can,BRAKE_COMMAND,0x1fa,CRUISE_CANCEL_CMD,,17,1,motorola,False,1.0,0.0,,VEHICLE_PROTOCOL_DOCUMENTED,ADAS_ONLY
honda.crv.gen5.us.touring_2016,honda_crv_touring_2016_can_generated.dbc,vehicle_can,BRAKE_COMMAND,0x1fa,COMPUTER_BRAKE_REQUEST,,16,1,motorola,False,1.0,0.0,,VEHICLE_PROTOCOL_DOCUMENTED,ADAS_ONLY
honda.crv.gen5.us.touring_2016,honda_crv_touring_2016_can_generated.dbc,vehicle_can,BRAKE_COMMAND,0x1fa,SET_ME_1,,31,1,motorola,False,1.0,0.0,,VEHICLE_PROTOCOL_DOCUMENTED,ADAS_ONLY
honda.crv.gen5.us.touring_2016,honda_crv_touring_2016_can_generated.dbc,vehicle_can,BRAKE_COMMAND,0x1fa,AEB_REQ_1,,29,1,motorola,False,1.0,0.0,,VEHICLE_PROTOCOL_DOCUMENTED,ADAS_ONLY
honda.crv.gen5.us.touring_2016,honda_crv_touring_2016_can_generated.dbc,vehicle_can,BRAKE_COMMAND,0x1fa,AEB_REQ_2,,26,3,motorola,False,1.0,0.0,,VEHICLE_PROTOCOL_DOCUMENTED,ADAS_ONLY
honda.crv.gen5.us.touring_2016,honda_crv_touring_2016_can_generated.dbc,vehicle_can,BRAKE_COMMAND,0x1fa,BRAKE_LIGHTS,,39,1,motorola,False,1.0,0.0,,VEHICLE_PROTOCOL_DOCUMENTED,ADAS_ONLY
honda.crv.gen5.us.touring_2016,honda_crv_touring_2016_can_generated.dbc,vehicle_can,BRAKE_COMMAND,0x1fa,CRUISE_STATES,,38,7,motorola,False,1.0,0.0,,VEHICLE_PROTOCOL_DOCUMENTED,ADAS_ONLY
honda.crv.gen5.us.touring_2016,honda_crv_touring_2016_can_generated.dbc,vehicle_can,BRAKE_COMMAND,0x1fa,CHIME,,47,3,motorola,False,1.0,0.0,,VEHICLE_PROTOCOL_DOCUMENTED,ADAS_ONLY
honda.crv.gen5.us.touring_2016,honda_crv_touring_2016_can_generated.dbc,vehicle_can,BRAKE_COMMAND,0x1fa,SET_ME_X00_3,,44,1,motorola,False,1.0,0.0,,VEHICLE_PROTOCOL_DOCUMENTED,ADAS_ONLY
honda.crv.gen5.us.touring_2016,honda_crv_touring_2016_can_generated.dbc,vehicle_can,BRAKE_COMMAND,0x1fa,FCW,,43,2,motorola,False,1.0,0.0,,VEHICLE_PROTOCOL_DOCUMENTED,ADAS_ONLY
honda.crv.gen5.us.touring_2016,honda_crv_touring_2016_can_generated.dbc,vehicle_can,BRAKE_COMMAND,0x1fa,AEB_STATUS,,41,2,motorola,False,1.0,0.0,,VEHICLE_PROTOCOL_DOCUMENTED,ADAS_ONLY
honda.crv.gen5.us.touring_2016,honda_crv_touring_2016_can_generated.dbc,vehicle_can,BRAKE_COMMAND,0x1fa,COMPUTER_BRAKE_ALT,,55,10,motorola,False,1.0,0.0,,VEHICLE_PROTOCOL_DOCUMENTED,ADAS_ONLY
honda.crv.gen5.us.touring_2016,honda_crv_touring_2016_can_generated.dbc,vehicle_can,BRAKE_COMMAND,0x1fa,COUNTER,,61,2,motorola,False,1.0,0.0,,VEHICLE_PROTOCOL_DOCUMENTED,ADAS_ONLY
honda.crv.gen5.us.touring_2016,honda_crv_touring_2016_can_generated.dbc,vehicle_can,BRAKE_COMMAND,0x1fa,CHECKSUM,,59,4,motorola,False,1.0,0.0,,VEHICLE_PROTOCOL_DOCUMENTED,ADAS_ONLY
honda.crv.gen5.us.touring_2016,honda_crv_touring_2016_can_generated.dbc,vehicle_can,ROUGH_WHEEL_SPEED,0x255,WHEEL_SPEED_FL,,7,8,motorola,False,1.0,0.0,mph,VEHICLE_PROTOCOL_DOCUMENTED,POWERTRAIN_ONLY
honda.crv.gen5.us.touring_2016,honda_crv_touring_2016_can_generated.dbc,vehicle_can,ROUGH_WHEEL_SPEED,0x255,WHEEL_SPEED_FR,,15,8,motorola,False,1.0,0.0,mph,VEHICLE_PROTOCOL_DOCUMENTED,POWERTRAIN_ONLY
honda.crv.gen5.us.touring_2016,honda_crv_touring_2016_can_generated.dbc,vehicle_can,ROUGH_WHEEL_SPEED,0x255,WHEEL_SPEED_RL,,23,8,motorola,False,1.0,0.0,mph,VEHICLE_PROTOCOL_DOCUMENTED,POWERTRAIN_ONLY
honda.crv.gen5.us.touring_2016,honda_crv_touring_2016_can_generated.dbc,vehicle_can,ROUGH_WHEEL_SPEED,0x255,WHEEL_SPEED_RR,,31,8,motorola,False,1.0,0.0,mph,VEHICLE_PROTOCOL_DOCUMENTED,POWERTRAIN_ONLY
honda.crv.gen5.us.touring_2016,honda_crv_touring_2016_can_generated.dbc,vehicle_can,ROUGH_WHEEL_SPEED,0x255,SET_TO_X55,,39,8,motorola,False,1.0,0.0,,VEHICLE_PROTOCOL_DOCUMENTED,POWERTRAIN_ONLY
honda.crv.gen5.us.touring_2016,honda_crv_touring_2016_can_generated.dbc,vehicle_can,ROUGH_WHEEL_SPEED,0x255,SET_TO_X55_2,,47,8,motorola,False,1.0,0.0,,VEHICLE_PROTOCOL_DOCUMENTED,POWERTRAIN_ONLY
honda.crv.gen5.us.touring_2016,honda_crv_touring_2016_can_generated.dbc,vehicle_can,ROUGH_WHEEL_SPEED,0x255,COUNTER,,61,2,motorola,False,1.0,0.0,,VEHICLE_PROTOCOL_DOCUMENTED,POWERTRAIN_ONLY
honda.crv.gen5.us.touring_2016,honda_crv_touring_2016_can_generated.dbc,vehicle_can,ROUGH_WHEEL_SPEED,0x255,CHECKSUM,,59,4,motorola,False,1.0,0.0,,VEHICLE_PROTOCOL_DOCUMENTED,POWERTRAIN_ONLY
honda.crv.gen5.us.touring_2016,honda_crv_touring_2016_can_generated.dbc,vehicle_can,LKAS_HUD,0x33d,CAM_TEMP_HIGH,,7,1,motorola,False,1.0,0.0,,VEHICLE_PROTOCOL_DOCUMENTED,ADAS_ONLY
honda.crv.gen5.us.touring_2016,honda_crv_touring_2016_can_generated.dbc,vehicle_can,LKAS_HUD,0x33d,SET_ME_X41,,6,7,motorola,False,1.0,0.0,,VEHICLE_PROTOCOL_DOCUMENTED,ADAS_ONLY
honda.crv.gen5.us.touring_2016,honda_crv_touring_2016_can_generated.dbc,vehicle_can,LKAS_HUD,0x33d,BOH,,6,7,motorola,False,1.0,0.0,,VEHICLE_PROTOCOL_DOCUMENTED,ADAS_ONLY
honda.crv.gen5.us.touring_2016,honda_crv_touring_2016_can_generated.dbc,vehicle_can,LKAS_HUD,0x33d,DASHED_LANES,,14,1,motorola,False,1.0,0.0,,VEHICLE_PROTOCOL_DOCUMENTED,ADAS_ONLY
honda.crv.gen5.us.touring_2016,honda_crv_touring_2016_can_generated.dbc,vehicle_can,LKAS_HUD,0x33d,DTC,,13,1,motorola,False,1.0,0.0,,VEHICLE_PROTOCOL_DOCUMENTED,ADAS_ONLY
honda.crv.gen5.us.touring_2016,honda_crv_touring_2016_can_generated.dbc,vehicle_can,LKAS_HUD,0x33d,LKAS_PROBLEM,,12,1,motorola,False,1.0,0.0,,VEHICLE_PROTOCOL_DOCUMENTED,ADAS_ONLY
honda.crv.gen5.us.touring_2016,honda_crv_touring_2016_can_generated.dbc,vehicle_can,LKAS_HUD,0x33d,LKAS_OFF,,11,1,motorola,False,1.0,0.0,,VEHICLE_PROTOCOL_DOCUMENTED,ADAS_ONLY
honda.crv.gen5.us.touring_2016,honda_crv_touring_2016_can_generated.dbc,vehicle_can,LKAS_HUD,0x33d,SOLID_LANES,,10,1,motorola,False,1.0,0.0,,VEHICLE_PROTOCOL_DOCUMENTED,ADAS_ONLY
honda.crv.gen5.us.touring_2016,honda_crv_touring_2016_can_generated.dbc,vehicle_can,LKAS_HUD,0x33d,LDW_RIGHT,,9,1,motorola,False,1.0,0.0,,VEHICLE_PROTOCOL_DOCUMENTED,ADAS_ONLY
honda.crv.gen5.us.touring_2016,honda_crv_touring_2016_can_generated.dbc,vehicle_can,LKAS_HUD,0x33d,STEERING_REQUIRED,,8,1,motorola,False,1.0,0.0,,VEHICLE_PROTOCOL_DOCUMENTED,ADAS_ONLY
honda.crv.gen5.us.touring_2016,honda_crv_touring_2016_can_generated.dbc,vehicle_can,LKAS_HUD,0x33d,BOH_2,,23,2,motorola,False,1.0,0.0,,VEHICLE_PROTOCOL_DOCUMENTED,ADAS_ONLY
honda.crv.gen5.us.touring_2016,honda_crv_touring_2016_can_generated.dbc,vehicle_can,LKAS_HUD,0x33d,LDW_PROBLEM,,21,1,motorola,False,1.0,0.0,,VEHICLE_PROTOCOL_DOCUMENTED,ADAS_ONLY
honda.crv.gen5.us.touring_2016,honda_crv_touring_2016_can_generated.dbc,vehicle_can,LKAS_HUD,0x33d,BEEP,,17,2,motorola,False,1.0,0.0,,VEHICLE_PROTOCOL_DOCUMENTED,ADAS_ONLY
honda.crv.gen5.us.touring_2016,honda_crv_touring_2016_can_generated.dbc,vehicle_can,LKAS_HUD,0x33d,LDW_ON,,28,1,motorola,False,1.0,0.0,,VEHICLE_PROTOCOL_DOCUMENTED,ADAS_ONLY
honda.crv.gen5.us.touring_2016,honda_crv_touring_2016_can_generated.dbc,vehicle_can,LKAS_HUD,0x33d,LDW_OFF,,27,1,motorola,False,1.0,0.0,,VEHICLE_PROTOCOL_DOCUMENTED,ADAS_ONLY
honda.crv.gen5.us.touring_2016,honda_crv_touring_2016_can_generated.dbc,vehicle_can,LKAS_HUD,0x33d,CLEAN_WINDSHIELD,,26,1,motorola,False,1.0,0.0,,VEHICLE_PROTOCOL_DOCUMENTED,ADAS_ONLY
honda.crv.gen5.us.touring_2016,honda_crv_touring_2016_can_generated.dbc,vehicle_can,LKAS_HUD,0x33d,SET_ME_X48,,31,8,motorola,False,1.0,0.0,,VEHICLE_PROTOCOL_DOCUMENTED,ADAS_ONLY
honda.crv.gen5.us.touring_2016,honda_crv_touring_2016_can_generated.dbc,vehicle_can,LKAS_HUD,0x33d,COUNTER,,37,2,motorola,False,1.0,0.0,,VEHICLE_PROTOCOL_DOCUMENTED,ADAS_ONLY
honda.crv.gen5.us.touring_2016,honda_crv_touring_2016_can_generated.dbc,vehicle_can,LKAS_HUD,0x33d,CHECKSUM,,35,4,motorola,False,1.0,0.0,,VEHICLE_PROTOCOL_DOCUMENTED,ADAS_ONLY
honda.crv.gen5.us.touring_2016,honda_crv_touring_2016_can_generated.dbc,vehicle_can,CRUISE_PARAMS,0x37c,CRUISE_SPEED_OFFSET,,31,8,motorola,True,0.1,0.0,kph,VEHICLE_PROTOCOL_DOCUMENTED,POWERTRAIN_ONLY
honda.crv.gen5.us.touring_2016,honda_crv_touring_2016_can_generated.dbc,vehicle_can,CRUISE_PARAMS,0x37c,CHECKSUM,,59,4,motorola,False,1.0,0.0,,VEHICLE_PROTOCOL_DOCUMENTED,POWERTRAIN_ONLY
honda.crv.gen5.us.touring_2016,honda_crv_touring_2016_can_generated.dbc,vehicle_can,CRUISE_PARAMS,0x37c,COUNTER,,61,2,motorola,False,1.0,0.0,,VEHICLE_PROTOCOL_DOCUMENTED,POWERTRAIN_ONLY
honda.crv.gen5.us.touring_2016,honda_crv_touring_2016_can_generated.dbc,vehicle_can,STEERING_SENSORS,0x156,STEER_ANGLE,chassis.steering_angle,7,16,motorola,True,-0.1,0.0,deg,VEHICLE_PROTOCOL_DOCUMENTED,UNKNOWN
honda.crv.gen5.us.touring_2016,honda_crv_touring_2016_can_generated.dbc,vehicle_can,STEERING_SENSORS,0x156,STEER_ANGLE_RATE,,23,16,motorola,True,-1.0,0.0,deg/s,VEHICLE_PROTOCOL_DOCUMENTED,UNKNOWN
honda.crv.gen5.us.touring_2016,honda_crv_touring_2016_can_generated.dbc,vehicle_can,STEERING_SENSORS,0x156,COUNTER,,45,2,motorola,False,1.0,0.0,,VEHICLE_PROTOCOL_DOCUMENTED,UNKNOWN
honda.crv.gen5.us.touring_2016,honda_crv_touring_2016_can_generated.dbc,vehicle_can,STEERING_SENSORS,0x156,CHECKSUM,,43,4,motorola,False,1.0,0.0,,VEHICLE_PROTOCOL_DOCUMENTED,UNKNOWN
honda.crv.gen5.us.touring_2016,honda_crv_touring_2016_can_generated.dbc,vehicle_can,STEER_STATUS,0x18f,STEER_TORQUE_SENSOR,,7,12,motorola,True,-1.0,0.0,tbd,VEHICLE_PROTOCOL_DOCUMENTED,UNKNOWN
honda.crv.gen5.us.touring_2016,honda_crv_touring_2016_can_generated.dbc,vehicle_can,STEER_STATUS,0x18f,STEER_ANGLE_RATE,,23,16,motorola,True,-0.1,0.0,deg/s,VEHICLE_PROTOCOL_DOCUMENTED,UNKNOWN
honda.crv.gen5.us.touring_2016,honda_crv_touring_2016_can_generated.dbc,vehicle_can,STEER_STATUS,0x18f,STEER_CONTROL_ACTIVE,,36,1,motorola,False,1.0,0.0,,VEHICLE_PROTOCOL_DOCUMENTED,UNKNOWN
honda.crv.gen5.us.touring_2016,honda_crv_touring_2016_can_generated.dbc,vehicle_can,STEER_STATUS,0x18f,STEER_STATUS,,35,4,motorola,False,1.0,0.0,,VEHICLE_PROTOCOL_DOCUMENTED,UNKNOWN
honda.crv.gen5.us.touring_2016,honda_crv_touring_2016_can_generated.dbc,vehicle_can,STEER_STATUS,0x18f,COUNTER,,45,2,motorola,False,1.0,0.0,,VEHICLE_PROTOCOL_DOCUMENTED,UNKNOWN
honda.crv.gen5.us.touring_2016,honda_crv_touring_2016_can_generated.dbc,vehicle_can,STEER_STATUS,0x18f,CHECKSUM,,43,4,motorola,False,1.0,0.0,,VEHICLE_PROTOCOL_DOCUMENTED,UNKNOWN
honda.crv.gen5.us.touring_2016,honda_crv_touring_2016_can_generated.dbc,vehicle_can,GEARBOX,0x191,GEAR_SHIFTER,transmission.gear,5,6,motorola,False,1.0,0.0,,CLUSTER_RELEVANT_SIGNAL_DOCUMENTED,DISPLAY_RELEVANT
honda.crv.gen5.us.touring_2016,honda_crv_touring_2016_can_generated.dbc,vehicle_can,GEARBOX,0x191,GEAR,,35,4,motorola,False,1.0,0.0,,VEHICLE_PROTOCOL_DOCUMENTED,DISPLAY_RELEVANT
honda.crv.gen5.us.touring_2016,honda_crv_touring_2016_can_generated.dbc,vehicle_can,GEARBOX,0x191,COUNTER,,61,2,motorola,False,1.0,0.0,,VEHICLE_PROTOCOL_DOCUMENTED,DISPLAY_RELEVANT
honda.crv.gen5.us.touring_2016,honda_crv_touring_2016_can_generated.dbc,vehicle_can,GEARBOX,0x191,CHECKSUM,,59,4,motorola,False,1.0,0.0,,VEHICLE_PROTOCOL_DOCUMENTED,DISPLAY_RELEVANT
honda.crv.gen5.us.touring_2016,honda_crv_touring_2016_can_generated.dbc,vehicle_can,STEERING_CONTROL,0x194,STEER_TORQUE,,7,12,motorola,True,1.0,0.0,,VEHICLE_PROTOCOL_DOCUMENTED,ADAS_ONLY
honda.crv.gen5.us.touring_2016,honda_crv_touring_2016_can_generated.dbc,vehicle_can,STEERING_CONTROL,0x194,SET_ME_X00,,11,4,motorola,False,1.0,0.0,,VEHICLE_PROTOCOL_DOCUMENTED,ADAS_ONLY
honda.crv.gen5.us.touring_2016,honda_crv_touring_2016_can_generated.dbc,vehicle_can,STEERING_CONTROL,0x194,STEER_TORQUE_REQUEST,,23,1,motorola,False,1.0,0.0,,VEHICLE_PROTOCOL_DOCUMENTED,ADAS_ONLY
honda.crv.gen5.us.touring_2016,honda_crv_touring_2016_can_generated.dbc,vehicle_can,STEERING_CONTROL,0x194,SET_ME_X00_2,,22,7,motorola,False,1.0,0.0,,VEHICLE_PROTOCOL_DOCUMENTED,ADAS_ONLY
honda.crv.gen5.us.touring_2016,honda_crv_touring_2016_can_generated.dbc,vehicle_can,STEERING_CONTROL,0x194,COUNTER,,29,2,motorola,False,1.0,0.0,,VEHICLE_PROTOCOL_DOCUMENTED,ADAS_ONLY
honda.crv.gen5.us.touring_2016,honda_crv_touring_2016_can_generated.dbc,vehicle_can,STEERING_CONTROL,0x194,CHECKSUM,,27,4,motorola,False,1.0,0.0,,VEHICLE_PROTOCOL_DOCUMENTED,ADAS_ONLY
honda.crv.gen5.us.touring_2016,honda_crv_touring_2016_can_generated.dbc,vehicle_can,SCM_BUTTONS,0x1a6,CRUISE_BUTTONS,,7,3,motorola,False,1.0,0.0,,VEHICLE_PROTOCOL_DOCUMENTED,BODY_RELEVANT
honda.crv.gen5.us.touring_2016,honda_crv_touring_2016_can_generated.dbc,vehicle_can,SCM_BUTTONS,0x1a6,LIGHTS_SETTING,,1,2,motorola,False,1.0,0.0,,VEHICLE_PROTOCOL_DOCUMENTED,BODY_RELEVANT
honda.crv.gen5.us.touring_2016,honda_crv_touring_2016_can_generated.dbc,vehicle_can,SCM_BUTTONS,0x1a6,MAIN_ON,,47,1,motorola,False,1.0,0.0,,VEHICLE_PROTOCOL_DOCUMENTED,BODY_RELEVANT
honda.crv.gen5.us.touring_2016,honda_crv_touring_2016_can_generated.dbc,vehicle_can,SCM_BUTTONS,0x1a6,CRUISE_SETTING,,43,2,motorola,False,1.0,0.0,,VEHICLE_PROTOCOL_DOCUMENTED,BODY_RELEVANT
honda.crv.gen5.us.touring_2016,honda_crv_touring_2016_can_generated.dbc,vehicle_can,SCM_BUTTONS,0x1a6,COUNTER,,61,2,motorola,False,1.0,0.0,,VEHICLE_PROTOCOL_DOCUMENTED,BODY_RELEVANT
honda.crv.gen5.us.touring_2016,honda_crv_touring_2016_can_generated.dbc,vehicle_can,SCM_BUTTONS,0x1a6,CHECKSUM,,59,4,motorola,False,1.0,0.0,,VEHICLE_PROTOCOL_DOCUMENTED,BODY_RELEVANT
honda.crv.gen5.us.touring_2016,honda_crv_touring_2016_can_generated.dbc,vehicle_can,SCM_FEEDBACK,0x294,RIGHT_BLINKER,lighting.right_indicator,6,1,motorola,False,1.0,0.0,,CLUSTER_RELEVANT_SIGNAL_DOCUMENTED,DISPLAY_RELEVANT
honda.crv.gen5.us.touring_2016,honda_crv_touring_2016_can_generated.dbc,vehicle_can,SCM_FEEDBACK,0x294,LEFT_BLINKER,lighting.left_indicator,5,1,motorola,False,1.0,0.0,,CLUSTER_RELEVANT_SIGNAL_DOCUMENTED,DISPLAY_RELEVANT
honda.crv.gen5.us.touring_2016,honda_crv_touring_2016_can_generated.dbc,vehicle_can,SCM_FEEDBACK,0x294,WIPERS_SPEED,,4,2,motorola,False,1.0,0.0,,VEHICLE_PROTOCOL_DOCUMENTED,DISPLAY_RELEVANT
honda.crv.gen5.us.touring_2016,honda_crv_touring_2016_can_generated.dbc,vehicle_can,SCM_FEEDBACK,0x294,COUNTER,,61,2,motorola,False,1.0,0.0,,VEHICLE_PROTOCOL_DOCUMENTED,DISPLAY_RELEVANT
honda.crv.gen5.us.touring_2016,honda_crv_touring_2016_can_generated.dbc,vehicle_can,SCM_FEEDBACK,0x294,CHECKSUM,,59,4,motorola,False,1.0,0.0,,VEHICLE_PROTOCOL_DOCUMENTED,DISPLAY_RELEVANT
honda.fit.gen3.us.ex_2018,honda_fit_ex_2018_can_generated.dbc,vehicle_can,GAS_COMMAND,0x200,GAS_COMMAND,,7,16,motorola,False,0.253984064,-83.3,,VEHICLE_PROTOCOL_DOCUMENTED,ADAS_ONLY
honda.fit.gen3.us.ex_2018,honda_fit_ex_2018_can_generated.dbc,vehicle_can,GAS_COMMAND,0x200,GAS_COMMAND2,,23,16,motorola,False,0.126992032,-83.3,,VEHICLE_PROTOCOL_DOCUMENTED,ADAS_ONLY
honda.fit.gen3.us.ex_2018,honda_fit_ex_2018_can_generated.dbc,vehicle_can,GAS_COMMAND,0x200,ENABLE,,39,1,motorola,False,1.0,0.0,,VEHICLE_PROTOCOL_DOCUMENTED,ADAS_ONLY
honda.fit.gen3.us.ex_2018,honda_fit_ex_2018_can_generated.dbc,vehicle_can,GAS_COMMAND,0x200,COUNTER_PEDAL,,35,4,motorola,False,1.0,0.0,,VEHICLE_PROTOCOL_DOCUMENTED,ADAS_ONLY
honda.fit.gen3.us.ex_2018,honda_fit_ex_2018_can_generated.dbc,vehicle_can,GAS_COMMAND,0x200,CHECKSUM_PEDAL,,47,8,motorola,False,1.0,0.0,,VEHICLE_PROTOCOL_DOCUMENTED,ADAS_ONLY
honda.fit.gen3.us.ex_2018,honda_fit_ex_2018_can_generated.dbc,vehicle_can,GAS_SENSOR,0x201,INTERCEPTOR_GAS,,7,16,motorola,False,1.0,0.0,,VEHICLE_PROTOCOL_DOCUMENTED,UNKNOWN
honda.fit.gen3.us.ex_2018,honda_fit_ex_2018_can_generated.dbc,vehicle_can,GAS_SENSOR,0x201,INTERCEPTOR_GAS2,,23,16,motorola,False,1.0,0.0,,VEHICLE_PROTOCOL_DOCUMENTED,UNKNOWN
honda.fit.gen3.us.ex_2018,honda_fit_ex_2018_can_generated.dbc,vehicle_can,GAS_SENSOR,0x201,STATE,,39,4,motorola,False,1.0,0.0,,VEHICLE_PROTOCOL_DOCUMENTED,UNKNOWN
honda.fit.gen3.us.ex_2018,honda_fit_ex_2018_can_generated.dbc,vehicle_can,GAS_SENSOR,0x201,COUNTER_PEDAL,,35,4,motorola,False,1.0,0.0,,VEHICLE_PROTOCOL_DOCUMENTED,UNKNOWN
honda.fit.gen3.us.ex_2018,honda_fit_ex_2018_can_generated.dbc,vehicle_can,GAS_SENSOR,0x201,CHECKSUM_PEDAL,,47,8,motorola,False,1.0,0.0,,VEHICLE_PROTOCOL_DOCUMENTED,UNKNOWN
honda.fit.gen3.us.ex_2018,honda_fit_ex_2018_can_generated.dbc,vehicle_can,GAS_PEDAL_2,0x130,ENGINE_TORQUE_ESTIMATE,,7,16,motorola,True,1.0,0.0,Nm,VEHICLE_PROTOCOL_DOCUMENTED,POWERTRAIN_ONLY
honda.fit.gen3.us.ex_2018,honda_fit_ex_2018_can_generated.dbc,vehicle_can,GAS_PEDAL_2,0x130,ENGINE_TORQUE_REQUEST,,23,16,motorola,True,1.0,0.0,Nm,VEHICLE_PROTOCOL_DOCUMENTED,POWERTRAIN_ONLY
honda.fit.gen3.us.ex_2018,honda_fit_ex_2018_can_generated.dbc,vehicle_can,GAS_PEDAL_2,0x130,CAR_GAS,,39,8,motorola,False,1.0,0.0,,VEHICLE_PROTOCOL_DOCUMENTED,POWERTRAIN_ONLY
honda.fit.gen3.us.ex_2018,honda_fit_ex_2018_can_generated.dbc,vehicle_can,GAS_PEDAL_2,0x130,COUNTER,,61,2,motorola,False,1.0,0.0,,VEHICLE_PROTOCOL_DOCUMENTED,POWERTRAIN_ONLY
honda.fit.gen3.us.ex_2018,honda_fit_ex_2018_can_generated.dbc,vehicle_can,GAS_PEDAL_2,0x130,CHECKSUM,,59,4,motorola,False,1.0,0.0,,VEHICLE_PROTOCOL_DOCUMENTED,POWERTRAIN_ONLY
honda.fit.gen3.us.ex_2018,honda_fit_ex_2018_can_generated.dbc,vehicle_can,GAS_PEDAL,0x13c,CAR_GAS,,39,8,motorola,False,1.0,0.0,,VEHICLE_PROTOCOL_DOCUMENTED,POWERTRAIN_ONLY
honda.fit.gen3.us.ex_2018,honda_fit_ex_2018_can_generated.dbc,vehicle_can,GAS_PEDAL,0x13c,COUNTER,,61,2,motorola,False,1.0,0.0,,VEHICLE_PROTOCOL_DOCUMENTED,POWERTRAIN_ONLY
honda.fit.gen3.us.ex_2018,honda_fit_ex_2018_can_generated.dbc,vehicle_can,GAS_PEDAL,0x13c,CHECKSUM,,59,4,motorola,False,1.0,0.0,,VEHICLE_PROTOCOL_DOCUMENTED,POWERTRAIN_ONLY
honda.fit.gen3.us.ex_2018,honda_fit_ex_2018_can_generated.dbc,vehicle_can,ENGINE_DATA,0x158,XMISSION_SPEED,vehicle.speed,7,16,motorola,False,0.01,0.0,kph,CLUSTER_RELEVANT_SIGNAL_DOCUMENTED,DISPLAY_RELEVANT
honda.fit.gen3.us.ex_2018,honda_fit_ex_2018_can_generated.dbc,vehicle_can,ENGINE_DATA,0x158,ENGINE_RPM,powertrain.engine_rpm,23,16,motorola,False,1.0,0.0,rpm,CLUSTER_RELEVANT_SIGNAL_DOCUMENTED,DISPLAY_RELEVANT
honda.fit.gen3.us.ex_2018,honda_fit_ex_2018_can_generated.dbc,vehicle_can,ENGINE_DATA,0x158,XMISSION_SPEED2,,39,16,motorola,False,0.01,0.0,kph,VEHICLE_PROTOCOL_DOCUMENTED,DISPLAY_RELEVANT
honda.fit.gen3.us.ex_2018,honda_fit_ex_2018_can_generated.dbc,vehicle_can,ENGINE_DATA,0x158,ODOMETER,vehicle.odometer,55,8,motorola,False,10.0,0.0,m,CLUSTER_RELEVANT_SIGNAL_DOCUMENTED,DISPLAY_RELEVANT
honda.fit.gen3.us.ex_2018,honda_fit_ex_2018_can_generated.dbc,vehicle_can,ENGINE_DATA,0x158,COUNTER,,61,2,motorola,False,1.0,0.0,,VEHICLE_PROTOCOL_DOCUMENTED,DISPLAY_RELEVANT
honda.fit.gen3.us.ex_2018,honda_fit_ex_2018_can_generated.dbc,vehicle_can,ENGINE_DATA,0x158,CHECKSUM,,59,4,motorola,False,1.0,0.0,,VEHICLE_PROTOCOL_DOCUMENTED,DISPLAY_RELEVANT
honda.fit.gen3.us.ex_2018,honda_fit_ex_2018_can_generated.dbc,vehicle_can,POWERTRAIN_DATA,0x17c,PEDAL_GAS,powertrain.throttle_position,7,8,motorola,False,1.0,0.0,,VEHICLE_PROTOCOL_DOCUMENTED,DISPLAY_RELEVANT
honda.fit.gen3.us.ex_2018,honda_fit_ex_2018_can_generated.dbc,vehicle_can,POWERTRAIN_DATA,0x17c,ENGINE_RPM,powertrain.engine_rpm,23,16,motorola,False,1.0,0.0,rpm,CLUSTER_RELEVANT_SIGNAL_DOCUMENTED,DISPLAY_RELEVANT
honda.fit.gen3.us.ex_2018,honda_fit_ex_2018_can_generated.dbc,vehicle_can,POWERTRAIN_DATA,0x17c,GAS_PRESSED,,39,1,motorola,False,1.0,0.0,,VEHICLE_PROTOCOL_DOCUMENTED,DISPLAY_RELEVANT
honda.fit.gen3.us.ex_2018,honda_fit_ex_2018_can_generated.dbc,vehicle_can,POWERTRAIN_DATA,0x17c,ACC_STATUS,adas.acc_state,38,1,motorola,False,1.0,0.0,,VEHICLE_PROTOCOL_DOCUMENTED,DISPLAY_RELEVANT
honda.fit.gen3.us.ex_2018,honda_fit_ex_2018_can_generated.dbc,vehicle_can,POWERTRAIN_DATA,0x17c,BOH_17C,,37,5,motorola,False,1.0,0.0,,VEHICLE_PROTOCOL_DOCUMENTED,DISPLAY_RELEVANT
honda.fit.gen3.us.ex_2018,honda_fit_ex_2018_can_generated.dbc,vehicle_can,POWERTRAIN_DATA,0x17c,BRAKE_SWITCH,,32,1,motorola,False,1.0,0.0,,VEHICLE_PROTOCOL_DOCUMENTED,DISPLAY_RELEVANT
honda.fit.gen3.us.ex_2018,honda_fit_ex_2018_can_generated.dbc,vehicle_can,POWERTRAIN_DATA,0x17c,BOH2_17C,,47,10,motorola,False,1.0,0.0,,VEHICLE_PROTOCOL_DOCUMENTED,DISPLAY_RELEVANT
honda.fit.gen3.us.ex_2018,honda_fit_ex_2018_can_generated.dbc,vehicle_can,POWERTRAIN_DATA,0x17c,BRAKE_PRESSED,brakes.service_brake,53,1,motorola,False,1.0,0.0,,VEHICLE_PROTOCOL_DOCUMENTED,DISPLAY_RELEVANT
honda.fit.gen3.us.ex_2018,honda_fit_ex_2018_can_generated.dbc,vehicle_can,POWERTRAIN_DATA,0x17c,BOH3_17C,,52,5,motorola,False,1.0,0.0,,VEHICLE_PROTOCOL_DOCUMENTED,DISPLAY_RELEVANT
honda.fit.gen3.us.ex_2018,honda_fit_ex_2018_can_generated.dbc,vehicle_can,POWERTRAIN_DATA,0x17c,COUNTER,,61,2,motorola,False,1.0,0.0,,VEHICLE_PROTOCOL_DOCUMENTED,DISPLAY_RELEVANT
honda.fit.gen3.us.ex_2018,honda_fit_ex_2018_can_generated.dbc,vehicle_can,POWERTRAIN_DATA,0x17c,CHECKSUM,,59,4,motorola,False,1.0,0.0,,VEHICLE_PROTOCOL_DOCUMENTED,DISPLAY_RELEVANT
honda.fit.gen3.us.ex_2018,honda_fit_ex_2018_can_generated.dbc,vehicle_can,VSA_STATUS,0x1a4,USER_BRAKE,,7,16,motorola,False,0.015625,-1.609375,,VEHICLE_PROTOCOL_DOCUMENTED,DISPLAY_RELEVANT
honda.fit.gen3.us.ex_2018,honda_fit_ex_2018_can_generated.dbc,vehicle_can,VSA_STATUS,0x1a4,COMPUTER_BRAKING,,23,1,motorola,False,1.0,0.0,,VEHICLE_PROTOCOL_DOCUMENTED,DISPLAY_RELEVANT
honda.fit.gen3.us.ex_2018,honda_fit_ex_2018_can_generated.dbc,vehicle_can,VSA_STATUS,0x1a4,ESP_DISABLED,stability.vsa_warning,28,1,motorola,False,1.0,0.0,,CLUSTER_RELEVANT_SIGNAL_DOCUMENTED,DISPLAY_RELEVANT
honda.fit.gen3.us.ex_2018,honda_fit_ex_2018_can_generated.dbc,vehicle_can,VSA_STATUS,0x1a4,BRAKE_HOLD_RELATED,,52,1,motorola,False,1.0,0.0,,VEHICLE_PROTOCOL_DOCUMENTED,DISPLAY_RELEVANT
honda.fit.gen3.us.ex_2018,honda_fit_ex_2018_can_generated.dbc,vehicle_can,VSA_STATUS,0x1a4,BRAKE_HOLD_ACTIVE,,46,1,motorola,False,1.0,0.0,,VEHICLE_PROTOCOL_DOCUMENTED,DISPLAY_RELEVANT
honda.fit.gen3.us.ex_2018,honda_fit_ex_2018_can_generated.dbc,vehicle_can,VSA_STATUS,0x1a4,BRAKE_HOLD_ENABLED,,45,1,motorola,False,1.0,0.0,,VEHICLE_PROTOCOL_DOCUMENTED,DISPLAY_RELEVANT
honda.fit.gen3.us.ex_2018,honda_fit_ex_2018_can_generated.dbc,vehicle_can,VSA_STATUS,0x1a4,COUNTER,,61,2,motorola,False,1.0,0.0,,VEHICLE_PROTOCOL_DOCUMENTED,DISPLAY_RELEVANT
honda.fit.gen3.us.ex_2018,honda_fit_ex_2018_can_generated.dbc,vehicle_can,VSA_STATUS,0x1a4,CHECKSUM,,59,4,motorola,False,1.0,0.0,,VEHICLE_PROTOCOL_DOCUMENTED,DISPLAY_RELEVANT
honda.fit.gen3.us.ex_2018,honda_fit_ex_2018_can_generated.dbc,vehicle_can,STEER_MOTOR_TORQUE,0x1ab,CONFIG_VALID,,7,1,motorola,False,1.0,0.0,,VEHICLE_PROTOCOL_DOCUMENTED,UNKNOWN
honda.fit.gen3.us.ex_2018,honda_fit_ex_2018_can_generated.dbc,vehicle_can,STEER_MOTOR_TORQUE,0x1ab,MOTOR_TORQUE,,1,10,motorola,False,1.0,0.0,,VEHICLE_PROTOCOL_DOCUMENTED,UNKNOWN
honda.fit.gen3.us.ex_2018,honda_fit_ex_2018_can_generated.dbc,vehicle_can,STEER_MOTOR_TORQUE,0x1ab,OUTPUT_DISABLED,,22,1,motorola,False,1.0,0.0,,VEHICLE_PROTOCOL_DOCUMENTED,UNKNOWN
honda.fit.gen3.us.ex_2018,honda_fit_ex_2018_can_generated.dbc,vehicle_can,STEER_MOTOR_TORQUE,0x1ab,COUNTER,,21,2,motorola,False,1.0,0.0,,VEHICLE_PROTOCOL_DOCUMENTED,UNKNOWN
honda.fit.gen3.us.ex_2018,honda_fit_ex_2018_can_generated.dbc,vehicle_can,STEER_MOTOR_TORQUE,0x1ab,CHECKSUM,,19,4,motorola,False,1.0,0.0,,VEHICLE_PROTOCOL_DOCUMENTED,UNKNOWN
honda.fit.gen3.us.ex_2018,honda_fit_ex_2018_can_generated.dbc,vehicle_can,WHEEL_SPEEDS,0x1d0,WHEEL_SPEED_FL,,7,15,motorola,False,0.01,0.0,kph,VEHICLE_PROTOCOL_DOCUMENTED,POWERTRAIN_ONLY
honda.fit.gen3.us.ex_2018,honda_fit_ex_2018_can_generated.dbc,vehicle_can,WHEEL_SPEEDS,0x1d0,WHEEL_SPEED_FR,,8,15,motorola,False,0.01,0.0,kph,VEHICLE_PROTOCOL_DOCUMENTED,POWERTRAIN_ONLY
honda.fit.gen3.us.ex_2018,honda_fit_ex_2018_can_generated.dbc,vehicle_can,WHEEL_SPEEDS,0x1d0,WHEEL_SPEED_RL,,25,15,motorola,False,0.01,0.0,kph,VEHICLE_PROTOCOL_DOCUMENTED,POWERTRAIN_ONLY
honda.fit.gen3.us.ex_2018,honda_fit_ex_2018_can_generated.dbc,vehicle_can,WHEEL_SPEEDS,0x1d0,WHEEL_SPEED_RR,,42,15,motorola,False,0.01,0.0,kph,VEHICLE_PROTOCOL_DOCUMENTED,POWERTRAIN_ONLY
honda.fit.gen3.us.ex_2018,honda_fit_ex_2018_can_generated.dbc,vehicle_can,WHEEL_SPEEDS,0x1d0,CHECKSUM,,59,4,motorola,False,1.0,0.0,,VEHICLE_PROTOCOL_DOCUMENTED,POWERTRAIN_ONLY
honda.fit.gen3.us.ex_2018,honda_fit_ex_2018_can_generated.dbc,vehicle_can,VEHICLE_DYNAMICS,0x1ea,LAT_ACCEL,,7,16,motorola,True,0.0015,0.0,m/s2,VEHICLE_PROTOCOL_DOCUMENTED,UNKNOWN
honda.fit.gen3.us.ex_2018,honda_fit_ex_2018_can_generated.dbc,vehicle_can,VEHICLE_DYNAMICS,0x1ea,LONG_ACCEL,,23,16,motorola,True,0.0015,0.0,m/s2,VEHICLE_PROTOCOL_DOCUMENTED,UNKNOWN
honda.fit.gen3.us.ex_2018,honda_fit_ex_2018_can_generated.dbc,vehicle_can,VEHICLE_DYNAMICS,0x1ea,COUNTER,,61,2,motorola,False,1.0,0.0,,VEHICLE_PROTOCOL_DOCUMENTED,UNKNOWN
honda.fit.gen3.us.ex_2018,honda_fit_ex_2018_can_generated.dbc,vehicle_can,VEHICLE_DYNAMICS,0x1ea,CHECKSUM,,59,4,motorola,False,1.0,0.0,,VEHICLE_PROTOCOL_DOCUMENTED,UNKNOWN
honda.fit.gen3.us.ex_2018,honda_fit_ex_2018_can_generated.dbc,vehicle_can,SEATBELT_STATUS,0x305,SEATBELT_DRIVER_LAMP,,7,1,motorola,False,1.0,0.0,,VEHICLE_PROTOCOL_DOCUMENTED,DISPLAY_RELEVANT
honda.fit.gen3.us.ex_2018,honda_fit_ex_2018_can_generated.dbc,vehicle_can,SEATBELT_STATUS,0x305,SEATBELT_PASS_UNLATCHED,,10,1,motorola,False,1.0,0.0,,VEHICLE_PROTOCOL_DOCUMENTED,DISPLAY_RELEVANT
honda.fit.gen3.us.ex_2018,honda_fit_ex_2018_can_generated.dbc,vehicle_can,SEATBELT_STATUS,0x305,SEATBELT_PASS_LATCHED,safety.seatbelt_passenger,11,1,motorola,False,1.0,0.0,,VEHICLE_PROTOCOL_DOCUMENTED,DISPLAY_RELEVANT
honda.fit.gen3.us.ex_2018,honda_fit_ex_2018_can_generated.dbc,vehicle_can,SEATBELT_STATUS,0x305,SEATBELT_DRIVER_UNLATCHED,,12,1,motorola,False,1.0,0.0,,VEHICLE_PROTOCOL_DOCUMENTED,DISPLAY_RELEVANT
honda.fit.gen3.us.ex_2018,honda_fit_ex_2018_can_generated.dbc,vehicle_can,SEATBELT_STATUS,0x305,SEATBELT_DRIVER_LATCHED,safety.seatbelt_driver,13,1,motorola,False,1.0,0.0,,CLUSTER_RELEVANT_SIGNAL_DOCUMENTED,DISPLAY_RELEVANT
honda.fit.gen3.us.ex_2018,honda_fit_ex_2018_can_generated.dbc,vehicle_can,SEATBELT_STATUS,0x305,PASS_AIRBAG_OFF,,14,1,motorola,False,1.0,0.0,,VEHICLE_PROTOCOL_DOCUMENTED,DISPLAY_RELEVANT
honda.fit.gen3.us.ex_2018,honda_fit_ex_2018_can_generated.dbc,vehicle_can,SEATBELT_STATUS,0x305,PASS_AIRBAG_ON,,15,1,motorola,False,1.0,0.0,,VEHICLE_PROTOCOL_DOCUMENTED,DISPLAY_RELEVANT
honda.fit.gen3.us.ex_2018,honda_fit_ex_2018_can_generated.dbc,vehicle_can,SEATBELT_STATUS,0x305,COUNTER,,53,2,motorola,False,1.0,0.0,,VEHICLE_PROTOCOL_DOCUMENTED,DISPLAY_RELEVANT
honda.fit.gen3.us.ex_2018,honda_fit_ex_2018_can_generated.dbc,vehicle_can,SEATBELT_STATUS,0x305,CHECKSUM,,51,4,motorola,False,1.0,0.0,,VEHICLE_PROTOCOL_DOCUMENTED,DISPLAY_RELEVANT
honda.fit.gen3.us.ex_2018,honda_fit_ex_2018_can_generated.dbc,vehicle_can,CAR_SPEED,0x309,ROUGH_CAR_SPEED,,23,8,motorola,False,1.0,0.0,mph,VEHICLE_PROTOCOL_DOCUMENTED,DISPLAY_RELEVANT
honda.fit.gen3.us.ex_2018,honda_fit_ex_2018_can_generated.dbc,vehicle_can,CAR_SPEED,0x309,CAR_SPEED,vehicle.speed,7,16,motorola,False,0.01,0.0,kph,CLUSTER_RELEVANT_SIGNAL_DOCUMENTED,DISPLAY_RELEVANT
honda.fit.gen3.us.ex_2018,honda_fit_ex_2018_can_generated.dbc,vehicle_can,CAR_SPEED,0x309,ROUGH_CAR_SPEED_3,,39,16,motorola,False,0.01,0.0,kph,VEHICLE_PROTOCOL_DOCUMENTED,DISPLAY_RELEVANT
honda.fit.gen3.us.ex_2018,honda_fit_ex_2018_can_generated.dbc,vehicle_can,CAR_SPEED,0x309,ROUGH_CAR_SPEED_2,,31,8,motorola,False,1.0,0.0,mph,VEHICLE_PROTOCOL_DOCUMENTED,DISPLAY_RELEVANT
honda.fit.gen3.us.ex_2018,honda_fit_ex_2018_can_generated.dbc,vehicle_can,CAR_SPEED,0x309,LOCK_STATUS,,55,2,motorola,False,1.0,0.0,,VEHICLE_PROTOCOL_DOCUMENTED,DISPLAY_RELEVANT
honda.fit.gen3.us.ex_2018,honda_fit_ex_2018_can_generated.dbc,vehicle_can,CAR_SPEED,0x309,COUNTER,,61,2,motorola,False,1.0,0.0,,VEHICLE_PROTOCOL_DOCUMENTED,DISPLAY_RELEVANT
honda.fit.gen3.us.ex_2018,honda_fit_ex_2018_can_generated.dbc,vehicle_can,CAR_SPEED,0x309,CHECKSUM,,59,4,motorola,False,1.0,0.0,,VEHICLE_PROTOCOL_DOCUMENTED,DISPLAY_RELEVANT
honda.fit.gen3.us.ex_2018,honda_fit_ex_2018_can_generated.dbc,vehicle_can,CAR_SPEED,0x309,IMPERIAL_UNIT,,63,1,motorola,False,1.0,0.0,,VEHICLE_PROTOCOL_DOCUMENTED,DISPLAY_RELEVANT
honda.fit.gen3.us.ex_2018,honda_fit_ex_2018_can_generated.dbc,vehicle_can,ACC_HUD,0x30c,PCM_SPEED,,7,16,motorola,False,0.01,0.0,kph,VEHICLE_PROTOCOL_DOCUMENTED,ADAS_ONLY
honda.fit.gen3.us.ex_2018,honda_fit_ex_2018_can_generated.dbc,vehicle_can,ACC_HUD,0x30c,PCM_GAS,,23,8,motorola,False,1.0,0.0,,VEHICLE_PROTOCOL_DOCUMENTED,ADAS_ONLY
honda.fit.gen3.us.ex_2018,honda_fit_ex_2018_can_generated.dbc,vehicle_can,ACC_HUD,0x30c,CRUISE_SPEED,,31,8,motorola,False,1.0,0.0,kph,VEHICLE_PROTOCOL_DOCUMENTED,ADAS_ONLY
honda.fit.gen3.us.ex_2018,honda_fit_ex_2018_can_generated.dbc,vehicle_can,ACC_HUD,0x30c,DTC_MODE,,39,1,motorola,False,1.0,0.0,,VEHICLE_PROTOCOL_DOCUMENTED,ADAS_ONLY
honda.fit.gen3.us.ex_2018,honda_fit_ex_2018_can_generated.dbc,vehicle_can,ACC_HUD,0x30c,BOH,,38,1,motorola,False,1.0,0.0,,VEHICLE_PROTOCOL_DOCUMENTED,ADAS_ONLY
honda.fit.gen3.us.ex_2018,honda_fit_ex_2018_can_generated.dbc,vehicle_can,ACC_HUD,0x30c,ACC_PROBLEM,,37,1,motorola,False,1.0,0.0,,VEHICLE_PROTOCOL_DOCUMENTED,ADAS_ONLY
honda.fit.gen3.us.ex_2018,honda_fit_ex_2018_can_generated.dbc,vehicle_can,ACC_HUD,0x30c,FCM_OFF,,35,1,motorola,False,1.0,0.0,,VEHICLE_PROTOCOL_DOCUMENTED,ADAS_ONLY
honda.fit.gen3.us.ex_2018,honda_fit_ex_2018_can_generated.dbc,vehicle_can,ACC_HUD,0x30c,FCM_OFF_2,,36,1,motorola,False,1.0,0.0,,VEHICLE_PROTOCOL_DOCUMENTED,ADAS_ONLY
honda.fit.gen3.us.ex_2018,honda_fit_ex_2018_can_generated.dbc,vehicle_can,ACC_HUD,0x30c,FCM_PROBLEM,,34,1,motorola,False,1.0,0.0,,VEHICLE_PROTOCOL_DOCUMENTED,ADAS_ONLY
honda.fit.gen3.us.ex_2018,honda_fit_ex_2018_can_generated.dbc,vehicle_can,ACC_HUD,0x30c,RADAR_OBSTRUCTED,,33,1,motorola,False,1.0,0.0,,VEHICLE_PROTOCOL_DOCUMENTED,ADAS_ONLY
honda.fit.gen3.us.ex_2018,honda_fit_ex_2018_can_generated.dbc,vehicle_can,ACC_HUD,0x30c,ENABLE_MINI_CAR,,32,1,motorola,False,1.0,0.0,,VEHICLE_PROTOCOL_DOCUMENTED,ADAS_ONLY
honda.fit.gen3.us.ex_2018,honda_fit_ex_2018_can_generated.dbc,vehicle_can,ACC_HUD,0x30c,HUD_DISTANCE,,47,2,motorola,False,1.0,0.0,,VEHICLE_PROTOCOL_DOCUMENTED,ADAS_ONLY
honda.fit.gen3.us.ex_2018,honda_fit_ex_2018_can_generated.dbc,vehicle_can,ACC_HUD,0x30c,HUD_LEAD,,45,2,motorola,False,1.0,0.0,,VEHICLE_PROTOCOL_DOCUMENTED,ADAS_ONLY
honda.fit.gen3.us.ex_2018,honda_fit_ex_2018_can_generated.dbc,vehicle_can,ACC_HUD,0x30c,BOH_3,,43,1,motorola,False,1.0,0.0,,VEHICLE_PROTOCOL_DOCUMENTED,ADAS_ONLY
honda.fit.gen3.us.ex_2018,honda_fit_ex_2018_can_generated.dbc,vehicle_can,ACC_HUD,0x30c,BOH_4,,42,1,motorola,False,1.0,0.0,,VEHICLE_PROTOCOL_DOCUMENTED,ADAS_ONLY
honda.fit.gen3.us.ex_2018,honda_fit_ex_2018_can_generated.dbc,vehicle_can,ACC_HUD,0x30c,BOH_5,,41,1,motorola,False,1.0,0.0,,VEHICLE_PROTOCOL_DOCUMENTED,ADAS_ONLY
honda.fit.gen3.us.ex_2018,honda_fit_ex_2018_can_generated.dbc,vehicle_can,ACC_HUD,0x30c,CRUISE_CONTROL_LABEL,,40,1,motorola,False,1.0,0.0,,VEHICLE_PROTOCOL_DOCUMENTED,ADAS_ONLY
honda.fit.gen3.us.ex_2018,honda_fit_ex_2018_can_generated.dbc,vehicle_can,ACC_HUD,0x30c,SET_ME_X01_2,,55,1,motorola,False,1.0,0.0,,VEHICLE_PROTOCOL_DOCUMENTED,ADAS_ONLY
honda.fit.gen3.us.ex_2018,honda_fit_ex_2018_can_generated.dbc,vehicle_can,ACC_HUD,0x30c,IMPERIAL_UNIT,,54,1,motorola,False,1.0,0.0,,VEHICLE_PROTOCOL_DOCUMENTED,ADAS_ONLY
honda.fit.gen3.us.ex_2018,honda_fit_ex_2018_can_generated.dbc,vehicle_can,ACC_HUD,0x30c,ACC_ON,,52,1,motorola,False,1.0,0.0,,VEHICLE_PROTOCOL_DOCUMENTED,ADAS_ONLY
honda.fit.gen3.us.ex_2018,honda_fit_ex_2018_can_generated.dbc,vehicle_can,ACC_HUD,0x30c,CHIME,,51,3,motorola,False,1.0,0.0,,VEHICLE_PROTOCOL_DOCUMENTED,ADAS_ONLY
honda.fit.gen3.us.ex_2018,honda_fit_ex_2018_can_generated.dbc,vehicle_can,ACC_HUD,0x30c,SET_ME_X01,,48,1,motorola,False,1.0,0.0,,VEHICLE_PROTOCOL_DOCUMENTED,ADAS_ONLY
honda.fit.gen3.us.ex_2018,honda_fit_ex_2018_can_generated.dbc,vehicle_can,ACC_HUD,0x30c,ICONS,,63,2,motorola,False,1.0,0.0,,VEHICLE_PROTOCOL_DOCUMENTED,ADAS_ONLY
honda.fit.gen3.us.ex_2018,honda_fit_ex_2018_can_generated.dbc,vehicle_can,ACC_HUD,0x30c,COUNTER,,61,2,motorola,False,1.0,0.0,,VEHICLE_PROTOCOL_DOCUMENTED,ADAS_ONLY
honda.fit.gen3.us.ex_2018,honda_fit_ex_2018_can_generated.dbc,vehicle_can,ACC_HUD,0x30c,CHECKSUM,,59,4,motorola,False,1.0,0.0,,VEHICLE_PROTOCOL_DOCUMENTED,ADAS_ONLY
honda.fit.gen3.us.ex_2018,honda_fit_ex_2018_can_generated.dbc,vehicle_can,CRUISE,0x324,HUD_SPEED_KPH,,7,8,motorola,False,1.0,0.0,kph,VEHICLE_PROTOCOL_DOCUMENTED,POWERTRAIN_ONLY
honda.fit.gen3.us.ex_2018,honda_fit_ex_2018_can_generated.dbc,vehicle_can,CRUISE,0x324,HUD_SPEED_MPH,,15,8,motorola,False,1.0,0.0,mph,VEHICLE_PROTOCOL_DOCUMENTED,POWERTRAIN_ONLY
honda.fit.gen3.us.ex_2018,honda_fit_ex_2018_can_generated.dbc,vehicle_can,CRUISE,0x324,TRIP_FUEL_CONSUMED,,23,16,motorola,False,1.0,0.0,,VEHICLE_PROTOCOL_DOCUMENTED,POWERTRAIN_ONLY
honda.fit.gen3.us.ex_2018,honda_fit_ex_2018_can_generated.dbc,vehicle_can,CRUISE,0x324,CRUISE_SPEED_PCM,,39,8,motorola,False,1.0,0.0,,VEHICLE_PROTOCOL_DOCUMENTED,POWERTRAIN_ONLY
honda.fit.gen3.us.ex_2018,honda_fit_ex_2018_can_generated.dbc,vehicle_can,CRUISE,0x324,BOH2,,47,8,motorola,True,1.0,0.0,,VEHICLE_PROTOCOL_DOCUMENTED,POWERTRAIN_ONLY
honda.fit.gen3.us.ex_2018,honda_fit_ex_2018_can_generated.dbc,vehicle_can,CRUISE,0x324,BOH3,,55,8,motorola,False,1.0,0.0,,VEHICLE_PROTOCOL_DOCUMENTED,POWERTRAIN_ONLY
honda.fit.gen3.us.ex_2018,honda_fit_ex_2018_can_generated.dbc,vehicle_can,CRUISE,0x324,COUNTER,,61,2,motorola,False,1.0,0.0,,VEHICLE_PROTOCOL_DOCUMENTED,POWERTRAIN_ONLY
honda.fit.gen3.us.ex_2018,honda_fit_ex_2018_can_generated.dbc,vehicle_can,CRUISE,0x324,CHECKSUM,,59,4,motorola,False,1.0,0.0,,VEHICLE_PROTOCOL_DOCUMENTED,POWERTRAIN_ONLY
honda.fit.gen3.us.ex_2018,honda_fit_ex_2018_can_generated.dbc,vehicle_can,STALK_STATUS,0x374,DASHBOARD_ALERT,,39,8,motorola,False,1.0,0.0,,VEHICLE_PROTOCOL_DOCUMENTED,BODY_RELEVANT
honda.fit.gen3.us.ex_2018,honda_fit_ex_2018_can_generated.dbc,vehicle_can,STALK_STATUS,0x374,AUTO_HEADLIGHTS,,46,1,motorola,False,1.0,0.0,,VEHICLE_PROTOCOL_DOCUMENTED,BODY_RELEVANT
honda.fit.gen3.us.ex_2018,honda_fit_ex_2018_can_generated.dbc,vehicle_can,STALK_STATUS,0x374,HIGH_BEAM_HOLD,,47,1,motorola,False,1.0,0.0,,VEHICLE_PROTOCOL_DOCUMENTED,BODY_RELEVANT
honda.fit.gen3.us.ex_2018,honda_fit_ex_2018_can_generated.dbc,vehicle_can,STALK_STATUS,0x374,HIGH_BEAM_FLASH,,45,1,motorola,False,1.0,0.0,,VEHICLE_PROTOCOL_DOCUMENTED,BODY_RELEVANT
honda.fit.gen3.us.ex_2018,honda_fit_ex_2018_can_generated.dbc,vehicle_can,STALK_STATUS,0x374,HEADLIGHTS_ON,lighting.headlights_on,54,1,motorola,False,1.0,0.0,,VEHICLE_PROTOCOL_DOCUMENTED,BODY_RELEVANT
honda.fit.gen3.us.ex_2018,honda_fit_ex_2018_can_generated.dbc,vehicle_can,STALK_STATUS,0x374,WIPER_SWITCH,,53,2,motorola,False,1.0,0.0,,VEHICLE_PROTOCOL_DOCUMENTED,BODY_RELEVANT
honda.fit.gen3.us.ex_2018,honda_fit_ex_2018_can_generated.dbc,vehicle_can,STALK_STATUS,0x374,COUNTER,,61,2,motorola,False,1.0,0.0,,VEHICLE_PROTOCOL_DOCUMENTED,BODY_RELEVANT
honda.fit.gen3.us.ex_2018,honda_fit_ex_2018_can_generated.dbc,vehicle_can,STALK_STATUS,0x374,CHECKSUM,,59,4,motorola,False,1.0,0.0,,VEHICLE_PROTOCOL_DOCUMENTED,BODY_RELEVANT
honda.fit.gen3.us.ex_2018,honda_fit_ex_2018_can_generated.dbc,vehicle_can,STALK_STATUS_2,0x37b,WIPERS,,17,2,motorola,False,1.0,0.0,,VEHICLE_PROTOCOL_DOCUMENTED,DISPLAY_RELEVANT
honda.fit.gen3.us.ex_2018,honda_fit_ex_2018_can_generated.dbc,vehicle_can,STALK_STATUS_2,0x37b,LOW_BEAMS,lighting.low_beam,35,1,motorola,False,1.0,0.0,,CLUSTER_RELEVANT_SIGNAL_DOCUMENTED,DISPLAY_RELEVANT
honda.fit.gen3.us.ex_2018,honda_fit_ex_2018_can_generated.dbc,vehicle_can,STALK_STATUS_2,0x37b,HIGH_BEAMS,lighting.high_beam,34,1,motorola,False,1.0,0.0,,CLUSTER_RELEVANT_SIGNAL_DOCUMENTED,DISPLAY_RELEVANT
honda.fit.gen3.us.ex_2018,honda_fit_ex_2018_can_generated.dbc,vehicle_can,STALK_STATUS_2,0x37b,PARK_LIGHTS,,36,1,motorola,False,1.0,0.0,,VEHICLE_PROTOCOL_DOCUMENTED,DISPLAY_RELEVANT
honda.fit.gen3.us.ex_2018,honda_fit_ex_2018_can_generated.dbc,vehicle_can,STALK_STATUS_2,0x37b,COUNTER,,61,2,motorola,False,1.0,0.0,,VEHICLE_PROTOCOL_DOCUMENTED,DISPLAY_RELEVANT
honda.fit.gen3.us.ex_2018,honda_fit_ex_2018_can_generated.dbc,vehicle_can,STALK_STATUS_2,0x37b,CHECKSUM,,59,4,motorola,False,1.0,0.0,,VEHICLE_PROTOCOL_DOCUMENTED,DISPLAY_RELEVANT
honda.fit.gen3.us.ex_2018,honda_fit_ex_2018_can_generated.dbc,vehicle_can,DOORS_STATUS,0x405,DOOR_OPEN_FL,body.driver_door,37,1,motorola,False,1.0,0.0,,CLUSTER_RELEVANT_SIGNAL_DOCUMENTED,DISPLAY_RELEVANT
honda.fit.gen3.us.ex_2018,honda_fit_ex_2018_can_generated.dbc,vehicle_can,DOORS_STATUS,0x405,DOOR_OPEN_FR,body.passenger_door,38,1,motorola,False,1.0,0.0,,CLUSTER_RELEVANT_SIGNAL_DOCUMENTED,DISPLAY_RELEVANT
honda.fit.gen3.us.ex_2018,honda_fit_ex_2018_can_generated.dbc,vehicle_can,DOORS_STATUS,0x405,DOOR_OPEN_RL,body.rear_left_door,39,1,motorola,False,1.0,0.0,,VEHICLE_PROTOCOL_DOCUMENTED,DISPLAY_RELEVANT
honda.fit.gen3.us.ex_2018,honda_fit_ex_2018_can_generated.dbc,vehicle_can,DOORS_STATUS,0x405,DOOR_OPEN_RR,body.rear_right_door,40,1,motorola,False,1.0,0.0,,VEHICLE_PROTOCOL_DOCUMENTED,DISPLAY_RELEVANT
honda.fit.gen3.us.ex_2018,honda_fit_ex_2018_can_generated.dbc,vehicle_can,DOORS_STATUS,0x405,TRUNK_OPEN,body.trunk,41,1,motorola,False,1.0,0.0,,CLUSTER_RELEVANT_SIGNAL_DOCUMENTED,DISPLAY_RELEVANT
honda.fit.gen3.us.ex_2018,honda_fit_ex_2018_can_generated.dbc,vehicle_can,DOORS_STATUS,0x405,COUNTER,,61,2,motorola,False,1.0,0.0,,VEHICLE_PROTOCOL_DOCUMENTED,DISPLAY_RELEVANT
honda.fit.gen3.us.ex_2018,honda_fit_ex_2018_can_generated.dbc,vehicle_can,DOORS_STATUS,0x405,CHECKSUM,,59,4,motorola,False,1.0,0.0,,VEHICLE_PROTOCOL_DOCUMENTED,DISPLAY_RELEVANT
honda.fit.gen3.us.ex_2018,honda_fit_ex_2018_can_generated.dbc,vehicle_can,KINEMATICS,0x91,LAT_ACCEL,,7,10,motorola,False,0.02,-512.0,m/s2,VEHICLE_PROTOCOL_DOCUMENTED,UNKNOWN
honda.fit.gen3.us.ex_2018,honda_fit_ex_2018_can_generated.dbc,vehicle_can,KINEMATICS,0x91,COUNTER,,61,2,motorola,False,1.0,0.0,,VEHICLE_PROTOCOL_DOCUMENTED,UNKNOWN
honda.fit.gen3.us.ex_2018,honda_fit_ex_2018_can_generated.dbc,vehicle_can,KINEMATICS,0x91,CHECKSUM,,59,4,motorola,False,1.0,0.0,,VEHICLE_PROTOCOL_DOCUMENTED,UNKNOWN
honda.fit.gen3.us.ex_2018,honda_fit_ex_2018_can_generated.dbc,vehicle_can,KINEMATICS_ALT,0x94,LAT_ACCEL,,7,10,motorola,False,0.02,-512.0,m/s2,VEHICLE_PROTOCOL_DOCUMENTED,UNKNOWN
honda.fit.gen3.us.ex_2018,honda_fit_ex_2018_can_generated.dbc,vehicle_can,KINEMATICS_ALT,0x94,LONG_ACCEL,,24,9,motorola,True,-0.02,0.0,m/s2,VEHICLE_PROTOCOL_DOCUMENTED,UNKNOWN
honda.fit.gen3.us.ex_2018,honda_fit_ex_2018_can_generated.dbc,vehicle_can,KINEMATICS_ALT,0x94,CHECKSUM,,59,4,motorola,False,1.0,0.0,,VEHICLE_PROTOCOL_DOCUMENTED,UNKNOWN
honda.fit.gen3.us.ex_2018,honda_fit_ex_2018_can_generated.dbc,vehicle_can,KINEMATICS_ALT,0x94,COUNTER,,61,2,motorola,False,1.0,0.0,,VEHICLE_PROTOCOL_DOCUMENTED,UNKNOWN
honda.fit.gen3.us.ex_2018,honda_fit_ex_2018_can_generated.dbc,vehicle_can,STANDSTILL,0x1b0,CONTROLLED_STANDSTILL,,0,1,motorola,False,1.0,0.0,,VEHICLE_PROTOCOL_DOCUMENTED,POWERTRAIN_ONLY
honda.fit.gen3.us.ex_2018,honda_fit_ex_2018_can_generated.dbc,vehicle_can,STANDSTILL,0x1b0,WHEELS_MOVING,,12,1,motorola,False,1.0,0.0,,VEHICLE_PROTOCOL_DOCUMENTED,POWERTRAIN_ONLY
honda.fit.gen3.us.ex_2018,honda_fit_ex_2018_can_generated.dbc,vehicle_can,STANDSTILL,0x1b0,BRAKE_ERROR_1,,11,1,motorola,False,1.0,0.0,,VEHICLE_PROTOCOL_DOCUMENTED,POWERTRAIN_ONLY
honda.fit.gen3.us.ex_2018,honda_fit_ex_2018_can_generated.dbc,vehicle_can,STANDSTILL,0x1b0,BRAKE_ERROR_2,,9,1,motorola,False,1.0,0.0,,VEHICLE_PROTOCOL_DOCUMENTED,POWERTRAIN_ONLY
honda.fit.gen3.us.ex_2018,honda_fit_ex_2018_can_generated.dbc,vehicle_can,STANDSTILL,0x1b0,COUNTER,,53,2,motorola,False,1.0,0.0,,VEHICLE_PROTOCOL_DOCUMENTED,POWERTRAIN_ONLY
honda.fit.gen3.us.ex_2018,honda_fit_ex_2018_can_generated.dbc,vehicle_can,STANDSTILL,0x1b0,CHECKSUM,,51,4,motorola,False,1.0,0.0,,VEHICLE_PROTOCOL_DOCUMENTED,POWERTRAIN_ONLY
honda.fit.gen3.us.ex_2018,honda_fit_ex_2018_can_generated.dbc,vehicle_can,BRAKE_PRESSURE,0x1e7,BRAKE_PRESSURE1,,7,10,motorola,False,0.015625,-103.0,,VEHICLE_PROTOCOL_DOCUMENTED,UNKNOWN
honda.fit.gen3.us.ex_2018,honda_fit_ex_2018_can_generated.dbc,vehicle_can,BRAKE_PRESSURE,0x1e7,BRAKE_PRESSURE2,,9,10,motorola,False,0.015625,-103.0,,VEHICLE_PROTOCOL_DOCUMENTED,UNKNOWN
honda.fit.gen3.us.ex_2018,honda_fit_ex_2018_can_generated.dbc,vehicle_can,BRAKE_PRESSURE,0x1e7,CHECKSUM,,27,4,motorola,False,1.0,0.0,,VEHICLE_PROTOCOL_DOCUMENTED,UNKNOWN
honda.fit.gen3.us.ex_2018,honda_fit_ex_2018_can_generated.dbc,vehicle_can,BRAKE_PRESSURE,0x1e7,COUNTER,,29,2,motorola,False,1.0,0.0,,VEHICLE_PROTOCOL_DOCUMENTED,UNKNOWN
honda.fit.gen3.us.ex_2018,honda_fit_ex_2018_can_generated.dbc,vehicle_can,BRAKE_COMMAND,0x1fa,COMPUTER_BRAKE,,7,10,motorola,False,1.0,0.0,,VEHICLE_PROTOCOL_DOCUMENTED,ADAS_ONLY
honda.fit.gen3.us.ex_2018,honda_fit_ex_2018_can_generated.dbc,vehicle_can,BRAKE_COMMAND,0x1fa,BRAKE_PUMP_REQUEST,,8,1,motorola,False,1.0,0.0,,VEHICLE_PROTOCOL_DOCUMENTED,ADAS_ONLY
honda.fit.gen3.us.ex_2018,honda_fit_ex_2018_can_generated.dbc,vehicle_can,BRAKE_COMMAND,0x1fa,BRAKE_PUMP_REQUEST_ALT,,11,1,motorola,False,1.0,0.0,,VEHICLE_PROTOCOL_DOCUMENTED,ADAS_ONLY
honda.fit.gen3.us.ex_2018,honda_fit_ex_2018_can_generated.dbc,vehicle_can,BRAKE_COMMAND,0x1fa,SET_ME_X00,,23,3,motorola,False,1.0,0.0,,VEHICLE_PROTOCOL_DOCUMENTED,ADAS_ONLY
honda.fit.gen3.us.ex_2018,honda_fit_ex_2018_can_generated.dbc,vehicle_can,BRAKE_COMMAND,0x1fa,CRUISE_OVERRIDE,,20,1,motorola,False,1.0,0.0,,VEHICLE_PROTOCOL_DOCUMENTED,ADAS_ONLY
honda.fit.gen3.us.ex_2018,honda_fit_ex_2018_can_generated.dbc,vehicle_can,BRAKE_COMMAND,0x1fa,SET_ME_X00_2,,19,1,motorola,False,1.0,0.0,,VEHICLE_PROTOCOL_DOCUMENTED,ADAS_ONLY
honda.fit.gen3.us.ex_2018,honda_fit_ex_2018_can_generated.dbc,vehicle_can,BRAKE_COMMAND,0x1fa,CRUISE_FAULT_CMD,,18,1,motorola,False,1.0,0.0,,VEHICLE_PROTOCOL_DOCUMENTED,ADAS_ONLY
honda.fit.gen3.us.ex_2018,honda_fit_ex_2018_can_generated.dbc,vehicle_can,BRAKE_COMMAND,0x1fa,CRUISE_CANCEL_CMD,,17,1,motorola,False,1.0,0.0,,VEHICLE_PROTOCOL_DOCUMENTED,ADAS_ONLY
honda.fit.gen3.us.ex_2018,honda_fit_ex_2018_can_generated.dbc,vehicle_can,BRAKE_COMMAND,0x1fa,COMPUTER_BRAKE_REQUEST,,16,1,motorola,False,1.0,0.0,,VEHICLE_PROTOCOL_DOCUMENTED,ADAS_ONLY
honda.fit.gen3.us.ex_2018,honda_fit_ex_2018_can_generated.dbc,vehicle_can,BRAKE_COMMAND,0x1fa,SET_ME_1,,31,1,motorola,False,1.0,0.0,,VEHICLE_PROTOCOL_DOCUMENTED,ADAS_ONLY
honda.fit.gen3.us.ex_2018,honda_fit_ex_2018_can_generated.dbc,vehicle_can,BRAKE_COMMAND,0x1fa,AEB_REQ_1,,29,1,motorola,False,1.0,0.0,,VEHICLE_PROTOCOL_DOCUMENTED,ADAS_ONLY
honda.fit.gen3.us.ex_2018,honda_fit_ex_2018_can_generated.dbc,vehicle_can,BRAKE_COMMAND,0x1fa,AEB_REQ_2,,26,3,motorola,False,1.0,0.0,,VEHICLE_PROTOCOL_DOCUMENTED,ADAS_ONLY
honda.fit.gen3.us.ex_2018,honda_fit_ex_2018_can_generated.dbc,vehicle_can,BRAKE_COMMAND,0x1fa,BRAKE_LIGHTS,,39,1,motorola,False,1.0,0.0,,VEHICLE_PROTOCOL_DOCUMENTED,ADAS_ONLY
honda.fit.gen3.us.ex_2018,honda_fit_ex_2018_can_generated.dbc,vehicle_can,BRAKE_COMMAND,0x1fa,CRUISE_STATES,,38,7,motorola,False,1.0,0.0,,VEHICLE_PROTOCOL_DOCUMENTED,ADAS_ONLY
honda.fit.gen3.us.ex_2018,honda_fit_ex_2018_can_generated.dbc,vehicle_can,BRAKE_COMMAND,0x1fa,CHIME,,47,3,motorola,False,1.0,0.0,,VEHICLE_PROTOCOL_DOCUMENTED,ADAS_ONLY
honda.fit.gen3.us.ex_2018,honda_fit_ex_2018_can_generated.dbc,vehicle_can,BRAKE_COMMAND,0x1fa,SET_ME_X00_3,,44,1,motorola,False,1.0,0.0,,VEHICLE_PROTOCOL_DOCUMENTED,ADAS_ONLY
honda.fit.gen3.us.ex_2018,honda_fit_ex_2018_can_generated.dbc,vehicle_can,BRAKE_COMMAND,0x1fa,FCW,,43,2,motorola,False,1.0,0.0,,VEHICLE_PROTOCOL_DOCUMENTED,ADAS_ONLY
honda.fit.gen3.us.ex_2018,honda_fit_ex_2018_can_generated.dbc,vehicle_can,BRAKE_COMMAND,0x1fa,AEB_STATUS,,41,2,motorola,False,1.0,0.0,,VEHICLE_PROTOCOL_DOCUMENTED,ADAS_ONLY
honda.fit.gen3.us.ex_2018,honda_fit_ex_2018_can_generated.dbc,vehicle_can,BRAKE_COMMAND,0x1fa,COMPUTER_BRAKE_ALT,,55,10,motorola,False,1.0,0.0,,VEHICLE_PROTOCOL_DOCUMENTED,ADAS_ONLY
honda.fit.gen3.us.ex_2018,honda_fit_ex_2018_can_generated.dbc,vehicle_can,BRAKE_COMMAND,0x1fa,COUNTER,,61,2,motorola,False,1.0,0.0,,VEHICLE_PROTOCOL_DOCUMENTED,ADAS_ONLY
honda.fit.gen3.us.ex_2018,honda_fit_ex_2018_can_generated.dbc,vehicle_can,BRAKE_COMMAND,0x1fa,CHECKSUM,,59,4,motorola,False,1.0,0.0,,VEHICLE_PROTOCOL_DOCUMENTED,ADAS_ONLY
honda.fit.gen3.us.ex_2018,honda_fit_ex_2018_can_generated.dbc,vehicle_can,ROUGH_WHEEL_SPEED,0x255,WHEEL_SPEED_FL,,7,8,motorola,False,1.0,0.0,mph,VEHICLE_PROTOCOL_DOCUMENTED,POWERTRAIN_ONLY
honda.fit.gen3.us.ex_2018,honda_fit_ex_2018_can_generated.dbc,vehicle_can,ROUGH_WHEEL_SPEED,0x255,WHEEL_SPEED_FR,,15,8,motorola,False,1.0,0.0,mph,VEHICLE_PROTOCOL_DOCUMENTED,POWERTRAIN_ONLY
honda.fit.gen3.us.ex_2018,honda_fit_ex_2018_can_generated.dbc,vehicle_can,ROUGH_WHEEL_SPEED,0x255,WHEEL_SPEED_RL,,23,8,motorola,False,1.0,0.0,mph,VEHICLE_PROTOCOL_DOCUMENTED,POWERTRAIN_ONLY
honda.fit.gen3.us.ex_2018,honda_fit_ex_2018_can_generated.dbc,vehicle_can,ROUGH_WHEEL_SPEED,0x255,WHEEL_SPEED_RR,,31,8,motorola,False,1.0,0.0,mph,VEHICLE_PROTOCOL_DOCUMENTED,POWERTRAIN_ONLY
honda.fit.gen3.us.ex_2018,honda_fit_ex_2018_can_generated.dbc,vehicle_can,ROUGH_WHEEL_SPEED,0x255,SET_TO_X55,,39,8,motorola,False,1.0,0.0,,VEHICLE_PROTOCOL_DOCUMENTED,POWERTRAIN_ONLY
honda.fit.gen3.us.ex_2018,honda_fit_ex_2018_can_generated.dbc,vehicle_can,ROUGH_WHEEL_SPEED,0x255,SET_TO_X55_2,,47,8,motorola,False,1.0,0.0,,VEHICLE_PROTOCOL_DOCUMENTED,POWERTRAIN_ONLY
honda.fit.gen3.us.ex_2018,honda_fit_ex_2018_can_generated.dbc,vehicle_can,ROUGH_WHEEL_SPEED,0x255,COUNTER,,61,2,motorola,False,1.0,0.0,,VEHICLE_PROTOCOL_DOCUMENTED,POWERTRAIN_ONLY
honda.fit.gen3.us.ex_2018,honda_fit_ex_2018_can_generated.dbc,vehicle_can,ROUGH_WHEEL_SPEED,0x255,CHECKSUM,,59,4,motorola,False,1.0,0.0,,VEHICLE_PROTOCOL_DOCUMENTED,POWERTRAIN_ONLY
honda.fit.gen3.us.ex_2018,honda_fit_ex_2018_can_generated.dbc,vehicle_can,LKAS_HUD,0x33d,CAM_TEMP_HIGH,,7,1,motorola,False,1.0,0.0,,VEHICLE_PROTOCOL_DOCUMENTED,ADAS_ONLY
honda.fit.gen3.us.ex_2018,honda_fit_ex_2018_can_generated.dbc,vehicle_can,LKAS_HUD,0x33d,SET_ME_X41,,6,7,motorola,False,1.0,0.0,,VEHICLE_PROTOCOL_DOCUMENTED,ADAS_ONLY
honda.fit.gen3.us.ex_2018,honda_fit_ex_2018_can_generated.dbc,vehicle_can,LKAS_HUD,0x33d,BOH,,6,7,motorola,False,1.0,0.0,,VEHICLE_PROTOCOL_DOCUMENTED,ADAS_ONLY
honda.fit.gen3.us.ex_2018,honda_fit_ex_2018_can_generated.dbc,vehicle_can,LKAS_HUD,0x33d,DASHED_LANES,,14,1,motorola,False,1.0,0.0,,VEHICLE_PROTOCOL_DOCUMENTED,ADAS_ONLY
honda.fit.gen3.us.ex_2018,honda_fit_ex_2018_can_generated.dbc,vehicle_can,LKAS_HUD,0x33d,DTC,,13,1,motorola,False,1.0,0.0,,VEHICLE_PROTOCOL_DOCUMENTED,ADAS_ONLY
honda.fit.gen3.us.ex_2018,honda_fit_ex_2018_can_generated.dbc,vehicle_can,LKAS_HUD,0x33d,LKAS_PROBLEM,,12,1,motorola,False,1.0,0.0,,VEHICLE_PROTOCOL_DOCUMENTED,ADAS_ONLY
honda.fit.gen3.us.ex_2018,honda_fit_ex_2018_can_generated.dbc,vehicle_can,LKAS_HUD,0x33d,LKAS_OFF,,11,1,motorola,False,1.0,0.0,,VEHICLE_PROTOCOL_DOCUMENTED,ADAS_ONLY
honda.fit.gen3.us.ex_2018,honda_fit_ex_2018_can_generated.dbc,vehicle_can,LKAS_HUD,0x33d,SOLID_LANES,,10,1,motorola,False,1.0,0.0,,VEHICLE_PROTOCOL_DOCUMENTED,ADAS_ONLY
honda.fit.gen3.us.ex_2018,honda_fit_ex_2018_can_generated.dbc,vehicle_can,LKAS_HUD,0x33d,LDW_RIGHT,,9,1,motorola,False,1.0,0.0,,VEHICLE_PROTOCOL_DOCUMENTED,ADAS_ONLY
honda.fit.gen3.us.ex_2018,honda_fit_ex_2018_can_generated.dbc,vehicle_can,LKAS_HUD,0x33d,STEERING_REQUIRED,,8,1,motorola,False,1.0,0.0,,VEHICLE_PROTOCOL_DOCUMENTED,ADAS_ONLY
honda.fit.gen3.us.ex_2018,honda_fit_ex_2018_can_generated.dbc,vehicle_can,LKAS_HUD,0x33d,BOH_2,,23,2,motorola,False,1.0,0.0,,VEHICLE_PROTOCOL_DOCUMENTED,ADAS_ONLY
honda.fit.gen3.us.ex_2018,honda_fit_ex_2018_can_generated.dbc,vehicle_can,LKAS_HUD,0x33d,LDW_PROBLEM,,21,1,motorola,False,1.0,0.0,,VEHICLE_PROTOCOL_DOCUMENTED,ADAS_ONLY
honda.fit.gen3.us.ex_2018,honda_fit_ex_2018_can_generated.dbc,vehicle_can,LKAS_HUD,0x33d,BEEP,,17,2,motorola,False,1.0,0.0,,VEHICLE_PROTOCOL_DOCUMENTED,ADAS_ONLY
honda.fit.gen3.us.ex_2018,honda_fit_ex_2018_can_generated.dbc,vehicle_can,LKAS_HUD,0x33d,LDW_ON,,28,1,motorola,False,1.0,0.0,,VEHICLE_PROTOCOL_DOCUMENTED,ADAS_ONLY
honda.fit.gen3.us.ex_2018,honda_fit_ex_2018_can_generated.dbc,vehicle_can,LKAS_HUD,0x33d,LDW_OFF,,27,1,motorola,False,1.0,0.0,,VEHICLE_PROTOCOL_DOCUMENTED,ADAS_ONLY
honda.fit.gen3.us.ex_2018,honda_fit_ex_2018_can_generated.dbc,vehicle_can,LKAS_HUD,0x33d,CLEAN_WINDSHIELD,,26,1,motorola,False,1.0,0.0,,VEHICLE_PROTOCOL_DOCUMENTED,ADAS_ONLY
honda.fit.gen3.us.ex_2018,honda_fit_ex_2018_can_generated.dbc,vehicle_can,LKAS_HUD,0x33d,SET_ME_X48,,31,8,motorola,False,1.0,0.0,,VEHICLE_PROTOCOL_DOCUMENTED,ADAS_ONLY
honda.fit.gen3.us.ex_2018,honda_fit_ex_2018_can_generated.dbc,vehicle_can,LKAS_HUD,0x33d,COUNTER,,37,2,motorola,False,1.0,0.0,,VEHICLE_PROTOCOL_DOCUMENTED,ADAS_ONLY
honda.fit.gen3.us.ex_2018,honda_fit_ex_2018_can_generated.dbc,vehicle_can,LKAS_HUD,0x33d,CHECKSUM,,35,4,motorola,False,1.0,0.0,,VEHICLE_PROTOCOL_DOCUMENTED,ADAS_ONLY
honda.fit.gen3.us.ex_2018,honda_fit_ex_2018_can_generated.dbc,vehicle_can,CRUISE_PARAMS,0x37c,CRUISE_SPEED_OFFSET,,31,8,motorola,True,0.1,0.0,kph,VEHICLE_PROTOCOL_DOCUMENTED,POWERTRAIN_ONLY
honda.fit.gen3.us.ex_2018,honda_fit_ex_2018_can_generated.dbc,vehicle_can,CRUISE_PARAMS,0x37c,CHECKSUM,,59,4,motorola,False,1.0,0.0,,VEHICLE_PROTOCOL_DOCUMENTED,POWERTRAIN_ONLY
honda.fit.gen3.us.ex_2018,honda_fit_ex_2018_can_generated.dbc,vehicle_can,CRUISE_PARAMS,0x37c,COUNTER,,61,2,motorola,False,1.0,0.0,,VEHICLE_PROTOCOL_DOCUMENTED,POWERTRAIN_ONLY
honda.fit.gen3.us.ex_2018,honda_fit_ex_2018_can_generated.dbc,vehicle_can,STEERING_SENSORS,0x156,STEER_ANGLE,chassis.steering_angle,7,16,motorola,True,-0.1,0.0,deg,VEHICLE_PROTOCOL_DOCUMENTED,UNKNOWN
honda.fit.gen3.us.ex_2018,honda_fit_ex_2018_can_generated.dbc,vehicle_can,STEERING_SENSORS,0x156,STEER_ANGLE_RATE,,23,16,motorola,True,-1.0,0.0,deg/s,VEHICLE_PROTOCOL_DOCUMENTED,UNKNOWN
honda.fit.gen3.us.ex_2018,honda_fit_ex_2018_can_generated.dbc,vehicle_can,STEERING_SENSORS,0x156,COUNTER,,45,2,motorola,False,1.0,0.0,,VEHICLE_PROTOCOL_DOCUMENTED,UNKNOWN
honda.fit.gen3.us.ex_2018,honda_fit_ex_2018_can_generated.dbc,vehicle_can,STEERING_SENSORS,0x156,CHECKSUM,,43,4,motorola,False,1.0,0.0,,VEHICLE_PROTOCOL_DOCUMENTED,UNKNOWN
honda.fit.gen3.us.ex_2018,honda_fit_ex_2018_can_generated.dbc,vehicle_can,STEERING_CONTROL,0xe4,STEER_TORQUE,,7,16,motorola,True,1.0,0.0,,VEHICLE_PROTOCOL_DOCUMENTED,ADAS_ONLY
honda.fit.gen3.us.ex_2018,honda_fit_ex_2018_can_generated.dbc,vehicle_can,STEERING_CONTROL,0xe4,STEER_TORQUE_REQUEST,,23,1,motorola,False,1.0,0.0,,VEHICLE_PROTOCOL_DOCUMENTED,ADAS_ONLY
honda.fit.gen3.us.ex_2018,honda_fit_ex_2018_can_generated.dbc,vehicle_can,STEERING_CONTROL,0xe4,SET_ME_X00,,22,7,motorola,False,1.0,0.0,,VEHICLE_PROTOCOL_DOCUMENTED,ADAS_ONLY
honda.fit.gen3.us.ex_2018,honda_fit_ex_2018_can_generated.dbc,vehicle_can,STEERING_CONTROL,0xe4,SET_ME_X00_2,,31,8,motorola,False,1.0,0.0,,VEHICLE_PROTOCOL_DOCUMENTED,ADAS_ONLY
honda.fit.gen3.us.ex_2018,honda_fit_ex_2018_can_generated.dbc,vehicle_can,STEERING_CONTROL,0xe4,COUNTER,,37,2,motorola,False,1.0,0.0,,VEHICLE_PROTOCOL_DOCUMENTED,ADAS_ONLY
honda.fit.gen3.us.ex_2018,honda_fit_ex_2018_can_generated.dbc,vehicle_can,STEERING_CONTROL,0xe4,CHECKSUM,,35,4,motorola,False,1.0,0.0,,VEHICLE_PROTOCOL_DOCUMENTED,ADAS_ONLY
honda.fit.gen3.us.ex_2018,honda_fit_ex_2018_can_generated.dbc,vehicle_can,STEER_STATUS,0x18f,STEER_TORQUE_SENSOR,,7,16,motorola,True,-1.0,0.0,tbd,VEHICLE_PROTOCOL_DOCUMENTED,UNKNOWN
honda.fit.gen3.us.ex_2018,honda_fit_ex_2018_can_generated.dbc,vehicle_can,STEER_STATUS,0x18f,STEER_ANGLE_RATE,,23,16,motorola,True,-0.1,0.0,deg/s,VEHICLE_PROTOCOL_DOCUMENTED,UNKNOWN
honda.fit.gen3.us.ex_2018,honda_fit_ex_2018_can_generated.dbc,vehicle_can,STEER_STATUS,0x18f,STEER_STATUS,,39,4,motorola,False,1.0,0.0,,VEHICLE_PROTOCOL_DOCUMENTED,UNKNOWN
honda.fit.gen3.us.ex_2018,honda_fit_ex_2018_can_generated.dbc,vehicle_can,STEER_STATUS,0x18f,STEER_CONTROL_ACTIVE,,35,1,motorola,False,1.0,0.0,,VEHICLE_PROTOCOL_DOCUMENTED,UNKNOWN
honda.fit.gen3.us.ex_2018,honda_fit_ex_2018_can_generated.dbc,vehicle_can,STEER_STATUS,0x18f,STEER_CONFIG_INDEX,,43,4,motorola,False,1.0,0.0,,VEHICLE_PROTOCOL_DOCUMENTED,UNKNOWN
honda.fit.gen3.us.ex_2018,honda_fit_ex_2018_can_generated.dbc,vehicle_can,STEER_STATUS,0x18f,COUNTER,,53,2,motorola,False,1.0,0.0,,VEHICLE_PROTOCOL_DOCUMENTED,UNKNOWN
honda.fit.gen3.us.ex_2018,honda_fit_ex_2018_can_generated.dbc,vehicle_can,STEER_STATUS,0x18f,CHECKSUM,,51,4,motorola,False,1.0,0.0,,VEHICLE_PROTOCOL_DOCUMENTED,UNKNOWN
honda.fit.gen3.us.ex_2018,honda_fit_ex_2018_can_generated.dbc,vehicle_can,GEARBOX,0x191,GEAR_SHIFTER,transmission.gear,5,6,motorola,False,1.0,0.0,,CLUSTER_RELEVANT_SIGNAL_DOCUMENTED,DISPLAY_RELEVANT
honda.fit.gen3.us.ex_2018,honda_fit_ex_2018_can_generated.dbc,vehicle_can,GEARBOX,0x191,GEAR,,43,4,motorola,False,1.0,0.0,,VEHICLE_PROTOCOL_DOCUMENTED,DISPLAY_RELEVANT
honda.fit.gen3.us.ex_2018,honda_fit_ex_2018_can_generated.dbc,vehicle_can,GEARBOX,0x191,COUNTER,,61,2,motorola,False,1.0,0.0,,VEHICLE_PROTOCOL_DOCUMENTED,DISPLAY_RELEVANT
honda.fit.gen3.us.ex_2018,honda_fit_ex_2018_can_generated.dbc,vehicle_can,GEARBOX,0x191,CHECKSUM,,59,4,motorola,False,1.0,0.0,,VEHICLE_PROTOCOL_DOCUMENTED,DISPLAY_RELEVANT
honda.fit.gen3.us.ex_2018,honda_fit_ex_2018_can_generated.dbc,vehicle_can,SCM_BUTTONS,0x1a6,CRUISE_BUTTONS,,7,3,motorola,False,1.0,0.0,,VEHICLE_PROTOCOL_DOCUMENTED,BODY_RELEVANT
honda.fit.gen3.us.ex_2018,honda_fit_ex_2018_can_generated.dbc,vehicle_can,SCM_BUTTONS,0x1a6,LIGHTS_SETTING,,1,2,motorola,False,1.0,0.0,,VEHICLE_PROTOCOL_DOCUMENTED,BODY_RELEVANT
honda.fit.gen3.us.ex_2018,honda_fit_ex_2018_can_generated.dbc,vehicle_can,SCM_BUTTONS,0x1a6,MAIN_ON,,47,1,motorola,False,1.0,0.0,,VEHICLE_PROTOCOL_DOCUMENTED,BODY_RELEVANT
honda.fit.gen3.us.ex_2018,honda_fit_ex_2018_can_generated.dbc,vehicle_can,SCM_BUTTONS,0x1a6,CRUISE_SETTING,,43,2,motorola,False,1.0,0.0,,VEHICLE_PROTOCOL_DOCUMENTED,BODY_RELEVANT
honda.fit.gen3.us.ex_2018,honda_fit_ex_2018_can_generated.dbc,vehicle_can,SCM_BUTTONS,0x1a6,DRIVERS_DOOR_OPEN,,63,1,motorola,False,1.0,0.0,,VEHICLE_PROTOCOL_DOCUMENTED,BODY_RELEVANT
honda.fit.gen3.us.ex_2018,honda_fit_ex_2018_can_generated.dbc,vehicle_can,SCM_BUTTONS,0x1a6,COUNTER,,61,2,motorola,False,1.0,0.0,,VEHICLE_PROTOCOL_DOCUMENTED,BODY_RELEVANT
honda.fit.gen3.us.ex_2018,honda_fit_ex_2018_can_generated.dbc,vehicle_can,SCM_BUTTONS,0x1a6,CHECKSUM,,59,4,motorola,False,1.0,0.0,,VEHICLE_PROTOCOL_DOCUMENTED,BODY_RELEVANT
honda.fit.gen3.us.ex_2018,honda_fit_ex_2018_can_generated.dbc,vehicle_can,SCM_FEEDBACK,0x294,RIGHT_BLINKER,lighting.right_indicator,6,1,motorola,False,1.0,0.0,,CLUSTER_RELEVANT_SIGNAL_DOCUMENTED,DISPLAY_RELEVANT
honda.fit.gen3.us.ex_2018,honda_fit_ex_2018_can_generated.dbc,vehicle_can,SCM_FEEDBACK,0x294,LEFT_BLINKER,lighting.left_indicator,5,1,motorola,False,1.0,0.0,,CLUSTER_RELEVANT_SIGNAL_DOCUMENTED,DISPLAY_RELEVANT
honda.fit.gen3.us.ex_2018,honda_fit_ex_2018_can_generated.dbc,vehicle_can,SCM_FEEDBACK,0x294,WIPERS_SPEED,,4,2,motorola,False,1.0,0.0,,VEHICLE_PROTOCOL_DOCUMENTED,DISPLAY_RELEVANT
honda.fit.gen3.us.ex_2018,honda_fit_ex_2018_can_generated.dbc,vehicle_can,SCM_FEEDBACK,0x294,COUNTER,,61,2,motorola,False,1.0,0.0,,VEHICLE_PROTOCOL_DOCUMENTED,DISPLAY_RELEVANT
honda.fit.gen3.us.ex_2018,honda_fit_ex_2018_can_generated.dbc,vehicle_can,SCM_FEEDBACK,0x294,CHECKSUM,,59,4,motorola,False,1.0,0.0,,VEHICLE_PROTOCOL_DOCUMENTED,DISPLAY_RELEVANT
honda.fit.gen3.us.ex_2018,honda_fit_ex_2018_can_generated.dbc,vehicle_can,HIGHBEAM_CONTROL,0x35e,ZEROS_BOH,,7,50,motorola,False,1.0,0.0,,VEHICLE_PROTOCOL_DOCUMENTED,UNKNOWN
honda.fit.gen3.us.ex_2018,honda_fit_ex_2018_can_generated.dbc,vehicle_can,HIGHBEAM_CONTROL,0x35e,ZEROS_BOH_2,,48,4,intel,False,1.0,0.0,,VEHICLE_PROTOCOL_DOCUMENTED,UNKNOWN
honda.fit.gen3.us.ex_2018,honda_fit_ex_2018_can_generated.dbc,vehicle_can,HIGHBEAM_CONTROL,0x35e,HIGHBEAMS_ON,,52,1,motorola,False,1.0,0.0,,VEHICLE_PROTOCOL_DOCUMENTED,UNKNOWN
honda.fit.gen3.us.ex_2018,honda_fit_ex_2018_can_generated.dbc,vehicle_can,HIGHBEAM_CONTROL,0x35e,AUTO_HIGHBEAMS_ACTIVE,,53,1,motorola,False,1.0,0.0,,VEHICLE_PROTOCOL_DOCUMENTED,UNKNOWN
honda.fit.gen3.us.ex_2018,honda_fit_ex_2018_can_generated.dbc,vehicle_can,HIGHBEAM_CONTROL,0x35e,COUNTER,,61,2,motorola,False,1.0,0.0,,VEHICLE_PROTOCOL_DOCUMENTED,UNKNOWN
honda.fit.gen3.us.ex_2018,honda_fit_ex_2018_can_generated.dbc,vehicle_can,HIGHBEAM_CONTROL,0x35e,CHECKSUM,,59,4,motorola,False,1.0,0.0,,VEHICLE_PROTOCOL_DOCUMENTED,UNKNOWN
honda.fit.gen3.us.hybrid_2018,honda_fit_hybrid_2018_can_generated.dbc,vehicle_can,GAS_COMMAND,0x200,GAS_COMMAND,,7,16,motorola,False,0.253984064,-83.3,,VEHICLE_PROTOCOL_DOCUMENTED,ADAS_ONLY
honda.fit.gen3.us.hybrid_2018,honda_fit_hybrid_2018_can_generated.dbc,vehicle_can,GAS_COMMAND,0x200,GAS_COMMAND2,,23,16,motorola,False,0.126992032,-83.3,,VEHICLE_PROTOCOL_DOCUMENTED,ADAS_ONLY
honda.fit.gen3.us.hybrid_2018,honda_fit_hybrid_2018_can_generated.dbc,vehicle_can,GAS_COMMAND,0x200,ENABLE,,39,1,motorola,False,1.0,0.0,,VEHICLE_PROTOCOL_DOCUMENTED,ADAS_ONLY
honda.fit.gen3.us.hybrid_2018,honda_fit_hybrid_2018_can_generated.dbc,vehicle_can,GAS_COMMAND,0x200,COUNTER_PEDAL,,35,4,motorola,False,1.0,0.0,,VEHICLE_PROTOCOL_DOCUMENTED,ADAS_ONLY
honda.fit.gen3.us.hybrid_2018,honda_fit_hybrid_2018_can_generated.dbc,vehicle_can,GAS_COMMAND,0x200,CHECKSUM_PEDAL,,47,8,motorola,False,1.0,0.0,,VEHICLE_PROTOCOL_DOCUMENTED,ADAS_ONLY
honda.fit.gen3.us.hybrid_2018,honda_fit_hybrid_2018_can_generated.dbc,vehicle_can,GAS_SENSOR,0x201,INTERCEPTOR_GAS,,7,16,motorola,False,1.0,0.0,,VEHICLE_PROTOCOL_DOCUMENTED,UNKNOWN
honda.fit.gen3.us.hybrid_2018,honda_fit_hybrid_2018_can_generated.dbc,vehicle_can,GAS_SENSOR,0x201,INTERCEPTOR_GAS2,,23,16,motorola,False,1.0,0.0,,VEHICLE_PROTOCOL_DOCUMENTED,UNKNOWN
honda.fit.gen3.us.hybrid_2018,honda_fit_hybrid_2018_can_generated.dbc,vehicle_can,GAS_SENSOR,0x201,STATE,,39,4,motorola,False,1.0,0.0,,VEHICLE_PROTOCOL_DOCUMENTED,UNKNOWN
honda.fit.gen3.us.hybrid_2018,honda_fit_hybrid_2018_can_generated.dbc,vehicle_can,GAS_SENSOR,0x201,COUNTER_PEDAL,,35,4,motorola,False,1.0,0.0,,VEHICLE_PROTOCOL_DOCUMENTED,UNKNOWN
honda.fit.gen3.us.hybrid_2018,honda_fit_hybrid_2018_can_generated.dbc,vehicle_can,GAS_SENSOR,0x201,CHECKSUM_PEDAL,,47,8,motorola,False,1.0,0.0,,VEHICLE_PROTOCOL_DOCUMENTED,UNKNOWN
honda.fit.gen3.us.hybrid_2018,honda_fit_hybrid_2018_can_generated.dbc,vehicle_can,GAS_PEDAL_2,0x130,ENGINE_TORQUE_ESTIMATE,,7,16,motorola,True,1.0,0.0,Nm,VEHICLE_PROTOCOL_DOCUMENTED,POWERTRAIN_ONLY
honda.fit.gen3.us.hybrid_2018,honda_fit_hybrid_2018_can_generated.dbc,vehicle_can,GAS_PEDAL_2,0x130,ENGINE_TORQUE_REQUEST,,23,16,motorola,True,1.0,0.0,Nm,VEHICLE_PROTOCOL_DOCUMENTED,POWERTRAIN_ONLY
honda.fit.gen3.us.hybrid_2018,honda_fit_hybrid_2018_can_generated.dbc,vehicle_can,GAS_PEDAL_2,0x130,CAR_GAS,,39,8,motorola,False,1.0,0.0,,VEHICLE_PROTOCOL_DOCUMENTED,POWERTRAIN_ONLY
honda.fit.gen3.us.hybrid_2018,honda_fit_hybrid_2018_can_generated.dbc,vehicle_can,GAS_PEDAL_2,0x130,COUNTER,,61,2,motorola,False,1.0,0.0,,VEHICLE_PROTOCOL_DOCUMENTED,POWERTRAIN_ONLY
honda.fit.gen3.us.hybrid_2018,honda_fit_hybrid_2018_can_generated.dbc,vehicle_can,GAS_PEDAL_2,0x130,CHECKSUM,,59,4,motorola,False,1.0,0.0,,VEHICLE_PROTOCOL_DOCUMENTED,POWERTRAIN_ONLY
honda.fit.gen3.us.hybrid_2018,honda_fit_hybrid_2018_can_generated.dbc,vehicle_can,GAS_PEDAL,0x13c,CAR_GAS,,39,8,motorola,False,1.0,0.0,,VEHICLE_PROTOCOL_DOCUMENTED,POWERTRAIN_ONLY
honda.fit.gen3.us.hybrid_2018,honda_fit_hybrid_2018_can_generated.dbc,vehicle_can,GAS_PEDAL,0x13c,COUNTER,,61,2,motorola,False,1.0,0.0,,VEHICLE_PROTOCOL_DOCUMENTED,POWERTRAIN_ONLY
honda.fit.gen3.us.hybrid_2018,honda_fit_hybrid_2018_can_generated.dbc,vehicle_can,GAS_PEDAL,0x13c,CHECKSUM,,59,4,motorola,False,1.0,0.0,,VEHICLE_PROTOCOL_DOCUMENTED,POWERTRAIN_ONLY
honda.fit.gen3.us.hybrid_2018,honda_fit_hybrid_2018_can_generated.dbc,vehicle_can,ENGINE_DATA,0x158,XMISSION_SPEED,vehicle.speed,7,16,motorola,False,0.01,0.0,kph,CLUSTER_RELEVANT_SIGNAL_DOCUMENTED,DISPLAY_RELEVANT
honda.fit.gen3.us.hybrid_2018,honda_fit_hybrid_2018_can_generated.dbc,vehicle_can,ENGINE_DATA,0x158,ENGINE_RPM,powertrain.engine_rpm,23,16,motorola,False,1.0,0.0,rpm,CLUSTER_RELEVANT_SIGNAL_DOCUMENTED,DISPLAY_RELEVANT
honda.fit.gen3.us.hybrid_2018,honda_fit_hybrid_2018_can_generated.dbc,vehicle_can,ENGINE_DATA,0x158,XMISSION_SPEED2,,39,16,motorola,False,0.01,0.0,kph,VEHICLE_PROTOCOL_DOCUMENTED,DISPLAY_RELEVANT
honda.fit.gen3.us.hybrid_2018,honda_fit_hybrid_2018_can_generated.dbc,vehicle_can,ENGINE_DATA,0x158,ODOMETER,vehicle.odometer,55,8,motorola,False,10.0,0.0,m,CLUSTER_RELEVANT_SIGNAL_DOCUMENTED,DISPLAY_RELEVANT
honda.fit.gen3.us.hybrid_2018,honda_fit_hybrid_2018_can_generated.dbc,vehicle_can,ENGINE_DATA,0x158,COUNTER,,61,2,motorola,False,1.0,0.0,,VEHICLE_PROTOCOL_DOCUMENTED,DISPLAY_RELEVANT
honda.fit.gen3.us.hybrid_2018,honda_fit_hybrid_2018_can_generated.dbc,vehicle_can,ENGINE_DATA,0x158,CHECKSUM,,59,4,motorola,False,1.0,0.0,,VEHICLE_PROTOCOL_DOCUMENTED,DISPLAY_RELEVANT
honda.fit.gen3.us.hybrid_2018,honda_fit_hybrid_2018_can_generated.dbc,vehicle_can,POWERTRAIN_DATA,0x17c,PEDAL_GAS,powertrain.throttle_position,7,8,motorola,False,1.0,0.0,,VEHICLE_PROTOCOL_DOCUMENTED,DISPLAY_RELEVANT
honda.fit.gen3.us.hybrid_2018,honda_fit_hybrid_2018_can_generated.dbc,vehicle_can,POWERTRAIN_DATA,0x17c,ENGINE_RPM,powertrain.engine_rpm,23,16,motorola,False,1.0,0.0,rpm,CLUSTER_RELEVANT_SIGNAL_DOCUMENTED,DISPLAY_RELEVANT
honda.fit.gen3.us.hybrid_2018,honda_fit_hybrid_2018_can_generated.dbc,vehicle_can,POWERTRAIN_DATA,0x17c,GAS_PRESSED,,39,1,motorola,False,1.0,0.0,,VEHICLE_PROTOCOL_DOCUMENTED,DISPLAY_RELEVANT
honda.fit.gen3.us.hybrid_2018,honda_fit_hybrid_2018_can_generated.dbc,vehicle_can,POWERTRAIN_DATA,0x17c,ACC_STATUS,adas.acc_state,38,1,motorola,False,1.0,0.0,,VEHICLE_PROTOCOL_DOCUMENTED,DISPLAY_RELEVANT
honda.fit.gen3.us.hybrid_2018,honda_fit_hybrid_2018_can_generated.dbc,vehicle_can,POWERTRAIN_DATA,0x17c,BOH_17C,,37,5,motorola,False,1.0,0.0,,VEHICLE_PROTOCOL_DOCUMENTED,DISPLAY_RELEVANT
honda.fit.gen3.us.hybrid_2018,honda_fit_hybrid_2018_can_generated.dbc,vehicle_can,POWERTRAIN_DATA,0x17c,BRAKE_SWITCH,,32,1,motorola,False,1.0,0.0,,VEHICLE_PROTOCOL_DOCUMENTED,DISPLAY_RELEVANT
honda.fit.gen3.us.hybrid_2018,honda_fit_hybrid_2018_can_generated.dbc,vehicle_can,POWERTRAIN_DATA,0x17c,BOH2_17C,,47,10,motorola,False,1.0,0.0,,VEHICLE_PROTOCOL_DOCUMENTED,DISPLAY_RELEVANT
honda.fit.gen3.us.hybrid_2018,honda_fit_hybrid_2018_can_generated.dbc,vehicle_can,POWERTRAIN_DATA,0x17c,BRAKE_PRESSED,brakes.service_brake,53,1,motorola,False,1.0,0.0,,VEHICLE_PROTOCOL_DOCUMENTED,DISPLAY_RELEVANT
honda.fit.gen3.us.hybrid_2018,honda_fit_hybrid_2018_can_generated.dbc,vehicle_can,POWERTRAIN_DATA,0x17c,BOH3_17C,,52,5,motorola,False,1.0,0.0,,VEHICLE_PROTOCOL_DOCUMENTED,DISPLAY_RELEVANT
honda.fit.gen3.us.hybrid_2018,honda_fit_hybrid_2018_can_generated.dbc,vehicle_can,POWERTRAIN_DATA,0x17c,COUNTER,,61,2,motorola,False,1.0,0.0,,VEHICLE_PROTOCOL_DOCUMENTED,DISPLAY_RELEVANT
honda.fit.gen3.us.hybrid_2018,honda_fit_hybrid_2018_can_generated.dbc,vehicle_can,POWERTRAIN_DATA,0x17c,CHECKSUM,,59,4,motorola,False,1.0,0.0,,VEHICLE_PROTOCOL_DOCUMENTED,DISPLAY_RELEVANT
honda.fit.gen3.us.hybrid_2018,honda_fit_hybrid_2018_can_generated.dbc,vehicle_can,VSA_STATUS,0x1a4,USER_BRAKE,,7,16,motorola,False,0.015625,-1.609375,,VEHICLE_PROTOCOL_DOCUMENTED,DISPLAY_RELEVANT
honda.fit.gen3.us.hybrid_2018,honda_fit_hybrid_2018_can_generated.dbc,vehicle_can,VSA_STATUS,0x1a4,COMPUTER_BRAKING,,23,1,motorola,False,1.0,0.0,,VEHICLE_PROTOCOL_DOCUMENTED,DISPLAY_RELEVANT
honda.fit.gen3.us.hybrid_2018,honda_fit_hybrid_2018_can_generated.dbc,vehicle_can,VSA_STATUS,0x1a4,ESP_DISABLED,stability.vsa_warning,28,1,motorola,False,1.0,0.0,,CLUSTER_RELEVANT_SIGNAL_DOCUMENTED,DISPLAY_RELEVANT
honda.fit.gen3.us.hybrid_2018,honda_fit_hybrid_2018_can_generated.dbc,vehicle_can,VSA_STATUS,0x1a4,BRAKE_HOLD_RELATED,,52,1,motorola,False,1.0,0.0,,VEHICLE_PROTOCOL_DOCUMENTED,DISPLAY_RELEVANT
honda.fit.gen3.us.hybrid_2018,honda_fit_hybrid_2018_can_generated.dbc,vehicle_can,VSA_STATUS,0x1a4,BRAKE_HOLD_ACTIVE,,46,1,motorola,False,1.0,0.0,,VEHICLE_PROTOCOL_DOCUMENTED,DISPLAY_RELEVANT
honda.fit.gen3.us.hybrid_2018,honda_fit_hybrid_2018_can_generated.dbc,vehicle_can,VSA_STATUS,0x1a4,BRAKE_HOLD_ENABLED,,45,1,motorola,False,1.0,0.0,,VEHICLE_PROTOCOL_DOCUMENTED,DISPLAY_RELEVANT
honda.fit.gen3.us.hybrid_2018,honda_fit_hybrid_2018_can_generated.dbc,vehicle_can,VSA_STATUS,0x1a4,COUNTER,,61,2,motorola,False,1.0,0.0,,VEHICLE_PROTOCOL_DOCUMENTED,DISPLAY_RELEVANT
honda.fit.gen3.us.hybrid_2018,honda_fit_hybrid_2018_can_generated.dbc,vehicle_can,VSA_STATUS,0x1a4,CHECKSUM,,59,4,motorola,False,1.0,0.0,,VEHICLE_PROTOCOL_DOCUMENTED,DISPLAY_RELEVANT
honda.fit.gen3.us.hybrid_2018,honda_fit_hybrid_2018_can_generated.dbc,vehicle_can,STEER_MOTOR_TORQUE,0x1ab,CONFIG_VALID,,7,1,motorola,False,1.0,0.0,,VEHICLE_PROTOCOL_DOCUMENTED,UNKNOWN
honda.fit.gen3.us.hybrid_2018,honda_fit_hybrid_2018_can_generated.dbc,vehicle_can,STEER_MOTOR_TORQUE,0x1ab,MOTOR_TORQUE,,1,10,motorola,False,1.0,0.0,,VEHICLE_PROTOCOL_DOCUMENTED,UNKNOWN
honda.fit.gen3.us.hybrid_2018,honda_fit_hybrid_2018_can_generated.dbc,vehicle_can,STEER_MOTOR_TORQUE,0x1ab,OUTPUT_DISABLED,,22,1,motorola,False,1.0,0.0,,VEHICLE_PROTOCOL_DOCUMENTED,UNKNOWN
honda.fit.gen3.us.hybrid_2018,honda_fit_hybrid_2018_can_generated.dbc,vehicle_can,STEER_MOTOR_TORQUE,0x1ab,COUNTER,,21,2,motorola,False,1.0,0.0,,VEHICLE_PROTOCOL_DOCUMENTED,UNKNOWN
honda.fit.gen3.us.hybrid_2018,honda_fit_hybrid_2018_can_generated.dbc,vehicle_can,STEER_MOTOR_TORQUE,0x1ab,CHECKSUM,,19,4,motorola,False,1.0,0.0,,VEHICLE_PROTOCOL_DOCUMENTED,UNKNOWN
honda.fit.gen3.us.hybrid_2018,honda_fit_hybrid_2018_can_generated.dbc,vehicle_can,WHEEL_SPEEDS,0x1d0,WHEEL_SPEED_FL,,7,15,motorola,False,0.01,0.0,kph,VEHICLE_PROTOCOL_DOCUMENTED,POWERTRAIN_ONLY
honda.fit.gen3.us.hybrid_2018,honda_fit_hybrid_2018_can_generated.dbc,vehicle_can,WHEEL_SPEEDS,0x1d0,WHEEL_SPEED_FR,,8,15,motorola,False,0.01,0.0,kph,VEHICLE_PROTOCOL_DOCUMENTED,POWERTRAIN_ONLY
honda.fit.gen3.us.hybrid_2018,honda_fit_hybrid_2018_can_generated.dbc,vehicle_can,WHEEL_SPEEDS,0x1d0,WHEEL_SPEED_RL,,25,15,motorola,False,0.01,0.0,kph,VEHICLE_PROTOCOL_DOCUMENTED,POWERTRAIN_ONLY
honda.fit.gen3.us.hybrid_2018,honda_fit_hybrid_2018_can_generated.dbc,vehicle_can,WHEEL_SPEEDS,0x1d0,WHEEL_SPEED_RR,,42,15,motorola,False,0.01,0.0,kph,VEHICLE_PROTOCOL_DOCUMENTED,POWERTRAIN_ONLY
honda.fit.gen3.us.hybrid_2018,honda_fit_hybrid_2018_can_generated.dbc,vehicle_can,WHEEL_SPEEDS,0x1d0,CHECKSUM,,59,4,motorola,False,1.0,0.0,,VEHICLE_PROTOCOL_DOCUMENTED,POWERTRAIN_ONLY
honda.fit.gen3.us.hybrid_2018,honda_fit_hybrid_2018_can_generated.dbc,vehicle_can,VEHICLE_DYNAMICS,0x1ea,LAT_ACCEL,,7,16,motorola,True,0.0015,0.0,m/s2,VEHICLE_PROTOCOL_DOCUMENTED,UNKNOWN
honda.fit.gen3.us.hybrid_2018,honda_fit_hybrid_2018_can_generated.dbc,vehicle_can,VEHICLE_DYNAMICS,0x1ea,LONG_ACCEL,,23,16,motorola,True,0.0015,0.0,m/s2,VEHICLE_PROTOCOL_DOCUMENTED,UNKNOWN
honda.fit.gen3.us.hybrid_2018,honda_fit_hybrid_2018_can_generated.dbc,vehicle_can,VEHICLE_DYNAMICS,0x1ea,COUNTER,,61,2,motorola,False,1.0,0.0,,VEHICLE_PROTOCOL_DOCUMENTED,UNKNOWN
honda.fit.gen3.us.hybrid_2018,honda_fit_hybrid_2018_can_generated.dbc,vehicle_can,VEHICLE_DYNAMICS,0x1ea,CHECKSUM,,59,4,motorola,False,1.0,0.0,,VEHICLE_PROTOCOL_DOCUMENTED,UNKNOWN
honda.fit.gen3.us.hybrid_2018,honda_fit_hybrid_2018_can_generated.dbc,vehicle_can,SEATBELT_STATUS,0x305,SEATBELT_DRIVER_LAMP,,7,1,motorola,False,1.0,0.0,,VEHICLE_PROTOCOL_DOCUMENTED,DISPLAY_RELEVANT
honda.fit.gen3.us.hybrid_2018,honda_fit_hybrid_2018_can_generated.dbc,vehicle_can,SEATBELT_STATUS,0x305,SEATBELT_PASS_UNLATCHED,,10,1,motorola,False,1.0,0.0,,VEHICLE_PROTOCOL_DOCUMENTED,DISPLAY_RELEVANT
honda.fit.gen3.us.hybrid_2018,honda_fit_hybrid_2018_can_generated.dbc,vehicle_can,SEATBELT_STATUS,0x305,SEATBELT_PASS_LATCHED,safety.seatbelt_passenger,11,1,motorola,False,1.0,0.0,,VEHICLE_PROTOCOL_DOCUMENTED,DISPLAY_RELEVANT
honda.fit.gen3.us.hybrid_2018,honda_fit_hybrid_2018_can_generated.dbc,vehicle_can,SEATBELT_STATUS,0x305,SEATBELT_DRIVER_UNLATCHED,,12,1,motorola,False,1.0,0.0,,VEHICLE_PROTOCOL_DOCUMENTED,DISPLAY_RELEVANT
honda.fit.gen3.us.hybrid_2018,honda_fit_hybrid_2018_can_generated.dbc,vehicle_can,SEATBELT_STATUS,0x305,SEATBELT_DRIVER_LATCHED,safety.seatbelt_driver,13,1,motorola,False,1.0,0.0,,CLUSTER_RELEVANT_SIGNAL_DOCUMENTED,DISPLAY_RELEVANT
honda.fit.gen3.us.hybrid_2018,honda_fit_hybrid_2018_can_generated.dbc,vehicle_can,SEATBELT_STATUS,0x305,PASS_AIRBAG_OFF,,14,1,motorola,False,1.0,0.0,,VEHICLE_PROTOCOL_DOCUMENTED,DISPLAY_RELEVANT
honda.fit.gen3.us.hybrid_2018,honda_fit_hybrid_2018_can_generated.dbc,vehicle_can,SEATBELT_STATUS,0x305,PASS_AIRBAG_ON,,15,1,motorola,False,1.0,0.0,,VEHICLE_PROTOCOL_DOCUMENTED,DISPLAY_RELEVANT
honda.fit.gen3.us.hybrid_2018,honda_fit_hybrid_2018_can_generated.dbc,vehicle_can,SEATBELT_STATUS,0x305,COUNTER,,53,2,motorola,False,1.0,0.0,,VEHICLE_PROTOCOL_DOCUMENTED,DISPLAY_RELEVANT
honda.fit.gen3.us.hybrid_2018,honda_fit_hybrid_2018_can_generated.dbc,vehicle_can,SEATBELT_STATUS,0x305,CHECKSUM,,51,4,motorola,False,1.0,0.0,,VEHICLE_PROTOCOL_DOCUMENTED,DISPLAY_RELEVANT
honda.fit.gen3.us.hybrid_2018,honda_fit_hybrid_2018_can_generated.dbc,vehicle_can,CAR_SPEED,0x309,ROUGH_CAR_SPEED,,23,8,motorola,False,1.0,0.0,mph,VEHICLE_PROTOCOL_DOCUMENTED,DISPLAY_RELEVANT
honda.fit.gen3.us.hybrid_2018,honda_fit_hybrid_2018_can_generated.dbc,vehicle_can,CAR_SPEED,0x309,CAR_SPEED,vehicle.speed,7,16,motorola,False,0.01,0.0,kph,CLUSTER_RELEVANT_SIGNAL_DOCUMENTED,DISPLAY_RELEVANT
honda.fit.gen3.us.hybrid_2018,honda_fit_hybrid_2018_can_generated.dbc,vehicle_can,CAR_SPEED,0x309,ROUGH_CAR_SPEED_3,,39,16,motorola,False,0.01,0.0,kph,VEHICLE_PROTOCOL_DOCUMENTED,DISPLAY_RELEVANT
honda.fit.gen3.us.hybrid_2018,honda_fit_hybrid_2018_can_generated.dbc,vehicle_can,CAR_SPEED,0x309,ROUGH_CAR_SPEED_2,,31,8,motorola,False,1.0,0.0,mph,VEHICLE_PROTOCOL_DOCUMENTED,DISPLAY_RELEVANT
honda.fit.gen3.us.hybrid_2018,honda_fit_hybrid_2018_can_generated.dbc,vehicle_can,CAR_SPEED,0x309,LOCK_STATUS,,55,2,motorola,False,1.0,0.0,,VEHICLE_PROTOCOL_DOCUMENTED,DISPLAY_RELEVANT
honda.fit.gen3.us.hybrid_2018,honda_fit_hybrid_2018_can_generated.dbc,vehicle_can,CAR_SPEED,0x309,COUNTER,,61,2,motorola,False,1.0,0.0,,VEHICLE_PROTOCOL_DOCUMENTED,DISPLAY_RELEVANT
honda.fit.gen3.us.hybrid_2018,honda_fit_hybrid_2018_can_generated.dbc,vehicle_can,CAR_SPEED,0x309,CHECKSUM,,59,4,motorola,False,1.0,0.0,,VEHICLE_PROTOCOL_DOCUMENTED,DISPLAY_RELEVANT
honda.fit.gen3.us.hybrid_2018,honda_fit_hybrid_2018_can_generated.dbc,vehicle_can,CAR_SPEED,0x309,IMPERIAL_UNIT,,63,1,motorola,False,1.0,0.0,,VEHICLE_PROTOCOL_DOCUMENTED,DISPLAY_RELEVANT
honda.fit.gen3.us.hybrid_2018,honda_fit_hybrid_2018_can_generated.dbc,vehicle_can,ACC_HUD,0x30c,PCM_SPEED,,7,16,motorola,False,0.01,0.0,kph,VEHICLE_PROTOCOL_DOCUMENTED,ADAS_ONLY
honda.fit.gen3.us.hybrid_2018,honda_fit_hybrid_2018_can_generated.dbc,vehicle_can,ACC_HUD,0x30c,PCM_GAS,,23,8,motorola,False,1.0,0.0,,VEHICLE_PROTOCOL_DOCUMENTED,ADAS_ONLY
honda.fit.gen3.us.hybrid_2018,honda_fit_hybrid_2018_can_generated.dbc,vehicle_can,ACC_HUD,0x30c,CRUISE_SPEED,,31,8,motorola,False,1.0,0.0,kph,VEHICLE_PROTOCOL_DOCUMENTED,ADAS_ONLY
honda.fit.gen3.us.hybrid_2018,honda_fit_hybrid_2018_can_generated.dbc,vehicle_can,ACC_HUD,0x30c,DTC_MODE,,39,1,motorola,False,1.0,0.0,,VEHICLE_PROTOCOL_DOCUMENTED,ADAS_ONLY
honda.fit.gen3.us.hybrid_2018,honda_fit_hybrid_2018_can_generated.dbc,vehicle_can,ACC_HUD,0x30c,BOH,,38,1,motorola,False,1.0,0.0,,VEHICLE_PROTOCOL_DOCUMENTED,ADAS_ONLY
honda.fit.gen3.us.hybrid_2018,honda_fit_hybrid_2018_can_generated.dbc,vehicle_can,ACC_HUD,0x30c,ACC_PROBLEM,,37,1,motorola,False,1.0,0.0,,VEHICLE_PROTOCOL_DOCUMENTED,ADAS_ONLY
honda.fit.gen3.us.hybrid_2018,honda_fit_hybrid_2018_can_generated.dbc,vehicle_can,ACC_HUD,0x30c,FCM_OFF,,35,1,motorola,False,1.0,0.0,,VEHICLE_PROTOCOL_DOCUMENTED,ADAS_ONLY
honda.fit.gen3.us.hybrid_2018,honda_fit_hybrid_2018_can_generated.dbc,vehicle_can,ACC_HUD,0x30c,FCM_OFF_2,,36,1,motorola,False,1.0,0.0,,VEHICLE_PROTOCOL_DOCUMENTED,ADAS_ONLY
honda.fit.gen3.us.hybrid_2018,honda_fit_hybrid_2018_can_generated.dbc,vehicle_can,ACC_HUD,0x30c,FCM_PROBLEM,,34,1,motorola,False,1.0,0.0,,VEHICLE_PROTOCOL_DOCUMENTED,ADAS_ONLY
honda.fit.gen3.us.hybrid_2018,honda_fit_hybrid_2018_can_generated.dbc,vehicle_can,ACC_HUD,0x30c,RADAR_OBSTRUCTED,,33,1,motorola,False,1.0,0.0,,VEHICLE_PROTOCOL_DOCUMENTED,ADAS_ONLY
honda.fit.gen3.us.hybrid_2018,honda_fit_hybrid_2018_can_generated.dbc,vehicle_can,ACC_HUD,0x30c,ENABLE_MINI_CAR,,32,1,motorola,False,1.0,0.0,,VEHICLE_PROTOCOL_DOCUMENTED,ADAS_ONLY
honda.fit.gen3.us.hybrid_2018,honda_fit_hybrid_2018_can_generated.dbc,vehicle_can,ACC_HUD,0x30c,HUD_DISTANCE,,47,2,motorola,False,1.0,0.0,,VEHICLE_PROTOCOL_DOCUMENTED,ADAS_ONLY
honda.fit.gen3.us.hybrid_2018,honda_fit_hybrid_2018_can_generated.dbc,vehicle_can,ACC_HUD,0x30c,HUD_LEAD,,45,2,motorola,False,1.0,0.0,,VEHICLE_PROTOCOL_DOCUMENTED,ADAS_ONLY
honda.fit.gen3.us.hybrid_2018,honda_fit_hybrid_2018_can_generated.dbc,vehicle_can,ACC_HUD,0x30c,BOH_3,,43,1,motorola,False,1.0,0.0,,VEHICLE_PROTOCOL_DOCUMENTED,ADAS_ONLY
honda.fit.gen3.us.hybrid_2018,honda_fit_hybrid_2018_can_generated.dbc,vehicle_can,ACC_HUD,0x30c,BOH_4,,42,1,motorola,False,1.0,0.0,,VEHICLE_PROTOCOL_DOCUMENTED,ADAS_ONLY
honda.fit.gen3.us.hybrid_2018,honda_fit_hybrid_2018_can_generated.dbc,vehicle_can,ACC_HUD,0x30c,BOH_5,,41,1,motorola,False,1.0,0.0,,VEHICLE_PROTOCOL_DOCUMENTED,ADAS_ONLY
honda.fit.gen3.us.hybrid_2018,honda_fit_hybrid_2018_can_generated.dbc,vehicle_can,ACC_HUD,0x30c,CRUISE_CONTROL_LABEL,,40,1,motorola,False,1.0,0.0,,VEHICLE_PROTOCOL_DOCUMENTED,ADAS_ONLY
honda.fit.gen3.us.hybrid_2018,honda_fit_hybrid_2018_can_generated.dbc,vehicle_can,ACC_HUD,0x30c,SET_ME_X01_2,,55,1,motorola,False,1.0,0.0,,VEHICLE_PROTOCOL_DOCUMENTED,ADAS_ONLY
honda.fit.gen3.us.hybrid_2018,honda_fit_hybrid_2018_can_generated.dbc,vehicle_can,ACC_HUD,0x30c,IMPERIAL_UNIT,,54,1,motorola,False,1.0,0.0,,VEHICLE_PROTOCOL_DOCUMENTED,ADAS_ONLY
honda.fit.gen3.us.hybrid_2018,honda_fit_hybrid_2018_can_generated.dbc,vehicle_can,ACC_HUD,0x30c,ACC_ON,,52,1,motorola,False,1.0,0.0,,VEHICLE_PROTOCOL_DOCUMENTED,ADAS_ONLY
honda.fit.gen3.us.hybrid_2018,honda_fit_hybrid_2018_can_generated.dbc,vehicle_can,ACC_HUD,0x30c,CHIME,,51,3,motorola,False,1.0,0.0,,VEHICLE_PROTOCOL_DOCUMENTED,ADAS_ONLY
honda.fit.gen3.us.hybrid_2018,honda_fit_hybrid_2018_can_generated.dbc,vehicle_can,ACC_HUD,0x30c,SET_ME_X01,,48,1,motorola,False,1.0,0.0,,VEHICLE_PROTOCOL_DOCUMENTED,ADAS_ONLY
honda.fit.gen3.us.hybrid_2018,honda_fit_hybrid_2018_can_generated.dbc,vehicle_can,ACC_HUD,0x30c,ICONS,,63,2,motorola,False,1.0,0.0,,VEHICLE_PROTOCOL_DOCUMENTED,ADAS_ONLY
honda.fit.gen3.us.hybrid_2018,honda_fit_hybrid_2018_can_generated.dbc,vehicle_can,ACC_HUD,0x30c,COUNTER,,61,2,motorola,False,1.0,0.0,,VEHICLE_PROTOCOL_DOCUMENTED,ADAS_ONLY
honda.fit.gen3.us.hybrid_2018,honda_fit_hybrid_2018_can_generated.dbc,vehicle_can,ACC_HUD,0x30c,CHECKSUM,,59,4,motorola,False,1.0,0.0,,VEHICLE_PROTOCOL_DOCUMENTED,ADAS_ONLY
honda.fit.gen3.us.hybrid_2018,honda_fit_hybrid_2018_can_generated.dbc,vehicle_can,CRUISE,0x324,HUD_SPEED_KPH,,7,8,motorola,False,1.0,0.0,kph,VEHICLE_PROTOCOL_DOCUMENTED,POWERTRAIN_ONLY
honda.fit.gen3.us.hybrid_2018,honda_fit_hybrid_2018_can_generated.dbc,vehicle_can,CRUISE,0x324,HUD_SPEED_MPH,,15,8,motorola,False,1.0,0.0,mph,VEHICLE_PROTOCOL_DOCUMENTED,POWERTRAIN_ONLY
honda.fit.gen3.us.hybrid_2018,honda_fit_hybrid_2018_can_generated.dbc,vehicle_can,CRUISE,0x324,TRIP_FUEL_CONSUMED,,23,16,motorola,False,1.0,0.0,,VEHICLE_PROTOCOL_DOCUMENTED,POWERTRAIN_ONLY
honda.fit.gen3.us.hybrid_2018,honda_fit_hybrid_2018_can_generated.dbc,vehicle_can,CRUISE,0x324,CRUISE_SPEED_PCM,,39,8,motorola,False,1.0,0.0,,VEHICLE_PROTOCOL_DOCUMENTED,POWERTRAIN_ONLY
honda.fit.gen3.us.hybrid_2018,honda_fit_hybrid_2018_can_generated.dbc,vehicle_can,CRUISE,0x324,BOH2,,47,8,motorola,True,1.0,0.0,,VEHICLE_PROTOCOL_DOCUMENTED,POWERTRAIN_ONLY
honda.fit.gen3.us.hybrid_2018,honda_fit_hybrid_2018_can_generated.dbc,vehicle_can,CRUISE,0x324,BOH3,,55,8,motorola,False,1.0,0.0,,VEHICLE_PROTOCOL_DOCUMENTED,POWERTRAIN_ONLY
honda.fit.gen3.us.hybrid_2018,honda_fit_hybrid_2018_can_generated.dbc,vehicle_can,CRUISE,0x324,COUNTER,,61,2,motorola,False,1.0,0.0,,VEHICLE_PROTOCOL_DOCUMENTED,POWERTRAIN_ONLY
honda.fit.gen3.us.hybrid_2018,honda_fit_hybrid_2018_can_generated.dbc,vehicle_can,CRUISE,0x324,CHECKSUM,,59,4,motorola,False,1.0,0.0,,VEHICLE_PROTOCOL_DOCUMENTED,POWERTRAIN_ONLY
honda.fit.gen3.us.hybrid_2018,honda_fit_hybrid_2018_can_generated.dbc,vehicle_can,STALK_STATUS,0x374,DASHBOARD_ALERT,,39,8,motorola,False,1.0,0.0,,VEHICLE_PROTOCOL_DOCUMENTED,BODY_RELEVANT
honda.fit.gen3.us.hybrid_2018,honda_fit_hybrid_2018_can_generated.dbc,vehicle_can,STALK_STATUS,0x374,AUTO_HEADLIGHTS,,46,1,motorola,False,1.0,0.0,,VEHICLE_PROTOCOL_DOCUMENTED,BODY_RELEVANT
honda.fit.gen3.us.hybrid_2018,honda_fit_hybrid_2018_can_generated.dbc,vehicle_can,STALK_STATUS,0x374,HIGH_BEAM_HOLD,,47,1,motorola,False,1.0,0.0,,VEHICLE_PROTOCOL_DOCUMENTED,BODY_RELEVANT
honda.fit.gen3.us.hybrid_2018,honda_fit_hybrid_2018_can_generated.dbc,vehicle_can,STALK_STATUS,0x374,HIGH_BEAM_FLASH,,45,1,motorola,False,1.0,0.0,,VEHICLE_PROTOCOL_DOCUMENTED,BODY_RELEVANT
honda.fit.gen3.us.hybrid_2018,honda_fit_hybrid_2018_can_generated.dbc,vehicle_can,STALK_STATUS,0x374,HEADLIGHTS_ON,lighting.headlights_on,54,1,motorola,False,1.0,0.0,,VEHICLE_PROTOCOL_DOCUMENTED,BODY_RELEVANT
honda.fit.gen3.us.hybrid_2018,honda_fit_hybrid_2018_can_generated.dbc,vehicle_can,STALK_STATUS,0x374,WIPER_SWITCH,,53,2,motorola,False,1.0,0.0,,VEHICLE_PROTOCOL_DOCUMENTED,BODY_RELEVANT
honda.fit.gen3.us.hybrid_2018,honda_fit_hybrid_2018_can_generated.dbc,vehicle_can,STALK_STATUS,0x374,COUNTER,,61,2,motorola,False,1.0,0.0,,VEHICLE_PROTOCOL_DOCUMENTED,BODY_RELEVANT
honda.fit.gen3.us.hybrid_2018,honda_fit_hybrid_2018_can_generated.dbc,vehicle_can,STALK_STATUS,0x374,CHECKSUM,,59,4,motorola,False,1.0,0.0,,VEHICLE_PROTOCOL_DOCUMENTED,BODY_RELEVANT
honda.fit.gen3.us.hybrid_2018,honda_fit_hybrid_2018_can_generated.dbc,vehicle_can,STALK_STATUS_2,0x37b,WIPERS,,17,2,motorola,False,1.0,0.0,,VEHICLE_PROTOCOL_DOCUMENTED,DISPLAY_RELEVANT
honda.fit.gen3.us.hybrid_2018,honda_fit_hybrid_2018_can_generated.dbc,vehicle_can,STALK_STATUS_2,0x37b,LOW_BEAMS,lighting.low_beam,35,1,motorola,False,1.0,0.0,,CLUSTER_RELEVANT_SIGNAL_DOCUMENTED,DISPLAY_RELEVANT
honda.fit.gen3.us.hybrid_2018,honda_fit_hybrid_2018_can_generated.dbc,vehicle_can,STALK_STATUS_2,0x37b,HIGH_BEAMS,lighting.high_beam,34,1,motorola,False,1.0,0.0,,CLUSTER_RELEVANT_SIGNAL_DOCUMENTED,DISPLAY_RELEVANT
honda.fit.gen3.us.hybrid_2018,honda_fit_hybrid_2018_can_generated.dbc,vehicle_can,STALK_STATUS_2,0x37b,PARK_LIGHTS,,36,1,motorola,False,1.0,0.0,,VEHICLE_PROTOCOL_DOCUMENTED,DISPLAY_RELEVANT
honda.fit.gen3.us.hybrid_2018,honda_fit_hybrid_2018_can_generated.dbc,vehicle_can,STALK_STATUS_2,0x37b,COUNTER,,61,2,motorola,False,1.0,0.0,,VEHICLE_PROTOCOL_DOCUMENTED,DISPLAY_RELEVANT
honda.fit.gen3.us.hybrid_2018,honda_fit_hybrid_2018_can_generated.dbc,vehicle_can,STALK_STATUS_2,0x37b,CHECKSUM,,59,4,motorola,False,1.0,0.0,,VEHICLE_PROTOCOL_DOCUMENTED,DISPLAY_RELEVANT
honda.fit.gen3.us.hybrid_2018,honda_fit_hybrid_2018_can_generated.dbc,vehicle_can,DOORS_STATUS,0x405,DOOR_OPEN_FL,body.driver_door,37,1,motorola,False,1.0,0.0,,CLUSTER_RELEVANT_SIGNAL_DOCUMENTED,DISPLAY_RELEVANT
honda.fit.gen3.us.hybrid_2018,honda_fit_hybrid_2018_can_generated.dbc,vehicle_can,DOORS_STATUS,0x405,DOOR_OPEN_FR,body.passenger_door,38,1,motorola,False,1.0,0.0,,CLUSTER_RELEVANT_SIGNAL_DOCUMENTED,DISPLAY_RELEVANT
honda.fit.gen3.us.hybrid_2018,honda_fit_hybrid_2018_can_generated.dbc,vehicle_can,DOORS_STATUS,0x405,DOOR_OPEN_RL,body.rear_left_door,39,1,motorola,False,1.0,0.0,,VEHICLE_PROTOCOL_DOCUMENTED,DISPLAY_RELEVANT
honda.fit.gen3.us.hybrid_2018,honda_fit_hybrid_2018_can_generated.dbc,vehicle_can,DOORS_STATUS,0x405,DOOR_OPEN_RR,body.rear_right_door,40,1,motorola,False,1.0,0.0,,VEHICLE_PROTOCOL_DOCUMENTED,DISPLAY_RELEVANT
honda.fit.gen3.us.hybrid_2018,honda_fit_hybrid_2018_can_generated.dbc,vehicle_can,DOORS_STATUS,0x405,TRUNK_OPEN,body.trunk,41,1,motorola,False,1.0,0.0,,CLUSTER_RELEVANT_SIGNAL_DOCUMENTED,DISPLAY_RELEVANT
honda.fit.gen3.us.hybrid_2018,honda_fit_hybrid_2018_can_generated.dbc,vehicle_can,DOORS_STATUS,0x405,COUNTER,,61,2,motorola,False,1.0,0.0,,VEHICLE_PROTOCOL_DOCUMENTED,DISPLAY_RELEVANT
honda.fit.gen3.us.hybrid_2018,honda_fit_hybrid_2018_can_generated.dbc,vehicle_can,DOORS_STATUS,0x405,CHECKSUM,,59,4,motorola,False,1.0,0.0,,VEHICLE_PROTOCOL_DOCUMENTED,DISPLAY_RELEVANT
honda.fit.gen3.us.hybrid_2018,honda_fit_hybrid_2018_can_generated.dbc,vehicle_can,KINEMATICS,0x91,LAT_ACCEL,,7,10,motorola,False,0.02,-512.0,m/s2,VEHICLE_PROTOCOL_DOCUMENTED,UNKNOWN
honda.fit.gen3.us.hybrid_2018,honda_fit_hybrid_2018_can_generated.dbc,vehicle_can,KINEMATICS,0x91,COUNTER,,61,2,motorola,False,1.0,0.0,,VEHICLE_PROTOCOL_DOCUMENTED,UNKNOWN
honda.fit.gen3.us.hybrid_2018,honda_fit_hybrid_2018_can_generated.dbc,vehicle_can,KINEMATICS,0x91,CHECKSUM,,59,4,motorola,False,1.0,0.0,,VEHICLE_PROTOCOL_DOCUMENTED,UNKNOWN
honda.fit.gen3.us.hybrid_2018,honda_fit_hybrid_2018_can_generated.dbc,vehicle_can,KINEMATICS_ALT,0x94,LAT_ACCEL,,7,10,motorola,False,0.02,-512.0,m/s2,VEHICLE_PROTOCOL_DOCUMENTED,UNKNOWN
honda.fit.gen3.us.hybrid_2018,honda_fit_hybrid_2018_can_generated.dbc,vehicle_can,KINEMATICS_ALT,0x94,LONG_ACCEL,,24,9,motorola,True,-0.02,0.0,m/s2,VEHICLE_PROTOCOL_DOCUMENTED,UNKNOWN
honda.fit.gen3.us.hybrid_2018,honda_fit_hybrid_2018_can_generated.dbc,vehicle_can,KINEMATICS_ALT,0x94,CHECKSUM,,59,4,motorola,False,1.0,0.0,,VEHICLE_PROTOCOL_DOCUMENTED,UNKNOWN
honda.fit.gen3.us.hybrid_2018,honda_fit_hybrid_2018_can_generated.dbc,vehicle_can,KINEMATICS_ALT,0x94,COUNTER,,61,2,motorola,False,1.0,0.0,,VEHICLE_PROTOCOL_DOCUMENTED,UNKNOWN
honda.fit.gen3.us.hybrid_2018,honda_fit_hybrid_2018_can_generated.dbc,vehicle_can,STANDSTILL,0x1b0,CONTROLLED_STANDSTILL,,0,1,motorola,False,1.0,0.0,,VEHICLE_PROTOCOL_DOCUMENTED,POWERTRAIN_ONLY
honda.fit.gen3.us.hybrid_2018,honda_fit_hybrid_2018_can_generated.dbc,vehicle_can,STANDSTILL,0x1b0,WHEELS_MOVING,,12,1,motorola,False,1.0,0.0,,VEHICLE_PROTOCOL_DOCUMENTED,POWERTRAIN_ONLY
honda.fit.gen3.us.hybrid_2018,honda_fit_hybrid_2018_can_generated.dbc,vehicle_can,STANDSTILL,0x1b0,BRAKE_ERROR_1,,11,1,motorola,False,1.0,0.0,,VEHICLE_PROTOCOL_DOCUMENTED,POWERTRAIN_ONLY
honda.fit.gen3.us.hybrid_2018,honda_fit_hybrid_2018_can_generated.dbc,vehicle_can,STANDSTILL,0x1b0,BRAKE_ERROR_2,,9,1,motorola,False,1.0,0.0,,VEHICLE_PROTOCOL_DOCUMENTED,POWERTRAIN_ONLY
honda.fit.gen3.us.hybrid_2018,honda_fit_hybrid_2018_can_generated.dbc,vehicle_can,STANDSTILL,0x1b0,COUNTER,,53,2,motorola,False,1.0,0.0,,VEHICLE_PROTOCOL_DOCUMENTED,POWERTRAIN_ONLY
honda.fit.gen3.us.hybrid_2018,honda_fit_hybrid_2018_can_generated.dbc,vehicle_can,STANDSTILL,0x1b0,CHECKSUM,,51,4,motorola,False,1.0,0.0,,VEHICLE_PROTOCOL_DOCUMENTED,POWERTRAIN_ONLY
honda.fit.gen3.us.hybrid_2018,honda_fit_hybrid_2018_can_generated.dbc,vehicle_can,BRAKE_PRESSURE,0x1e7,BRAKE_PRESSURE1,,7,10,motorola,False,0.015625,-103.0,,VEHICLE_PROTOCOL_DOCUMENTED,UNKNOWN
honda.fit.gen3.us.hybrid_2018,honda_fit_hybrid_2018_can_generated.dbc,vehicle_can,BRAKE_PRESSURE,0x1e7,BRAKE_PRESSURE2,,9,10,motorola,False,0.015625,-103.0,,VEHICLE_PROTOCOL_DOCUMENTED,UNKNOWN
honda.fit.gen3.us.hybrid_2018,honda_fit_hybrid_2018_can_generated.dbc,vehicle_can,BRAKE_PRESSURE,0x1e7,CHECKSUM,,27,4,motorola,False,1.0,0.0,,VEHICLE_PROTOCOL_DOCUMENTED,UNKNOWN
honda.fit.gen3.us.hybrid_2018,honda_fit_hybrid_2018_can_generated.dbc,vehicle_can,BRAKE_PRESSURE,0x1e7,COUNTER,,29,2,motorola,False,1.0,0.0,,VEHICLE_PROTOCOL_DOCUMENTED,UNKNOWN
honda.fit.gen3.us.hybrid_2018,honda_fit_hybrid_2018_can_generated.dbc,vehicle_can,BRAKE_COMMAND,0x1fa,COMPUTER_BRAKE,,7,10,motorola,False,1.0,0.0,,VEHICLE_PROTOCOL_DOCUMENTED,ADAS_ONLY
honda.fit.gen3.us.hybrid_2018,honda_fit_hybrid_2018_can_generated.dbc,vehicle_can,BRAKE_COMMAND,0x1fa,BRAKE_PUMP_REQUEST,,8,1,motorola,False,1.0,0.0,,VEHICLE_PROTOCOL_DOCUMENTED,ADAS_ONLY
honda.fit.gen3.us.hybrid_2018,honda_fit_hybrid_2018_can_generated.dbc,vehicle_can,BRAKE_COMMAND,0x1fa,BRAKE_PUMP_REQUEST_ALT,,11,1,motorola,False,1.0,0.0,,VEHICLE_PROTOCOL_DOCUMENTED,ADAS_ONLY
honda.fit.gen3.us.hybrid_2018,honda_fit_hybrid_2018_can_generated.dbc,vehicle_can,BRAKE_COMMAND,0x1fa,SET_ME_X00,,23,3,motorola,False,1.0,0.0,,VEHICLE_PROTOCOL_DOCUMENTED,ADAS_ONLY
honda.fit.gen3.us.hybrid_2018,honda_fit_hybrid_2018_can_generated.dbc,vehicle_can,BRAKE_COMMAND,0x1fa,CRUISE_OVERRIDE,,20,1,motorola,False,1.0,0.0,,VEHICLE_PROTOCOL_DOCUMENTED,ADAS_ONLY
honda.fit.gen3.us.hybrid_2018,honda_fit_hybrid_2018_can_generated.dbc,vehicle_can,BRAKE_COMMAND,0x1fa,SET_ME_X00_2,,19,1,motorola,False,1.0,0.0,,VEHICLE_PROTOCOL_DOCUMENTED,ADAS_ONLY
honda.fit.gen3.us.hybrid_2018,honda_fit_hybrid_2018_can_generated.dbc,vehicle_can,BRAKE_COMMAND,0x1fa,CRUISE_FAULT_CMD,,18,1,motorola,False,1.0,0.0,,VEHICLE_PROTOCOL_DOCUMENTED,ADAS_ONLY
honda.fit.gen3.us.hybrid_2018,honda_fit_hybrid_2018_can_generated.dbc,vehicle_can,BRAKE_COMMAND,0x1fa,CRUISE_CANCEL_CMD,,17,1,motorola,False,1.0,0.0,,VEHICLE_PROTOCOL_DOCUMENTED,ADAS_ONLY
honda.fit.gen3.us.hybrid_2018,honda_fit_hybrid_2018_can_generated.dbc,vehicle_can,BRAKE_COMMAND,0x1fa,COMPUTER_BRAKE_REQUEST,,16,1,motorola,False,1.0,0.0,,VEHICLE_PROTOCOL_DOCUMENTED,ADAS_ONLY
honda.fit.gen3.us.hybrid_2018,honda_fit_hybrid_2018_can_generated.dbc,vehicle_can,BRAKE_COMMAND,0x1fa,SET_ME_1,,31,1,motorola,False,1.0,0.0,,VEHICLE_PROTOCOL_DOCUMENTED,ADAS_ONLY
honda.fit.gen3.us.hybrid_2018,honda_fit_hybrid_2018_can_generated.dbc,vehicle_can,BRAKE_COMMAND,0x1fa,AEB_REQ_1,,29,1,motorola,False,1.0,0.0,,VEHICLE_PROTOCOL_DOCUMENTED,ADAS_ONLY
honda.fit.gen3.us.hybrid_2018,honda_fit_hybrid_2018_can_generated.dbc,vehicle_can,BRAKE_COMMAND,0x1fa,AEB_REQ_2,,26,3,motorola,False,1.0,0.0,,VEHICLE_PROTOCOL_DOCUMENTED,ADAS_ONLY
honda.fit.gen3.us.hybrid_2018,honda_fit_hybrid_2018_can_generated.dbc,vehicle_can,BRAKE_COMMAND,0x1fa,BRAKE_LIGHTS,,39,1,motorola,False,1.0,0.0,,VEHICLE_PROTOCOL_DOCUMENTED,ADAS_ONLY
honda.fit.gen3.us.hybrid_2018,honda_fit_hybrid_2018_can_generated.dbc,vehicle_can,BRAKE_COMMAND,0x1fa,CRUISE_STATES,,38,7,motorola,False,1.0,0.0,,VEHICLE_PROTOCOL_DOCUMENTED,ADAS_ONLY
honda.fit.gen3.us.hybrid_2018,honda_fit_hybrid_2018_can_generated.dbc,vehicle_can,BRAKE_COMMAND,0x1fa,CHIME,,47,3,motorola,False,1.0,0.0,,VEHICLE_PROTOCOL_DOCUMENTED,ADAS_ONLY
honda.fit.gen3.us.hybrid_2018,honda_fit_hybrid_2018_can_generated.dbc,vehicle_can,BRAKE_COMMAND,0x1fa,SET_ME_X00_3,,44,1,motorola,False,1.0,0.0,,VEHICLE_PROTOCOL_DOCUMENTED,ADAS_ONLY
honda.fit.gen3.us.hybrid_2018,honda_fit_hybrid_2018_can_generated.dbc,vehicle_can,BRAKE_COMMAND,0x1fa,FCW,,43,2,motorola,False,1.0,0.0,,VEHICLE_PROTOCOL_DOCUMENTED,ADAS_ONLY
honda.fit.gen3.us.hybrid_2018,honda_fit_hybrid_2018_can_generated.dbc,vehicle_can,BRAKE_COMMAND,0x1fa,AEB_STATUS,,41,2,motorola,False,1.0,0.0,,VEHICLE_PROTOCOL_DOCUMENTED,ADAS_ONLY
honda.fit.gen3.us.hybrid_2018,honda_fit_hybrid_2018_can_generated.dbc,vehicle_can,BRAKE_COMMAND,0x1fa,COMPUTER_BRAKE_ALT,,55,10,motorola,False,1.0,0.0,,VEHICLE_PROTOCOL_DOCUMENTED,ADAS_ONLY
honda.fit.gen3.us.hybrid_2018,honda_fit_hybrid_2018_can_generated.dbc,vehicle_can,BRAKE_COMMAND,0x1fa,COUNTER,,61,2,motorola,False,1.0,0.0,,VEHICLE_PROTOCOL_DOCUMENTED,ADAS_ONLY
honda.fit.gen3.us.hybrid_2018,honda_fit_hybrid_2018_can_generated.dbc,vehicle_can,BRAKE_COMMAND,0x1fa,CHECKSUM,,59,4,motorola,False,1.0,0.0,,VEHICLE_PROTOCOL_DOCUMENTED,ADAS_ONLY
honda.fit.gen3.us.hybrid_2018,honda_fit_hybrid_2018_can_generated.dbc,vehicle_can,ROUGH_WHEEL_SPEED,0x255,WHEEL_SPEED_FL,,7,8,motorola,False,1.0,0.0,mph,VEHICLE_PROTOCOL_DOCUMENTED,POWERTRAIN_ONLY
honda.fit.gen3.us.hybrid_2018,honda_fit_hybrid_2018_can_generated.dbc,vehicle_can,ROUGH_WHEEL_SPEED,0x255,WHEEL_SPEED_FR,,15,8,motorola,False,1.0,0.0,mph,VEHICLE_PROTOCOL_DOCUMENTED,POWERTRAIN_ONLY
honda.fit.gen3.us.hybrid_2018,honda_fit_hybrid_2018_can_generated.dbc,vehicle_can,ROUGH_WHEEL_SPEED,0x255,WHEEL_SPEED_RL,,23,8,motorola,False,1.0,0.0,mph,VEHICLE_PROTOCOL_DOCUMENTED,POWERTRAIN_ONLY
honda.fit.gen3.us.hybrid_2018,honda_fit_hybrid_2018_can_generated.dbc,vehicle_can,ROUGH_WHEEL_SPEED,0x255,WHEEL_SPEED_RR,,31,8,motorola,False,1.0,0.0,mph,VEHICLE_PROTOCOL_DOCUMENTED,POWERTRAIN_ONLY
honda.fit.gen3.us.hybrid_2018,honda_fit_hybrid_2018_can_generated.dbc,vehicle_can,ROUGH_WHEEL_SPEED,0x255,SET_TO_X55,,39,8,motorola,False,1.0,0.0,,VEHICLE_PROTOCOL_DOCUMENTED,POWERTRAIN_ONLY
honda.fit.gen3.us.hybrid_2018,honda_fit_hybrid_2018_can_generated.dbc,vehicle_can,ROUGH_WHEEL_SPEED,0x255,SET_TO_X55_2,,47,8,motorola,False,1.0,0.0,,VEHICLE_PROTOCOL_DOCUMENTED,POWERTRAIN_ONLY
honda.fit.gen3.us.hybrid_2018,honda_fit_hybrid_2018_can_generated.dbc,vehicle_can,ROUGH_WHEEL_SPEED,0x255,COUNTER,,61,2,motorola,False,1.0,0.0,,VEHICLE_PROTOCOL_DOCUMENTED,POWERTRAIN_ONLY
honda.fit.gen3.us.hybrid_2018,honda_fit_hybrid_2018_can_generated.dbc,vehicle_can,ROUGH_WHEEL_SPEED,0x255,CHECKSUM,,59,4,motorola,False,1.0,0.0,,VEHICLE_PROTOCOL_DOCUMENTED,POWERTRAIN_ONLY
honda.fit.gen3.us.hybrid_2018,honda_fit_hybrid_2018_can_generated.dbc,vehicle_can,LKAS_HUD,0x33d,CAM_TEMP_HIGH,,7,1,motorola,False,1.0,0.0,,VEHICLE_PROTOCOL_DOCUMENTED,ADAS_ONLY
honda.fit.gen3.us.hybrid_2018,honda_fit_hybrid_2018_can_generated.dbc,vehicle_can,LKAS_HUD,0x33d,SET_ME_X41,,6,7,motorola,False,1.0,0.0,,VEHICLE_PROTOCOL_DOCUMENTED,ADAS_ONLY
honda.fit.gen3.us.hybrid_2018,honda_fit_hybrid_2018_can_generated.dbc,vehicle_can,LKAS_HUD,0x33d,BOH,,6,7,motorola,False,1.0,0.0,,VEHICLE_PROTOCOL_DOCUMENTED,ADAS_ONLY
honda.fit.gen3.us.hybrid_2018,honda_fit_hybrid_2018_can_generated.dbc,vehicle_can,LKAS_HUD,0x33d,DASHED_LANES,,14,1,motorola,False,1.0,0.0,,VEHICLE_PROTOCOL_DOCUMENTED,ADAS_ONLY
honda.fit.gen3.us.hybrid_2018,honda_fit_hybrid_2018_can_generated.dbc,vehicle_can,LKAS_HUD,0x33d,DTC,,13,1,motorola,False,1.0,0.0,,VEHICLE_PROTOCOL_DOCUMENTED,ADAS_ONLY
honda.fit.gen3.us.hybrid_2018,honda_fit_hybrid_2018_can_generated.dbc,vehicle_can,LKAS_HUD,0x33d,LKAS_PROBLEM,,12,1,motorola,False,1.0,0.0,,VEHICLE_PROTOCOL_DOCUMENTED,ADAS_ONLY
honda.fit.gen3.us.hybrid_2018,honda_fit_hybrid_2018_can_generated.dbc,vehicle_can,LKAS_HUD,0x33d,LKAS_OFF,,11,1,motorola,False,1.0,0.0,,VEHICLE_PROTOCOL_DOCUMENTED,ADAS_ONLY
honda.fit.gen3.us.hybrid_2018,honda_fit_hybrid_2018_can_generated.dbc,vehicle_can,LKAS_HUD,0x33d,SOLID_LANES,,10,1,motorola,False,1.0,0.0,,VEHICLE_PROTOCOL_DOCUMENTED,ADAS_ONLY
honda.fit.gen3.us.hybrid_2018,honda_fit_hybrid_2018_can_generated.dbc,vehicle_can,LKAS_HUD,0x33d,LDW_RIGHT,,9,1,motorola,False,1.0,0.0,,VEHICLE_PROTOCOL_DOCUMENTED,ADAS_ONLY
honda.fit.gen3.us.hybrid_2018,honda_fit_hybrid_2018_can_generated.dbc,vehicle_can,LKAS_HUD,0x33d,STEERING_REQUIRED,,8,1,motorola,False,1.0,0.0,,VEHICLE_PROTOCOL_DOCUMENTED,ADAS_ONLY
honda.fit.gen3.us.hybrid_2018,honda_fit_hybrid_2018_can_generated.dbc,vehicle_can,LKAS_HUD,0x33d,BOH_2,,23,2,motorola,False,1.0,0.0,,VEHICLE_PROTOCOL_DOCUMENTED,ADAS_ONLY
honda.fit.gen3.us.hybrid_2018,honda_fit_hybrid_2018_can_generated.dbc,vehicle_can,LKAS_HUD,0x33d,LDW_PROBLEM,,21,1,motorola,False,1.0,0.0,,VEHICLE_PROTOCOL_DOCUMENTED,ADAS_ONLY
honda.fit.gen3.us.hybrid_2018,honda_fit_hybrid_2018_can_generated.dbc,vehicle_can,LKAS_HUD,0x33d,BEEP,,17,2,motorola,False,1.0,0.0,,VEHICLE_PROTOCOL_DOCUMENTED,ADAS_ONLY
honda.fit.gen3.us.hybrid_2018,honda_fit_hybrid_2018_can_generated.dbc,vehicle_can,LKAS_HUD,0x33d,LDW_ON,,28,1,motorola,False,1.0,0.0,,VEHICLE_PROTOCOL_DOCUMENTED,ADAS_ONLY
honda.fit.gen3.us.hybrid_2018,honda_fit_hybrid_2018_can_generated.dbc,vehicle_can,LKAS_HUD,0x33d,LDW_OFF,,27,1,motorola,False,1.0,0.0,,VEHICLE_PROTOCOL_DOCUMENTED,ADAS_ONLY
honda.fit.gen3.us.hybrid_2018,honda_fit_hybrid_2018_can_generated.dbc,vehicle_can,LKAS_HUD,0x33d,CLEAN_WINDSHIELD,,26,1,motorola,False,1.0,0.0,,VEHICLE_PROTOCOL_DOCUMENTED,ADAS_ONLY
honda.fit.gen3.us.hybrid_2018,honda_fit_hybrid_2018_can_generated.dbc,vehicle_can,LKAS_HUD,0x33d,SET_ME_X48,,31,8,motorola,False,1.0,0.0,,VEHICLE_PROTOCOL_DOCUMENTED,ADAS_ONLY
honda.fit.gen3.us.hybrid_2018,honda_fit_hybrid_2018_can_generated.dbc,vehicle_can,LKAS_HUD,0x33d,COUNTER,,37,2,motorola,False,1.0,0.0,,VEHICLE_PROTOCOL_DOCUMENTED,ADAS_ONLY
honda.fit.gen3.us.hybrid_2018,honda_fit_hybrid_2018_can_generated.dbc,vehicle_can,LKAS_HUD,0x33d,CHECKSUM,,35,4,motorola,False,1.0,0.0,,VEHICLE_PROTOCOL_DOCUMENTED,ADAS_ONLY
honda.fit.gen3.us.hybrid_2018,honda_fit_hybrid_2018_can_generated.dbc,vehicle_can,CRUISE_PARAMS,0x37c,CRUISE_SPEED_OFFSET,,31,8,motorola,True,0.1,0.0,kph,VEHICLE_PROTOCOL_DOCUMENTED,POWERTRAIN_ONLY
honda.fit.gen3.us.hybrid_2018,honda_fit_hybrid_2018_can_generated.dbc,vehicle_can,CRUISE_PARAMS,0x37c,CHECKSUM,,59,4,motorola,False,1.0,0.0,,VEHICLE_PROTOCOL_DOCUMENTED,POWERTRAIN_ONLY
honda.fit.gen3.us.hybrid_2018,honda_fit_hybrid_2018_can_generated.dbc,vehicle_can,CRUISE_PARAMS,0x37c,COUNTER,,61,2,motorola,False,1.0,0.0,,VEHICLE_PROTOCOL_DOCUMENTED,POWERTRAIN_ONLY
honda.fit.gen3.us.hybrid_2018,honda_fit_hybrid_2018_can_generated.dbc,vehicle_can,STEERING_CONTROL,0xe4,STEER_TORQUE,,7,16,motorola,True,1.0,0.0,,VEHICLE_PROTOCOL_DOCUMENTED,ADAS_ONLY
honda.fit.gen3.us.hybrid_2018,honda_fit_hybrid_2018_can_generated.dbc,vehicle_can,STEERING_CONTROL,0xe4,STEER_TORQUE_REQUEST,,23,1,motorola,False,1.0,0.0,,VEHICLE_PROTOCOL_DOCUMENTED,ADAS_ONLY
honda.fit.gen3.us.hybrid_2018,honda_fit_hybrid_2018_can_generated.dbc,vehicle_can,STEERING_CONTROL,0xe4,SET_ME_X00,,22,7,motorola,False,1.0,0.0,,VEHICLE_PROTOCOL_DOCUMENTED,ADAS_ONLY
honda.fit.gen3.us.hybrid_2018,honda_fit_hybrid_2018_can_generated.dbc,vehicle_can,STEERING_CONTROL,0xe4,SET_ME_X00_2,,31,8,motorola,False,1.0,0.0,,VEHICLE_PROTOCOL_DOCUMENTED,ADAS_ONLY
honda.fit.gen3.us.hybrid_2018,honda_fit_hybrid_2018_can_generated.dbc,vehicle_can,STEERING_CONTROL,0xe4,COUNTER,,37,2,motorola,False,1.0,0.0,,VEHICLE_PROTOCOL_DOCUMENTED,ADAS_ONLY
honda.fit.gen3.us.hybrid_2018,honda_fit_hybrid_2018_can_generated.dbc,vehicle_can,STEERING_CONTROL,0xe4,CHECKSUM,,35,4,motorola,False,1.0,0.0,,VEHICLE_PROTOCOL_DOCUMENTED,ADAS_ONLY
honda.fit.gen3.us.hybrid_2018,honda_fit_hybrid_2018_can_generated.dbc,vehicle_can,STEERING_SENSORS,0x156,STEER_ANGLE,chassis.steering_angle,7,16,motorola,True,-0.1,0.0,deg,VEHICLE_PROTOCOL_DOCUMENTED,UNKNOWN
honda.fit.gen3.us.hybrid_2018,honda_fit_hybrid_2018_can_generated.dbc,vehicle_can,STEERING_SENSORS,0x156,STEER_ANGLE_RATE,,23,16,motorola,True,1.0,0.0,deg/s,VEHICLE_PROTOCOL_DOCUMENTED,UNKNOWN
honda.fit.gen3.us.hybrid_2018,honda_fit_hybrid_2018_can_generated.dbc,vehicle_can,STEERING_SENSORS,0x156,COUNTER,,45,2,motorola,False,1.0,0.0,,VEHICLE_PROTOCOL_DOCUMENTED,UNKNOWN
honda.fit.gen3.us.hybrid_2018,honda_fit_hybrid_2018_can_generated.dbc,vehicle_can,STEERING_SENSORS,0x156,CHECKSUM,,43,4,motorola,False,1.0,0.0,,VEHICLE_PROTOCOL_DOCUMENTED,UNKNOWN
honda.fit.gen3.us.hybrid_2018,honda_fit_hybrid_2018_can_generated.dbc,vehicle_can,STEER_STATUS,0x18f,STEER_TORQUE_SENSOR,,7,16,motorola,True,-1.0,0.0,tbd,VEHICLE_PROTOCOL_DOCUMENTED,UNKNOWN
honda.fit.gen3.us.hybrid_2018,honda_fit_hybrid_2018_can_generated.dbc,vehicle_can,STEER_STATUS,0x18f,STEER_ANGLE_RATE,,23,16,motorola,True,-0.1,0.0,deg/s,VEHICLE_PROTOCOL_DOCUMENTED,UNKNOWN
honda.fit.gen3.us.hybrid_2018,honda_fit_hybrid_2018_can_generated.dbc,vehicle_can,STEER_STATUS,0x18f,STEER_STATUS,,39,4,motorola,False,1.0,0.0,,VEHICLE_PROTOCOL_DOCUMENTED,UNKNOWN
honda.fit.gen3.us.hybrid_2018,honda_fit_hybrid_2018_can_generated.dbc,vehicle_can,STEER_STATUS,0x18f,STEER_CONTROL_ACTIVE,,35,1,motorola,False,1.0,0.0,,VEHICLE_PROTOCOL_DOCUMENTED,UNKNOWN
honda.fit.gen3.us.hybrid_2018,honda_fit_hybrid_2018_can_generated.dbc,vehicle_can,STEER_STATUS,0x18f,STEER_CONFIG_INDEX,,43,4,motorola,False,1.0,0.0,,VEHICLE_PROTOCOL_DOCUMENTED,UNKNOWN
honda.fit.gen3.us.hybrid_2018,honda_fit_hybrid_2018_can_generated.dbc,vehicle_can,STEER_STATUS,0x18f,COUNTER,,53,2,motorola,False,1.0,0.0,,VEHICLE_PROTOCOL_DOCUMENTED,UNKNOWN
honda.fit.gen3.us.hybrid_2018,honda_fit_hybrid_2018_can_generated.dbc,vehicle_can,STEER_STATUS,0x18f,CHECKSUM,,51,4,motorola,False,1.0,0.0,,VEHICLE_PROTOCOL_DOCUMENTED,UNKNOWN
honda.fit.gen3.us.hybrid_2018,honda_fit_hybrid_2018_can_generated.dbc,vehicle_can,GEARBOX,0x1a3,GEAR,,7,8,motorola,False,1.0,0.0,,VEHICLE_PROTOCOL_DOCUMENTED,DISPLAY_RELEVANT
honda.fit.gen3.us.hybrid_2018,honda_fit_hybrid_2018_can_generated.dbc,vehicle_can,GEARBOX,0x1a3,GEAR_SHIFTER,transmission.gear,35,4,motorola,False,1.0,0.0,,CLUSTER_RELEVANT_SIGNAL_DOCUMENTED,DISPLAY_RELEVANT
honda.fit.gen3.us.hybrid_2018,honda_fit_hybrid_2018_can_generated.dbc,vehicle_can,GEARBOX,0x1a3,COUNTER,,61,2,motorola,False,1.0,0.0,,VEHICLE_PROTOCOL_DOCUMENTED,DISPLAY_RELEVANT
honda.fit.gen3.us.hybrid_2018,honda_fit_hybrid_2018_can_generated.dbc,vehicle_can,GEARBOX,0x1a3,CHECKSUM,,59,4,motorola,False,1.0,0.0,,VEHICLE_PROTOCOL_DOCUMENTED,DISPLAY_RELEVANT
honda.fit.gen3.us.hybrid_2018,honda_fit_hybrid_2018_can_generated.dbc,vehicle_can,SCM_BUTTONS,0x1a6,CRUISE_BUTTONS,,7,3,motorola,False,1.0,0.0,,VEHICLE_PROTOCOL_DOCUMENTED,BODY_RELEVANT
honda.fit.gen3.us.hybrid_2018,honda_fit_hybrid_2018_can_generated.dbc,vehicle_can,SCM_BUTTONS,0x1a6,LIGHTS_SETTING,,1,2,motorola,False,1.0,0.0,,VEHICLE_PROTOCOL_DOCUMENTED,BODY_RELEVANT
honda.fit.gen3.us.hybrid_2018,honda_fit_hybrid_2018_can_generated.dbc,vehicle_can,SCM_BUTTONS,0x1a6,MAIN_ON,,47,1,motorola,False,1.0,0.0,,VEHICLE_PROTOCOL_DOCUMENTED,BODY_RELEVANT
honda.fit.gen3.us.hybrid_2018,honda_fit_hybrid_2018_can_generated.dbc,vehicle_can,SCM_BUTTONS,0x1a6,CRUISE_SETTING,,43,2,motorola,False,1.0,0.0,,VEHICLE_PROTOCOL_DOCUMENTED,BODY_RELEVANT
honda.fit.gen3.us.hybrid_2018,honda_fit_hybrid_2018_can_generated.dbc,vehicle_can,SCM_BUTTONS,0x1a6,COUNTER,,61,2,motorola,False,1.0,0.0,,VEHICLE_PROTOCOL_DOCUMENTED,BODY_RELEVANT
honda.fit.gen3.us.hybrid_2018,honda_fit_hybrid_2018_can_generated.dbc,vehicle_can,SCM_BUTTONS,0x1a6,CHECKSUM,,59,4,motorola,False,1.0,0.0,,VEHICLE_PROTOCOL_DOCUMENTED,BODY_RELEVANT
honda.fit.gen3.us.hybrid_2018,honda_fit_hybrid_2018_can_generated.dbc,vehicle_can,ECON_STATUS,0x221,ECON_ON,,23,1,motorola,False,1.0,0.0,,VEHICLE_PROTOCOL_DOCUMENTED,UNKNOWN
honda.fit.gen3.us.hybrid_2018,honda_fit_hybrid_2018_can_generated.dbc,vehicle_can,ECON_STATUS,0x221,CHECKSUM,,35,4,motorola,False,1.0,0.0,,VEHICLE_PROTOCOL_DOCUMENTED,UNKNOWN
honda.fit.gen3.us.hybrid_2018,honda_fit_hybrid_2018_can_generated.dbc,vehicle_can,ECON_STATUS,0x221,COUNTER,,37,2,motorola,False,1.0,0.0,,VEHICLE_PROTOCOL_DOCUMENTED,UNKNOWN
honda.fit.gen3.us.hybrid_2018,honda_fit_hybrid_2018_can_generated.dbc,vehicle_can,SCM_FEEDBACK,0x294,RIGHT_BLINKER,lighting.right_indicator,6,1,motorola,False,1.0,0.0,,CLUSTER_RELEVANT_SIGNAL_DOCUMENTED,DISPLAY_RELEVANT
honda.fit.gen3.us.hybrid_2018,honda_fit_hybrid_2018_can_generated.dbc,vehicle_can,SCM_FEEDBACK,0x294,LEFT_BLINKER,lighting.left_indicator,5,1,motorola,False,1.0,0.0,,CLUSTER_RELEVANT_SIGNAL_DOCUMENTED,DISPLAY_RELEVANT
honda.fit.gen3.us.hybrid_2018,honda_fit_hybrid_2018_can_generated.dbc,vehicle_can,SCM_FEEDBACK,0x294,WIPERS_SPEED,,4,2,motorola,False,1.0,0.0,,VEHICLE_PROTOCOL_DOCUMENTED,DISPLAY_RELEVANT
honda.fit.gen3.us.hybrid_2018,honda_fit_hybrid_2018_can_generated.dbc,vehicle_can,SCM_FEEDBACK,0x294,COUNTER,,61,2,motorola,False,1.0,0.0,,VEHICLE_PROTOCOL_DOCUMENTED,DISPLAY_RELEVANT
honda.fit.gen3.us.hybrid_2018,honda_fit_hybrid_2018_can_generated.dbc,vehicle_can,SCM_FEEDBACK,0x294,CHECKSUM,,59,4,motorola,False,1.0,0.0,,VEHICLE_PROTOCOL_DOCUMENTED,DISPLAY_RELEVANT
honda.fit.gen3.us.hybrid_2018,honda_fit_hybrid_2018_can_generated.dbc,vehicle_can,HIGHBEAM_CONTROL,0x35e,ZEROS_BOH,,7,50,motorola,False,1.0,0.0,,VEHICLE_PROTOCOL_DOCUMENTED,UNKNOWN
honda.fit.gen3.us.hybrid_2018,honda_fit_hybrid_2018_can_generated.dbc,vehicle_can,HIGHBEAM_CONTROL,0x35e,ZEROS_BOH_2,,48,4,intel,False,1.0,0.0,,VEHICLE_PROTOCOL_DOCUMENTED,UNKNOWN
honda.fit.gen3.us.hybrid_2018,honda_fit_hybrid_2018_can_generated.dbc,vehicle_can,HIGHBEAM_CONTROL,0x35e,HIGHBEAMS_ON,,52,1,motorola,False,1.0,0.0,,VEHICLE_PROTOCOL_DOCUMENTED,UNKNOWN
honda.fit.gen3.us.hybrid_2018,honda_fit_hybrid_2018_can_generated.dbc,vehicle_can,HIGHBEAM_CONTROL,0x35e,AUTO_HIGHBEAMS_ACTIVE,,53,1,motorola,False,1.0,0.0,,VEHICLE_PROTOCOL_DOCUMENTED,UNKNOWN
honda.fit.gen3.us.hybrid_2018,honda_fit_hybrid_2018_can_generated.dbc,vehicle_can,HIGHBEAM_CONTROL,0x35e,COUNTER,,61,2,motorola,False,1.0,0.0,,VEHICLE_PROTOCOL_DOCUMENTED,UNKNOWN
honda.fit.gen3.us.hybrid_2018,honda_fit_hybrid_2018_can_generated.dbc,vehicle_can,HIGHBEAM_CONTROL,0x35e,CHECKSUM,,59,4,motorola,False,1.0,0.0,,VEHICLE_PROTOCOL_DOCUMENTED,UNKNOWN
honda.fit.gen3.us.hybrid_2018,honda_fit_hybrid_2018_can_generated.dbc,vehicle_can,RADAR_HUD,0x39f,ZEROS_BOH,,7,17,motorola,False,1.0,0.0,,VEHICLE_PROTOCOL_DOCUMENTED,ADAS_ONLY
honda.fit.gen3.us.hybrid_2018,honda_fit_hybrid_2018_can_generated.dbc,vehicle_can,RADAR_HUD,0x39f,APPLY_BRAKES_FOR_CANC,,23,1,motorola,False,1.0,0.0,,VEHICLE_PROTOCOL_DOCUMENTED,ADAS_ONLY
honda.fit.gen3.us.hybrid_2018,honda_fit_hybrid_2018_can_generated.dbc,vehicle_can,RADAR_HUD,0x39f,ZEROS_BOH2,,31,8,motorola,False,1.0,0.0,,VEHICLE_PROTOCOL_DOCUMENTED,ADAS_ONLY
honda.fit.gen3.us.hybrid_2018,honda_fit_hybrid_2018_can_generated.dbc,vehicle_can,RADAR_HUD,0x39f,RESUME_INSTRUCTION,,21,1,motorola,False,1.0,0.0,,VEHICLE_PROTOCOL_DOCUMENTED,ADAS_ONLY
honda.fit.gen3.us.hybrid_2018,honda_fit_hybrid_2018_can_generated.dbc,vehicle_can,RADAR_HUD,0x39f,ACC_ALERTS,,20,5,motorola,False,1.0,0.0,,VEHICLE_PROTOCOL_DOCUMENTED,ADAS_ONLY
honda.fit.gen3.us.hybrid_2018,honda_fit_hybrid_2018_can_generated.dbc,vehicle_can,RADAR_HUD,0x39f,LEAD_SPEED,,39,9,motorola,False,1.0,0.0,,VEHICLE_PROTOCOL_DOCUMENTED,ADAS_ONLY
honda.fit.gen3.us.hybrid_2018,honda_fit_hybrid_2018_can_generated.dbc,vehicle_can,RADAR_HUD,0x39f,LEAD_STATE,,46,3,motorola,False,1.0,0.0,,VEHICLE_PROTOCOL_DOCUMENTED,ADAS_ONLY
honda.fit.gen3.us.hybrid_2018,honda_fit_hybrid_2018_can_generated.dbc,vehicle_can,RADAR_HUD,0x39f,LEAD_DISTANCE,,43,5,motorola,False,1.0,0.0,,VEHICLE_PROTOCOL_DOCUMENTED,ADAS_ONLY
honda.fit.gen3.us.hybrid_2018,honda_fit_hybrid_2018_can_generated.dbc,vehicle_can,RADAR_HUD,0x39f,ZEROS_BOH3,,54,7,motorola,False,1.0,0.0,,VEHICLE_PROTOCOL_DOCUMENTED,ADAS_ONLY
honda.fit.gen3.us.hybrid_2018,honda_fit_hybrid_2018_can_generated.dbc,vehicle_can,RADAR_HUD,0x39f,COUNTER,,61,2,motorola,False,1.0,0.0,,VEHICLE_PROTOCOL_DOCUMENTED,ADAS_ONLY
honda.fit.gen3.us.hybrid_2018,honda_fit_hybrid_2018_can_generated.dbc,vehicle_can,RADAR_HUD,0x39f,CHECKSUM,,59,4,motorola,False,1.0,0.0,,VEHICLE_PROTOCOL_DOCUMENTED,ADAS_ONLY
honda.insight.gen3.us.ex_2019,honda_insight_ex_2019_can_generated.dbc,vehicle_can,GAS_PEDAL_2,0x130,ENGINE_TORQUE_ESTIMATE,,7,16,motorola,True,1.0,0.0,Nm,VEHICLE_PROTOCOL_DOCUMENTED,POWERTRAIN_ONLY
honda.insight.gen3.us.ex_2019,honda_insight_ex_2019_can_generated.dbc,vehicle_can,GAS_PEDAL_2,0x130,ENGINE_TORQUE_REQUEST,,23,16,motorola,True,1.0,0.0,Nm,VEHICLE_PROTOCOL_DOCUMENTED,POWERTRAIN_ONLY
honda.insight.gen3.us.ex_2019,honda_insight_ex_2019_can_generated.dbc,vehicle_can,GAS_PEDAL_2,0x130,CAR_GAS,,39,8,motorola,False,1.0,0.0,,VEHICLE_PROTOCOL_DOCUMENTED,POWERTRAIN_ONLY
honda.insight.gen3.us.ex_2019,honda_insight_ex_2019_can_generated.dbc,vehicle_can,GAS_PEDAL_2,0x130,COUNTER,,61,2,motorola,False,1.0,0.0,,VEHICLE_PROTOCOL_DOCUMENTED,POWERTRAIN_ONLY
honda.insight.gen3.us.ex_2019,honda_insight_ex_2019_can_generated.dbc,vehicle_can,GAS_PEDAL_2,0x130,CHECKSUM,,59,4,motorola,False,1.0,0.0,,VEHICLE_PROTOCOL_DOCUMENTED,POWERTRAIN_ONLY
honda.insight.gen3.us.ex_2019,honda_insight_ex_2019_can_generated.dbc,vehicle_can,GAS_PEDAL,0x13c,CAR_GAS,,39,8,motorola,False,1.0,0.0,,VEHICLE_PROTOCOL_DOCUMENTED,POWERTRAIN_ONLY
honda.insight.gen3.us.ex_2019,honda_insight_ex_2019_can_generated.dbc,vehicle_can,GAS_PEDAL,0x13c,COUNTER,,61,2,motorola,False,1.0,0.0,,VEHICLE_PROTOCOL_DOCUMENTED,POWERTRAIN_ONLY
honda.insight.gen3.us.ex_2019,honda_insight_ex_2019_can_generated.dbc,vehicle_can,GAS_PEDAL,0x13c,CHECKSUM,,59,4,motorola,False,1.0,0.0,,VEHICLE_PROTOCOL_DOCUMENTED,POWERTRAIN_ONLY
honda.insight.gen3.us.ex_2019,honda_insight_ex_2019_can_generated.dbc,vehicle_can,ENGINE_DATA,0x158,XMISSION_SPEED,vehicle.speed,7,16,motorola,False,0.01,0.0,kph,CLUSTER_RELEVANT_SIGNAL_DOCUMENTED,DISPLAY_RELEVANT
honda.insight.gen3.us.ex_2019,honda_insight_ex_2019_can_generated.dbc,vehicle_can,ENGINE_DATA,0x158,ENGINE_RPM,powertrain.engine_rpm,23,16,motorola,False,1.0,0.0,rpm,CLUSTER_RELEVANT_SIGNAL_DOCUMENTED,DISPLAY_RELEVANT
honda.insight.gen3.us.ex_2019,honda_insight_ex_2019_can_generated.dbc,vehicle_can,ENGINE_DATA,0x158,XMISSION_SPEED2,,39,16,motorola,False,0.01,0.0,kph,VEHICLE_PROTOCOL_DOCUMENTED,DISPLAY_RELEVANT
honda.insight.gen3.us.ex_2019,honda_insight_ex_2019_can_generated.dbc,vehicle_can,ENGINE_DATA,0x158,ODOMETER,vehicle.odometer,55,8,motorola,False,10.0,0.0,m,CLUSTER_RELEVANT_SIGNAL_DOCUMENTED,DISPLAY_RELEVANT
honda.insight.gen3.us.ex_2019,honda_insight_ex_2019_can_generated.dbc,vehicle_can,ENGINE_DATA,0x158,COUNTER,,61,2,motorola,False,1.0,0.0,,VEHICLE_PROTOCOL_DOCUMENTED,DISPLAY_RELEVANT
honda.insight.gen3.us.ex_2019,honda_insight_ex_2019_can_generated.dbc,vehicle_can,ENGINE_DATA,0x158,CHECKSUM,,59,4,motorola,False,1.0,0.0,,VEHICLE_PROTOCOL_DOCUMENTED,DISPLAY_RELEVANT
honda.insight.gen3.us.ex_2019,honda_insight_ex_2019_can_generated.dbc,vehicle_can,POWERTRAIN_DATA,0x17c,PEDAL_GAS,powertrain.throttle_position,7,8,motorola,False,1.0,0.0,,VEHICLE_PROTOCOL_DOCUMENTED,DISPLAY_RELEVANT
honda.insight.gen3.us.ex_2019,honda_insight_ex_2019_can_generated.dbc,vehicle_can,POWERTRAIN_DATA,0x17c,ENGINE_RPM,powertrain.engine_rpm,23,16,motorola,False,1.0,0.0,rpm,CLUSTER_RELEVANT_SIGNAL_DOCUMENTED,DISPLAY_RELEVANT
honda.insight.gen3.us.ex_2019,honda_insight_ex_2019_can_generated.dbc,vehicle_can,POWERTRAIN_DATA,0x17c,GAS_PRESSED,,39,1,motorola,False,1.0,0.0,,VEHICLE_PROTOCOL_DOCUMENTED,DISPLAY_RELEVANT
honda.insight.gen3.us.ex_2019,honda_insight_ex_2019_can_generated.dbc,vehicle_can,POWERTRAIN_DATA,0x17c,ACC_STATUS,adas.acc_state,38,1,motorola,False,1.0,0.0,,VEHICLE_PROTOCOL_DOCUMENTED,DISPLAY_RELEVANT
honda.insight.gen3.us.ex_2019,honda_insight_ex_2019_can_generated.dbc,vehicle_can,POWERTRAIN_DATA,0x17c,BOH_17C,,37,5,motorola,False,1.0,0.0,,VEHICLE_PROTOCOL_DOCUMENTED,DISPLAY_RELEVANT
honda.insight.gen3.us.ex_2019,honda_insight_ex_2019_can_generated.dbc,vehicle_can,POWERTRAIN_DATA,0x17c,BRAKE_SWITCH,,32,1,motorola,False,1.0,0.0,,VEHICLE_PROTOCOL_DOCUMENTED,DISPLAY_RELEVANT
honda.insight.gen3.us.ex_2019,honda_insight_ex_2019_can_generated.dbc,vehicle_can,POWERTRAIN_DATA,0x17c,BOH2_17C,,47,10,motorola,False,1.0,0.0,,VEHICLE_PROTOCOL_DOCUMENTED,DISPLAY_RELEVANT
honda.insight.gen3.us.ex_2019,honda_insight_ex_2019_can_generated.dbc,vehicle_can,POWERTRAIN_DATA,0x17c,BRAKE_PRESSED,brakes.service_brake,53,1,motorola,False,1.0,0.0,,VEHICLE_PROTOCOL_DOCUMENTED,DISPLAY_RELEVANT
honda.insight.gen3.us.ex_2019,honda_insight_ex_2019_can_generated.dbc,vehicle_can,POWERTRAIN_DATA,0x17c,BOH3_17C,,52,5,motorola,False,1.0,0.0,,VEHICLE_PROTOCOL_DOCUMENTED,DISPLAY_RELEVANT
honda.insight.gen3.us.ex_2019,honda_insight_ex_2019_can_generated.dbc,vehicle_can,POWERTRAIN_DATA,0x17c,COUNTER,,61,2,motorola,False,1.0,0.0,,VEHICLE_PROTOCOL_DOCUMENTED,DISPLAY_RELEVANT
honda.insight.gen3.us.ex_2019,honda_insight_ex_2019_can_generated.dbc,vehicle_can,POWERTRAIN_DATA,0x17c,CHECKSUM,,59,4,motorola,False,1.0,0.0,,VEHICLE_PROTOCOL_DOCUMENTED,DISPLAY_RELEVANT
honda.insight.gen3.us.ex_2019,honda_insight_ex_2019_can_generated.dbc,vehicle_can,VSA_STATUS,0x1a4,USER_BRAKE,,7,16,motorola,False,0.015625,-1.609375,,VEHICLE_PROTOCOL_DOCUMENTED,DISPLAY_RELEVANT
honda.insight.gen3.us.ex_2019,honda_insight_ex_2019_can_generated.dbc,vehicle_can,VSA_STATUS,0x1a4,COMPUTER_BRAKING,,23,1,motorola,False,1.0,0.0,,VEHICLE_PROTOCOL_DOCUMENTED,DISPLAY_RELEVANT
honda.insight.gen3.us.ex_2019,honda_insight_ex_2019_can_generated.dbc,vehicle_can,VSA_STATUS,0x1a4,ESP_DISABLED,stability.vsa_warning,28,1,motorola,False,1.0,0.0,,CLUSTER_RELEVANT_SIGNAL_DOCUMENTED,DISPLAY_RELEVANT
honda.insight.gen3.us.ex_2019,honda_insight_ex_2019_can_generated.dbc,vehicle_can,VSA_STATUS,0x1a4,BRAKE_HOLD_RELATED,,52,1,motorola,False,1.0,0.0,,VEHICLE_PROTOCOL_DOCUMENTED,DISPLAY_RELEVANT
honda.insight.gen3.us.ex_2019,honda_insight_ex_2019_can_generated.dbc,vehicle_can,VSA_STATUS,0x1a4,BRAKE_HOLD_ACTIVE,,46,1,motorola,False,1.0,0.0,,VEHICLE_PROTOCOL_DOCUMENTED,DISPLAY_RELEVANT
honda.insight.gen3.us.ex_2019,honda_insight_ex_2019_can_generated.dbc,vehicle_can,VSA_STATUS,0x1a4,BRAKE_HOLD_ENABLED,,45,1,motorola,False,1.0,0.0,,VEHICLE_PROTOCOL_DOCUMENTED,DISPLAY_RELEVANT
honda.insight.gen3.us.ex_2019,honda_insight_ex_2019_can_generated.dbc,vehicle_can,VSA_STATUS,0x1a4,COUNTER,,61,2,motorola,False,1.0,0.0,,VEHICLE_PROTOCOL_DOCUMENTED,DISPLAY_RELEVANT
honda.insight.gen3.us.ex_2019,honda_insight_ex_2019_can_generated.dbc,vehicle_can,VSA_STATUS,0x1a4,CHECKSUM,,59,4,motorola,False,1.0,0.0,,VEHICLE_PROTOCOL_DOCUMENTED,DISPLAY_RELEVANT
honda.insight.gen3.us.ex_2019,honda_insight_ex_2019_can_generated.dbc,vehicle_can,STEER_MOTOR_TORQUE,0x1ab,CONFIG_VALID,,7,1,motorola,False,1.0,0.0,,VEHICLE_PROTOCOL_DOCUMENTED,UNKNOWN
honda.insight.gen3.us.ex_2019,honda_insight_ex_2019_can_generated.dbc,vehicle_can,STEER_MOTOR_TORQUE,0x1ab,MOTOR_TORQUE,,1,10,motorola,False,1.0,0.0,,VEHICLE_PROTOCOL_DOCUMENTED,UNKNOWN
honda.insight.gen3.us.ex_2019,honda_insight_ex_2019_can_generated.dbc,vehicle_can,STEER_MOTOR_TORQUE,0x1ab,OUTPUT_DISABLED,,22,1,motorola,False,1.0,0.0,,VEHICLE_PROTOCOL_DOCUMENTED,UNKNOWN
honda.insight.gen3.us.ex_2019,honda_insight_ex_2019_can_generated.dbc,vehicle_can,STEER_MOTOR_TORQUE,0x1ab,COUNTER,,21,2,motorola,False,1.0,0.0,,VEHICLE_PROTOCOL_DOCUMENTED,UNKNOWN
honda.insight.gen3.us.ex_2019,honda_insight_ex_2019_can_generated.dbc,vehicle_can,STEER_MOTOR_TORQUE,0x1ab,CHECKSUM,,19,4,motorola,False,1.0,0.0,,VEHICLE_PROTOCOL_DOCUMENTED,UNKNOWN
honda.insight.gen3.us.ex_2019,honda_insight_ex_2019_can_generated.dbc,vehicle_can,WHEEL_SPEEDS,0x1d0,WHEEL_SPEED_FL,,7,15,motorola,False,0.01,0.0,kph,VEHICLE_PROTOCOL_DOCUMENTED,POWERTRAIN_ONLY
honda.insight.gen3.us.ex_2019,honda_insight_ex_2019_can_generated.dbc,vehicle_can,WHEEL_SPEEDS,0x1d0,WHEEL_SPEED_FR,,8,15,motorola,False,0.01,0.0,kph,VEHICLE_PROTOCOL_DOCUMENTED,POWERTRAIN_ONLY
honda.insight.gen3.us.ex_2019,honda_insight_ex_2019_can_generated.dbc,vehicle_can,WHEEL_SPEEDS,0x1d0,WHEEL_SPEED_RL,,25,15,motorola,False,0.01,0.0,kph,VEHICLE_PROTOCOL_DOCUMENTED,POWERTRAIN_ONLY
honda.insight.gen3.us.ex_2019,honda_insight_ex_2019_can_generated.dbc,vehicle_can,WHEEL_SPEEDS,0x1d0,WHEEL_SPEED_RR,,42,15,motorola,False,0.01,0.0,kph,VEHICLE_PROTOCOL_DOCUMENTED,POWERTRAIN_ONLY
honda.insight.gen3.us.ex_2019,honda_insight_ex_2019_can_generated.dbc,vehicle_can,WHEEL_SPEEDS,0x1d0,CHECKSUM,,59,4,motorola,False,1.0,0.0,,VEHICLE_PROTOCOL_DOCUMENTED,POWERTRAIN_ONLY
honda.insight.gen3.us.ex_2019,honda_insight_ex_2019_can_generated.dbc,vehicle_can,VEHICLE_DYNAMICS,0x1ea,LAT_ACCEL,,7,16,motorola,True,0.0015,0.0,m/s2,VEHICLE_PROTOCOL_DOCUMENTED,UNKNOWN
honda.insight.gen3.us.ex_2019,honda_insight_ex_2019_can_generated.dbc,vehicle_can,VEHICLE_DYNAMICS,0x1ea,LONG_ACCEL,,23,16,motorola,True,0.0015,0.0,m/s2,VEHICLE_PROTOCOL_DOCUMENTED,UNKNOWN
honda.insight.gen3.us.ex_2019,honda_insight_ex_2019_can_generated.dbc,vehicle_can,VEHICLE_DYNAMICS,0x1ea,COUNTER,,61,2,motorola,False,1.0,0.0,,VEHICLE_PROTOCOL_DOCUMENTED,UNKNOWN
honda.insight.gen3.us.ex_2019,honda_insight_ex_2019_can_generated.dbc,vehicle_can,VEHICLE_DYNAMICS,0x1ea,CHECKSUM,,59,4,motorola,False,1.0,0.0,,VEHICLE_PROTOCOL_DOCUMENTED,UNKNOWN
honda.insight.gen3.us.ex_2019,honda_insight_ex_2019_can_generated.dbc,vehicle_can,SEATBELT_STATUS,0x305,SEATBELT_DRIVER_LAMP,,7,1,motorola,False,1.0,0.0,,VEHICLE_PROTOCOL_DOCUMENTED,DISPLAY_RELEVANT
honda.insight.gen3.us.ex_2019,honda_insight_ex_2019_can_generated.dbc,vehicle_can,SEATBELT_STATUS,0x305,SEATBELT_PASS_UNLATCHED,,10,1,motorola,False,1.0,0.0,,VEHICLE_PROTOCOL_DOCUMENTED,DISPLAY_RELEVANT
honda.insight.gen3.us.ex_2019,honda_insight_ex_2019_can_generated.dbc,vehicle_can,SEATBELT_STATUS,0x305,SEATBELT_PASS_LATCHED,safety.seatbelt_passenger,11,1,motorola,False,1.0,0.0,,VEHICLE_PROTOCOL_DOCUMENTED,DISPLAY_RELEVANT
honda.insight.gen3.us.ex_2019,honda_insight_ex_2019_can_generated.dbc,vehicle_can,SEATBELT_STATUS,0x305,SEATBELT_DRIVER_UNLATCHED,,12,1,motorola,False,1.0,0.0,,VEHICLE_PROTOCOL_DOCUMENTED,DISPLAY_RELEVANT
honda.insight.gen3.us.ex_2019,honda_insight_ex_2019_can_generated.dbc,vehicle_can,SEATBELT_STATUS,0x305,SEATBELT_DRIVER_LATCHED,safety.seatbelt_driver,13,1,motorola,False,1.0,0.0,,CLUSTER_RELEVANT_SIGNAL_DOCUMENTED,DISPLAY_RELEVANT
honda.insight.gen3.us.ex_2019,honda_insight_ex_2019_can_generated.dbc,vehicle_can,SEATBELT_STATUS,0x305,PASS_AIRBAG_OFF,,14,1,motorola,False,1.0,0.0,,VEHICLE_PROTOCOL_DOCUMENTED,DISPLAY_RELEVANT
honda.insight.gen3.us.ex_2019,honda_insight_ex_2019_can_generated.dbc,vehicle_can,SEATBELT_STATUS,0x305,PASS_AIRBAG_ON,,15,1,motorola,False,1.0,0.0,,VEHICLE_PROTOCOL_DOCUMENTED,DISPLAY_RELEVANT
honda.insight.gen3.us.ex_2019,honda_insight_ex_2019_can_generated.dbc,vehicle_can,SEATBELT_STATUS,0x305,COUNTER,,53,2,motorola,False,1.0,0.0,,VEHICLE_PROTOCOL_DOCUMENTED,DISPLAY_RELEVANT
honda.insight.gen3.us.ex_2019,honda_insight_ex_2019_can_generated.dbc,vehicle_can,SEATBELT_STATUS,0x305,CHECKSUM,,51,4,motorola,False,1.0,0.0,,VEHICLE_PROTOCOL_DOCUMENTED,DISPLAY_RELEVANT
honda.insight.gen3.us.ex_2019,honda_insight_ex_2019_can_generated.dbc,vehicle_can,CAR_SPEED,0x309,ROUGH_CAR_SPEED,,23,8,motorola,False,1.0,0.0,mph,VEHICLE_PROTOCOL_DOCUMENTED,DISPLAY_RELEVANT
honda.insight.gen3.us.ex_2019,honda_insight_ex_2019_can_generated.dbc,vehicle_can,CAR_SPEED,0x309,CAR_SPEED,vehicle.speed,7,16,motorola,False,0.01,0.0,kph,CLUSTER_RELEVANT_SIGNAL_DOCUMENTED,DISPLAY_RELEVANT
honda.insight.gen3.us.ex_2019,honda_insight_ex_2019_can_generated.dbc,vehicle_can,CAR_SPEED,0x309,ROUGH_CAR_SPEED_3,,39,16,motorola,False,0.01,0.0,kph,VEHICLE_PROTOCOL_DOCUMENTED,DISPLAY_RELEVANT
honda.insight.gen3.us.ex_2019,honda_insight_ex_2019_can_generated.dbc,vehicle_can,CAR_SPEED,0x309,ROUGH_CAR_SPEED_2,,31,8,motorola,False,1.0,0.0,mph,VEHICLE_PROTOCOL_DOCUMENTED,DISPLAY_RELEVANT
honda.insight.gen3.us.ex_2019,honda_insight_ex_2019_can_generated.dbc,vehicle_can,CAR_SPEED,0x309,LOCK_STATUS,,55,2,motorola,False,1.0,0.0,,VEHICLE_PROTOCOL_DOCUMENTED,DISPLAY_RELEVANT
honda.insight.gen3.us.ex_2019,honda_insight_ex_2019_can_generated.dbc,vehicle_can,CAR_SPEED,0x309,COUNTER,,61,2,motorola,False,1.0,0.0,,VEHICLE_PROTOCOL_DOCUMENTED,DISPLAY_RELEVANT
honda.insight.gen3.us.ex_2019,honda_insight_ex_2019_can_generated.dbc,vehicle_can,CAR_SPEED,0x309,CHECKSUM,,59,4,motorola,False,1.0,0.0,,VEHICLE_PROTOCOL_DOCUMENTED,DISPLAY_RELEVANT
honda.insight.gen3.us.ex_2019,honda_insight_ex_2019_can_generated.dbc,vehicle_can,CAR_SPEED,0x309,IMPERIAL_UNIT,,63,1,motorola,False,1.0,0.0,,VEHICLE_PROTOCOL_DOCUMENTED,DISPLAY_RELEVANT
honda.insight.gen3.us.ex_2019,honda_insight_ex_2019_can_generated.dbc,vehicle_can,ACC_HUD,0x30c,PCM_SPEED,,7,16,motorola,False,0.01,0.0,kph,VEHICLE_PROTOCOL_DOCUMENTED,ADAS_ONLY
honda.insight.gen3.us.ex_2019,honda_insight_ex_2019_can_generated.dbc,vehicle_can,ACC_HUD,0x30c,PCM_GAS,,23,8,motorola,False,1.0,0.0,,VEHICLE_PROTOCOL_DOCUMENTED,ADAS_ONLY
honda.insight.gen3.us.ex_2019,honda_insight_ex_2019_can_generated.dbc,vehicle_can,ACC_HUD,0x30c,CRUISE_SPEED,,31,8,motorola,False,1.0,0.0,kph,VEHICLE_PROTOCOL_DOCUMENTED,ADAS_ONLY
honda.insight.gen3.us.ex_2019,honda_insight_ex_2019_can_generated.dbc,vehicle_can,ACC_HUD,0x30c,DTC_MODE,,39,1,motorola,False,1.0,0.0,,VEHICLE_PROTOCOL_DOCUMENTED,ADAS_ONLY
honda.insight.gen3.us.ex_2019,honda_insight_ex_2019_can_generated.dbc,vehicle_can,ACC_HUD,0x30c,BOH,,38,1,motorola,False,1.0,0.0,,VEHICLE_PROTOCOL_DOCUMENTED,ADAS_ONLY
honda.insight.gen3.us.ex_2019,honda_insight_ex_2019_can_generated.dbc,vehicle_can,ACC_HUD,0x30c,ACC_PROBLEM,,37,1,motorola,False,1.0,0.0,,VEHICLE_PROTOCOL_DOCUMENTED,ADAS_ONLY
honda.insight.gen3.us.ex_2019,honda_insight_ex_2019_can_generated.dbc,vehicle_can,ACC_HUD,0x30c,FCM_OFF,,35,1,motorola,False,1.0,0.0,,VEHICLE_PROTOCOL_DOCUMENTED,ADAS_ONLY
honda.insight.gen3.us.ex_2019,honda_insight_ex_2019_can_generated.dbc,vehicle_can,ACC_HUD,0x30c,FCM_OFF_2,,36,1,motorola,False,1.0,0.0,,VEHICLE_PROTOCOL_DOCUMENTED,ADAS_ONLY
honda.insight.gen3.us.ex_2019,honda_insight_ex_2019_can_generated.dbc,vehicle_can,ACC_HUD,0x30c,FCM_PROBLEM,,34,1,motorola,False,1.0,0.0,,VEHICLE_PROTOCOL_DOCUMENTED,ADAS_ONLY
honda.insight.gen3.us.ex_2019,honda_insight_ex_2019_can_generated.dbc,vehicle_can,ACC_HUD,0x30c,RADAR_OBSTRUCTED,,33,1,motorola,False,1.0,0.0,,VEHICLE_PROTOCOL_DOCUMENTED,ADAS_ONLY
honda.insight.gen3.us.ex_2019,honda_insight_ex_2019_can_generated.dbc,vehicle_can,ACC_HUD,0x30c,ENABLE_MINI_CAR,,32,1,motorola,False,1.0,0.0,,VEHICLE_PROTOCOL_DOCUMENTED,ADAS_ONLY
honda.insight.gen3.us.ex_2019,honda_insight_ex_2019_can_generated.dbc,vehicle_can,ACC_HUD,0x30c,HUD_DISTANCE,,47,2,motorola,False,1.0,0.0,,VEHICLE_PROTOCOL_DOCUMENTED,ADAS_ONLY
honda.insight.gen3.us.ex_2019,honda_insight_ex_2019_can_generated.dbc,vehicle_can,ACC_HUD,0x30c,HUD_LEAD,,45,2,motorola,False,1.0,0.0,,VEHICLE_PROTOCOL_DOCUMENTED,ADAS_ONLY
honda.insight.gen3.us.ex_2019,honda_insight_ex_2019_can_generated.dbc,vehicle_can,ACC_HUD,0x30c,BOH_3,,43,1,motorola,False,1.0,0.0,,VEHICLE_PROTOCOL_DOCUMENTED,ADAS_ONLY
honda.insight.gen3.us.ex_2019,honda_insight_ex_2019_can_generated.dbc,vehicle_can,ACC_HUD,0x30c,BOH_4,,42,1,motorola,False,1.0,0.0,,VEHICLE_PROTOCOL_DOCUMENTED,ADAS_ONLY
honda.insight.gen3.us.ex_2019,honda_insight_ex_2019_can_generated.dbc,vehicle_can,ACC_HUD,0x30c,BOH_5,,41,1,motorola,False,1.0,0.0,,VEHICLE_PROTOCOL_DOCUMENTED,ADAS_ONLY
honda.insight.gen3.us.ex_2019,honda_insight_ex_2019_can_generated.dbc,vehicle_can,ACC_HUD,0x30c,CRUISE_CONTROL_LABEL,,40,1,motorola,False,1.0,0.0,,VEHICLE_PROTOCOL_DOCUMENTED,ADAS_ONLY
honda.insight.gen3.us.ex_2019,honda_insight_ex_2019_can_generated.dbc,vehicle_can,ACC_HUD,0x30c,SET_ME_X01_2,,55,1,motorola,False,1.0,0.0,,VEHICLE_PROTOCOL_DOCUMENTED,ADAS_ONLY
honda.insight.gen3.us.ex_2019,honda_insight_ex_2019_can_generated.dbc,vehicle_can,ACC_HUD,0x30c,IMPERIAL_UNIT,,54,1,motorola,False,1.0,0.0,,VEHICLE_PROTOCOL_DOCUMENTED,ADAS_ONLY
honda.insight.gen3.us.ex_2019,honda_insight_ex_2019_can_generated.dbc,vehicle_can,ACC_HUD,0x30c,ACC_ON,,52,1,motorola,False,1.0,0.0,,VEHICLE_PROTOCOL_DOCUMENTED,ADAS_ONLY
honda.insight.gen3.us.ex_2019,honda_insight_ex_2019_can_generated.dbc,vehicle_can,ACC_HUD,0x30c,CHIME,,51,3,motorola,False,1.0,0.0,,VEHICLE_PROTOCOL_DOCUMENTED,ADAS_ONLY
honda.insight.gen3.us.ex_2019,honda_insight_ex_2019_can_generated.dbc,vehicle_can,ACC_HUD,0x30c,SET_ME_X01,,48,1,motorola,False,1.0,0.0,,VEHICLE_PROTOCOL_DOCUMENTED,ADAS_ONLY
honda.insight.gen3.us.ex_2019,honda_insight_ex_2019_can_generated.dbc,vehicle_can,ACC_HUD,0x30c,ICONS,,63,2,motorola,False,1.0,0.0,,VEHICLE_PROTOCOL_DOCUMENTED,ADAS_ONLY
honda.insight.gen3.us.ex_2019,honda_insight_ex_2019_can_generated.dbc,vehicle_can,ACC_HUD,0x30c,COUNTER,,61,2,motorola,False,1.0,0.0,,VEHICLE_PROTOCOL_DOCUMENTED,ADAS_ONLY
honda.insight.gen3.us.ex_2019,honda_insight_ex_2019_can_generated.dbc,vehicle_can,ACC_HUD,0x30c,CHECKSUM,,59,4,motorola,False,1.0,0.0,,VEHICLE_PROTOCOL_DOCUMENTED,ADAS_ONLY
honda.insight.gen3.us.ex_2019,honda_insight_ex_2019_can_generated.dbc,vehicle_can,CRUISE,0x324,HUD_SPEED_KPH,,7,8,motorola,False,1.0,0.0,kph,VEHICLE_PROTOCOL_DOCUMENTED,POWERTRAIN_ONLY
honda.insight.gen3.us.ex_2019,honda_insight_ex_2019_can_generated.dbc,vehicle_can,CRUISE,0x324,HUD_SPEED_MPH,,15,8,motorola,False,1.0,0.0,mph,VEHICLE_PROTOCOL_DOCUMENTED,POWERTRAIN_ONLY
honda.insight.gen3.us.ex_2019,honda_insight_ex_2019_can_generated.dbc,vehicle_can,CRUISE,0x324,TRIP_FUEL_CONSUMED,,23,16,motorola,False,1.0,0.0,,VEHICLE_PROTOCOL_DOCUMENTED,POWERTRAIN_ONLY
honda.insight.gen3.us.ex_2019,honda_insight_ex_2019_can_generated.dbc,vehicle_can,CRUISE,0x324,CRUISE_SPEED_PCM,,39,8,motorola,False,1.0,0.0,,VEHICLE_PROTOCOL_DOCUMENTED,POWERTRAIN_ONLY
honda.insight.gen3.us.ex_2019,honda_insight_ex_2019_can_generated.dbc,vehicle_can,CRUISE,0x324,BOH2,,47,8,motorola,True,1.0,0.0,,VEHICLE_PROTOCOL_DOCUMENTED,POWERTRAIN_ONLY
honda.insight.gen3.us.ex_2019,honda_insight_ex_2019_can_generated.dbc,vehicle_can,CRUISE,0x324,BOH3,,55,8,motorola,False,1.0,0.0,,VEHICLE_PROTOCOL_DOCUMENTED,POWERTRAIN_ONLY
honda.insight.gen3.us.ex_2019,honda_insight_ex_2019_can_generated.dbc,vehicle_can,CRUISE,0x324,COUNTER,,61,2,motorola,False,1.0,0.0,,VEHICLE_PROTOCOL_DOCUMENTED,POWERTRAIN_ONLY
honda.insight.gen3.us.ex_2019,honda_insight_ex_2019_can_generated.dbc,vehicle_can,CRUISE,0x324,CHECKSUM,,59,4,motorola,False,1.0,0.0,,VEHICLE_PROTOCOL_DOCUMENTED,POWERTRAIN_ONLY
honda.insight.gen3.us.ex_2019,honda_insight_ex_2019_can_generated.dbc,vehicle_can,STALK_STATUS,0x374,DASHBOARD_ALERT,,39,8,motorola,False,1.0,0.0,,VEHICLE_PROTOCOL_DOCUMENTED,BODY_RELEVANT
honda.insight.gen3.us.ex_2019,honda_insight_ex_2019_can_generated.dbc,vehicle_can,STALK_STATUS,0x374,AUTO_HEADLIGHTS,,46,1,motorola,False,1.0,0.0,,VEHICLE_PROTOCOL_DOCUMENTED,BODY_RELEVANT
honda.insight.gen3.us.ex_2019,honda_insight_ex_2019_can_generated.dbc,vehicle_can,STALK_STATUS,0x374,HIGH_BEAM_HOLD,,47,1,motorola,False,1.0,0.0,,VEHICLE_PROTOCOL_DOCUMENTED,BODY_RELEVANT
honda.insight.gen3.us.ex_2019,honda_insight_ex_2019_can_generated.dbc,vehicle_can,STALK_STATUS,0x374,HIGH_BEAM_FLASH,,45,1,motorola,False,1.0,0.0,,VEHICLE_PROTOCOL_DOCUMENTED,BODY_RELEVANT
honda.insight.gen3.us.ex_2019,honda_insight_ex_2019_can_generated.dbc,vehicle_can,STALK_STATUS,0x374,HEADLIGHTS_ON,lighting.headlights_on,54,1,motorola,False,1.0,0.0,,VEHICLE_PROTOCOL_DOCUMENTED,BODY_RELEVANT
honda.insight.gen3.us.ex_2019,honda_insight_ex_2019_can_generated.dbc,vehicle_can,STALK_STATUS,0x374,WIPER_SWITCH,,53,2,motorola,False,1.0,0.0,,VEHICLE_PROTOCOL_DOCUMENTED,BODY_RELEVANT
honda.insight.gen3.us.ex_2019,honda_insight_ex_2019_can_generated.dbc,vehicle_can,STALK_STATUS,0x374,COUNTER,,61,2,motorola,False,1.0,0.0,,VEHICLE_PROTOCOL_DOCUMENTED,BODY_RELEVANT
honda.insight.gen3.us.ex_2019,honda_insight_ex_2019_can_generated.dbc,vehicle_can,STALK_STATUS,0x374,CHECKSUM,,59,4,motorola,False,1.0,0.0,,VEHICLE_PROTOCOL_DOCUMENTED,BODY_RELEVANT
honda.insight.gen3.us.ex_2019,honda_insight_ex_2019_can_generated.dbc,vehicle_can,STALK_STATUS_2,0x37b,WIPERS,,17,2,motorola,False,1.0,0.0,,VEHICLE_PROTOCOL_DOCUMENTED,DISPLAY_RELEVANT
honda.insight.gen3.us.ex_2019,honda_insight_ex_2019_can_generated.dbc,vehicle_can,STALK_STATUS_2,0x37b,LOW_BEAMS,lighting.low_beam,35,1,motorola,False,1.0,0.0,,CLUSTER_RELEVANT_SIGNAL_DOCUMENTED,DISPLAY_RELEVANT
honda.insight.gen3.us.ex_2019,honda_insight_ex_2019_can_generated.dbc,vehicle_can,STALK_STATUS_2,0x37b,HIGH_BEAMS,lighting.high_beam,34,1,motorola,False,1.0,0.0,,CLUSTER_RELEVANT_SIGNAL_DOCUMENTED,DISPLAY_RELEVANT
honda.insight.gen3.us.ex_2019,honda_insight_ex_2019_can_generated.dbc,vehicle_can,STALK_STATUS_2,0x37b,PARK_LIGHTS,,36,1,motorola,False,1.0,0.0,,VEHICLE_PROTOCOL_DOCUMENTED,DISPLAY_RELEVANT
honda.insight.gen3.us.ex_2019,honda_insight_ex_2019_can_generated.dbc,vehicle_can,STALK_STATUS_2,0x37b,COUNTER,,61,2,motorola,False,1.0,0.0,,VEHICLE_PROTOCOL_DOCUMENTED,DISPLAY_RELEVANT
honda.insight.gen3.us.ex_2019,honda_insight_ex_2019_can_generated.dbc,vehicle_can,STALK_STATUS_2,0x37b,CHECKSUM,,59,4,motorola,False,1.0,0.0,,VEHICLE_PROTOCOL_DOCUMENTED,DISPLAY_RELEVANT
honda.insight.gen3.us.ex_2019,honda_insight_ex_2019_can_generated.dbc,vehicle_can,DOORS_STATUS,0x405,DOOR_OPEN_FL,body.driver_door,37,1,motorola,False,1.0,0.0,,CLUSTER_RELEVANT_SIGNAL_DOCUMENTED,DISPLAY_RELEVANT
honda.insight.gen3.us.ex_2019,honda_insight_ex_2019_can_generated.dbc,vehicle_can,DOORS_STATUS,0x405,DOOR_OPEN_FR,body.passenger_door,38,1,motorola,False,1.0,0.0,,CLUSTER_RELEVANT_SIGNAL_DOCUMENTED,DISPLAY_RELEVANT
honda.insight.gen3.us.ex_2019,honda_insight_ex_2019_can_generated.dbc,vehicle_can,DOORS_STATUS,0x405,DOOR_OPEN_RL,body.rear_left_door,39,1,motorola,False,1.0,0.0,,VEHICLE_PROTOCOL_DOCUMENTED,DISPLAY_RELEVANT
honda.insight.gen3.us.ex_2019,honda_insight_ex_2019_can_generated.dbc,vehicle_can,DOORS_STATUS,0x405,DOOR_OPEN_RR,body.rear_right_door,40,1,motorola,False,1.0,0.0,,VEHICLE_PROTOCOL_DOCUMENTED,DISPLAY_RELEVANT
honda.insight.gen3.us.ex_2019,honda_insight_ex_2019_can_generated.dbc,vehicle_can,DOORS_STATUS,0x405,TRUNK_OPEN,body.trunk,41,1,motorola,False,1.0,0.0,,CLUSTER_RELEVANT_SIGNAL_DOCUMENTED,DISPLAY_RELEVANT
honda.insight.gen3.us.ex_2019,honda_insight_ex_2019_can_generated.dbc,vehicle_can,DOORS_STATUS,0x405,COUNTER,,61,2,motorola,False,1.0,0.0,,VEHICLE_PROTOCOL_DOCUMENTED,DISPLAY_RELEVANT
honda.insight.gen3.us.ex_2019,honda_insight_ex_2019_can_generated.dbc,vehicle_can,DOORS_STATUS,0x405,CHECKSUM,,59,4,motorola,False,1.0,0.0,,VEHICLE_PROTOCOL_DOCUMENTED,DISPLAY_RELEVANT
honda.insight.gen3.us.ex_2019,honda_insight_ex_2019_can_generated.dbc,vehicle_can,KINEMATICS,0x94,LAT_ACCEL,,7,10,motorola,False,-0.035,17.92,m/s2,VEHICLE_PROTOCOL_DOCUMENTED,UNKNOWN
honda.insight.gen3.us.ex_2019,honda_insight_ex_2019_can_generated.dbc,vehicle_can,KINEMATICS,0x94,LONG_ACCEL,,25,10,motorola,False,-0.035,17.92,m/s2,VEHICLE_PROTOCOL_DOCUMENTED,UNKNOWN
honda.insight.gen3.us.ex_2019,honda_insight_ex_2019_can_generated.dbc,vehicle_can,KINEMATICS,0x94,CHECKSUM,,59,4,motorola,False,1.0,0.0,,VEHICLE_PROTOCOL_DOCUMENTED,UNKNOWN
honda.insight.gen3.us.ex_2019,honda_insight_ex_2019_can_generated.dbc,vehicle_can,KINEMATICS,0x94,COUNTER,,61,2,motorola,False,1.0,0.0,,VEHICLE_PROTOCOL_DOCUMENTED,UNKNOWN
honda.insight.gen3.us.ex_2019,honda_insight_ex_2019_can_generated.dbc,vehicle_can,STEERING_CONTROL,0xe4,STEER_TORQUE_REQUEST,,23,1,motorola,False,1.0,0.0,,VEHICLE_PROTOCOL_DOCUMENTED,ADAS_ONLY
honda.insight.gen3.us.ex_2019,honda_insight_ex_2019_can_generated.dbc,vehicle_can,STEERING_CONTROL,0xe4,SET_ME_X00,,22,7,motorola,False,1.0,0.0,,VEHICLE_PROTOCOL_DOCUMENTED,ADAS_ONLY
honda.insight.gen3.us.ex_2019,honda_insight_ex_2019_can_generated.dbc,vehicle_can,STEERING_CONTROL,0xe4,SET_ME_X00_2,,31,8,motorola,False,1.0,0.0,,VEHICLE_PROTOCOL_DOCUMENTED,ADAS_ONLY
honda.insight.gen3.us.ex_2019,honda_insight_ex_2019_can_generated.dbc,vehicle_can,STEERING_CONTROL,0xe4,STEER_TORQUE,,7,16,motorola,True,1.0,0.0,,VEHICLE_PROTOCOL_DOCUMENTED,ADAS_ONLY
honda.insight.gen3.us.ex_2019,honda_insight_ex_2019_can_generated.dbc,vehicle_can,STEERING_CONTROL,0xe4,STEER_DOWN_TO_ZERO,,38,1,motorola,False,1.0,0.0,,VEHICLE_PROTOCOL_DOCUMENTED,ADAS_ONLY
honda.insight.gen3.us.ex_2019,honda_insight_ex_2019_can_generated.dbc,vehicle_can,STEERING_CONTROL,0xe4,COUNTER,,37,2,motorola,False,1.0,0.0,,VEHICLE_PROTOCOL_DOCUMENTED,ADAS_ONLY
honda.insight.gen3.us.ex_2019,honda_insight_ex_2019_can_generated.dbc,vehicle_can,STEERING_CONTROL,0xe4,CHECKSUM,,35,4,motorola,False,1.0,0.0,,VEHICLE_PROTOCOL_DOCUMENTED,ADAS_ONLY
honda.insight.gen3.us.ex_2019,honda_insight_ex_2019_can_generated.dbc,vehicle_can,BOSCH_SUPPLEMENTAL_1,0xe5,SET_ME_X04,,0,8,intel,False,1.0,0.0,,VEHICLE_PROTOCOL_DOCUMENTED,UNKNOWN
honda.insight.gen3.us.ex_2019,honda_insight_ex_2019_can_generated.dbc,vehicle_can,BOSCH_SUPPLEMENTAL_1,0xe5,SET_ME_X00,,8,8,intel,False,1.0,0.0,,VEHICLE_PROTOCOL_DOCUMENTED,UNKNOWN
honda.insight.gen3.us.ex_2019,honda_insight_ex_2019_can_generated.dbc,vehicle_can,BOSCH_SUPPLEMENTAL_1,0xe5,SET_ME_X80,,16,8,intel,False,1.0,0.0,,VEHICLE_PROTOCOL_DOCUMENTED,UNKNOWN
honda.insight.gen3.us.ex_2019,honda_insight_ex_2019_can_generated.dbc,vehicle_can,BOSCH_SUPPLEMENTAL_1,0xe5,SET_ME_X10,,24,8,intel,False,1.0,0.0,,VEHICLE_PROTOCOL_DOCUMENTED,UNKNOWN
honda.insight.gen3.us.ex_2019,honda_insight_ex_2019_can_generated.dbc,vehicle_can,BOSCH_SUPPLEMENTAL_1,0xe5,COUNTER,,61,2,motorola,False,1.0,0.0,,VEHICLE_PROTOCOL_DOCUMENTED,UNKNOWN
honda.insight.gen3.us.ex_2019,honda_insight_ex_2019_can_generated.dbc,vehicle_can,BOSCH_SUPPLEMENTAL_1,0xe5,CHECKSUM,,59,4,motorola,False,1.0,0.0,,VEHICLE_PROTOCOL_DOCUMENTED,UNKNOWN
honda.insight.gen3.us.ex_2019,honda_insight_ex_2019_can_generated.dbc,vehicle_can,BRAKE_HOLD,0xe8,XMISSION_SPEED,vehicle.speed,7,14,motorola,True,1.0,0.0,,CLUSTER_RELEVANT_SIGNAL_DOCUMENTED,DISPLAY_RELEVANT
honda.insight.gen3.us.ex_2019,honda_insight_ex_2019_can_generated.dbc,vehicle_can,BRAKE_HOLD,0xe8,COMPUTER_BRAKE,,39,16,motorola,False,1.0,0.0,,VEHICLE_PROTOCOL_DOCUMENTED,DISPLAY_RELEVANT
honda.insight.gen3.us.ex_2019,honda_insight_ex_2019_can_generated.dbc,vehicle_can,BRAKE_HOLD,0xe8,COMPUTER_BRAKE_REQUEST,,29,1,motorola,False,1.0,0.0,,VEHICLE_PROTOCOL_DOCUMENTED,DISPLAY_RELEVANT
honda.insight.gen3.us.ex_2019,honda_insight_ex_2019_can_generated.dbc,vehicle_can,BRAKE_HOLD,0xe8,COUNTER,,53,2,motorola,False,1.0,0.0,,VEHICLE_PROTOCOL_DOCUMENTED,DISPLAY_RELEVANT
honda.insight.gen3.us.ex_2019,honda_insight_ex_2019_can_generated.dbc,vehicle_can,BRAKE_HOLD,0xe8,CHECKSUM,,51,4,motorola,False,1.0,0.0,,VEHICLE_PROTOCOL_DOCUMENTED,DISPLAY_RELEVANT
honda.insight.gen3.us.ex_2019,honda_insight_ex_2019_can_generated.dbc,vehicle_can,STEER_STATUS,0x18f,STEER_TORQUE_SENSOR,,7,16,motorola,True,-1.0,0.0,tbd,VEHICLE_PROTOCOL_DOCUMENTED,UNKNOWN
honda.insight.gen3.us.ex_2019,honda_insight_ex_2019_can_generated.dbc,vehicle_can,STEER_STATUS,0x18f,STEER_ANGLE_RATE,,23,16,motorola,True,-0.1,0.0,deg/s,VEHICLE_PROTOCOL_DOCUMENTED,UNKNOWN
honda.insight.gen3.us.ex_2019,honda_insight_ex_2019_can_generated.dbc,vehicle_can,STEER_STATUS,0x18f,STEER_STATUS,,39,4,motorola,False,1.0,0.0,,VEHICLE_PROTOCOL_DOCUMENTED,UNKNOWN
honda.insight.gen3.us.ex_2019,honda_insight_ex_2019_can_generated.dbc,vehicle_can,STEER_STATUS,0x18f,STEER_CONTROL_ACTIVE,,35,1,motorola,False,1.0,0.0,,VEHICLE_PROTOCOL_DOCUMENTED,UNKNOWN
honda.insight.gen3.us.ex_2019,honda_insight_ex_2019_can_generated.dbc,vehicle_can,STEER_STATUS,0x18f,STEER_CONFIG_INDEX,,43,4,motorola,False,1.0,0.0,,VEHICLE_PROTOCOL_DOCUMENTED,UNKNOWN
honda.insight.gen3.us.ex_2019,honda_insight_ex_2019_can_generated.dbc,vehicle_can,STEER_STATUS,0x18f,COUNTER,,53,2,motorola,False,1.0,0.0,,VEHICLE_PROTOCOL_DOCUMENTED,UNKNOWN
honda.insight.gen3.us.ex_2019,honda_insight_ex_2019_can_generated.dbc,vehicle_can,STEER_STATUS,0x18f,CHECKSUM,,51,4,motorola,False,1.0,0.0,,VEHICLE_PROTOCOL_DOCUMENTED,UNKNOWN
honda.insight.gen3.us.ex_2019,honda_insight_ex_2019_can_generated.dbc,vehicle_can,EPB_STATUS,0x1c2,EPB_ACTIVE,brakes.parking_brake,3,1,motorola,False,1.0,0.0,,CLUSTER_RELEVANT_SIGNAL_DOCUMENTED,DISPLAY_RELEVANT
honda.insight.gen3.us.ex_2019,honda_insight_ex_2019_can_generated.dbc,vehicle_can,EPB_STATUS,0x1c2,EPB_STATE,,29,2,motorola,False,1.0,0.0,,VEHICLE_PROTOCOL_DOCUMENTED,DISPLAY_RELEVANT
honda.insight.gen3.us.ex_2019,honda_insight_ex_2019_can_generated.dbc,vehicle_can,EPB_STATUS,0x1c2,COUNTER,,61,2,motorola,False,1.0,0.0,,VEHICLE_PROTOCOL_DOCUMENTED,DISPLAY_RELEVANT
honda.insight.gen3.us.ex_2019,honda_insight_ex_2019_can_generated.dbc,vehicle_can,EPB_STATUS,0x1c2,CHECKSUM,,59,4,motorola,False,1.0,0.0,,VEHICLE_PROTOCOL_DOCUMENTED,DISPLAY_RELEVANT
honda.insight.gen3.us.ex_2019,honda_insight_ex_2019_can_generated.dbc,vehicle_can,XXX_16,0x221,ECON_ON,,23,1,motorola,False,1.0,0.0,,VEHICLE_PROTOCOL_DOCUMENTED,UNKNOWN
honda.insight.gen3.us.ex_2019,honda_insight_ex_2019_can_generated.dbc,vehicle_can,XXX_16,0x221,DRIVE_MODE,,37,2,motorola,False,1.0,0.0,,VEHICLE_PROTOCOL_DOCUMENTED,UNKNOWN
honda.insight.gen3.us.ex_2019,honda_insight_ex_2019_can_generated.dbc,vehicle_can,XXX_16,0x221,COUNTER,,45,2,motorola,False,1.0,0.0,,VEHICLE_PROTOCOL_DOCUMENTED,UNKNOWN
honda.insight.gen3.us.ex_2019,honda_insight_ex_2019_can_generated.dbc,vehicle_can,XXX_16,0x221,CHECKSUM,,43,4,motorola,False,1.0,0.0,,VEHICLE_PROTOCOL_DOCUMENTED,UNKNOWN
honda.insight.gen3.us.ex_2019,honda_insight_ex_2019_can_generated.dbc,vehicle_can,LEFT_LANE_LINE_1,0x240,LINE_DISTANCE_VISIBLE,,39,9,motorola,False,1.0,0.0,,VEHICLE_PROTOCOL_DOCUMENTED,UNKNOWN
honda.insight.gen3.us.ex_2019,honda_insight_ex_2019_can_generated.dbc,vehicle_can,LEFT_LANE_LINE_1,0x240,LINE_PROBABILITY,,46,6,motorola,False,0.015625,0.0,,VEHICLE_PROTOCOL_DOCUMENTED,UNKNOWN
honda.insight.gen3.us.ex_2019,honda_insight_ex_2019_can_generated.dbc,vehicle_can,LEFT_LANE_LINE_1,0x240,LINE_OFFSET,,23,12,motorola,False,0.004,-8.192,Meters,VEHICLE_PROTOCOL_DOCUMENTED,UNKNOWN
honda.insight.gen3.us.ex_2019,honda_insight_ex_2019_can_generated.dbc,vehicle_can,LEFT_LANE_LINE_1,0x240,LINE_ANGLE,,7,12,motorola,False,0.0005,-1.024,,VEHICLE_PROTOCOL_DOCUMENTED,UNKNOWN
honda.insight.gen3.us.ex_2019,honda_insight_ex_2019_can_generated.dbc,vehicle_can,LEFT_LANE_LINE_1,0x240,FRAME_INDEX,,8,4,intel,False,1.0,0.0,,VEHICLE_PROTOCOL_DOCUMENTED,UNKNOWN
honda.insight.gen3.us.ex_2019,honda_insight_ex_2019_can_generated.dbc,vehicle_can,LEFT_LANE_LINE_1,0x240,COUNTER,,61,2,motorola,False,1.0,0.0,,VEHICLE_PROTOCOL_DOCUMENTED,UNKNOWN
honda.insight.gen3.us.ex_2019,honda_insight_ex_2019_can_generated.dbc,vehicle_can,LEFT_LANE_LINE_1,0x240,CHECKSUM,,59,4,motorola,False,1.0,0.0,,VEHICLE_PROTOCOL_DOCUMENTED,UNKNOWN
honda.insight.gen3.us.ex_2019,honda_insight_ex_2019_can_generated.dbc,vehicle_can,LEFT_LANE_LINE_2,0x241,LINE_FAR_EDGE_POSITION,,55,8,motorola,False,1.0,-128.0,,VEHICLE_PROTOCOL_DOCUMENTED,UNKNOWN
honda.insight.gen3.us.ex_2019,honda_insight_ex_2019_can_generated.dbc,vehicle_can,LEFT_LANE_LINE_2,0x241,LINE_SOLID,,13,1,motorola,False,1.0,0.0,,VEHICLE_PROTOCOL_DOCUMENTED,UNKNOWN
honda.insight.gen3.us.ex_2019,honda_insight_ex_2019_can_generated.dbc,vehicle_can,LEFT_LANE_LINE_2,0x241,LINE_DASHED,,14,1,motorola,False,1.0,0.0,,VEHICLE_PROTOCOL_DOCUMENTED,UNKNOWN
honda.insight.gen3.us.ex_2019,honda_insight_ex_2019_can_generated.dbc,vehicle_can,LEFT_LANE_LINE_2,0x241,LINE_CURVATURE,,23,12,motorola,False,1e-05,-0.02048,,VEHICLE_PROTOCOL_DOCUMENTED,UNKNOWN
honda.insight.gen3.us.ex_2019,honda_insight_ex_2019_can_generated.dbc,vehicle_can,LEFT_LANE_LINE_2,0x241,LINE_PARAMETER,,39,12,motorola,False,1.0,0.0,,VEHICLE_PROTOCOL_DOCUMENTED,UNKNOWN
honda.insight.gen3.us.ex_2019,honda_insight_ex_2019_can_generated.dbc,vehicle_can,LEFT_LANE_LINE_2,0x241,FRAME_INDEX,,7,4,motorola,False,1.0,0.0,,VEHICLE_PROTOCOL_DOCUMENTED,UNKNOWN
honda.insight.gen3.us.ex_2019,honda_insight_ex_2019_can_generated.dbc,vehicle_can,LEFT_LANE_LINE_2,0x241,COUNTER,,61,2,motorola,False,1.0,0.0,,VEHICLE_PROTOCOL_DOCUMENTED,UNKNOWN
honda.insight.gen3.us.ex_2019,honda_insight_ex_2019_can_generated.dbc,vehicle_can,LEFT_LANE_LINE_2,0x241,CHECKSUM,,59,4,motorola,False,1.0,0.0,,VEHICLE_PROTOCOL_DOCUMENTED,UNKNOWN
honda.insight.gen3.us.ex_2019,honda_insight_ex_2019_can_generated.dbc,vehicle_can,RIGHT_LANE_LINE_1,0x243,LINE_DISTANCE_VISIBLE,,39,9,motorola,False,1.0,0.0,,VEHICLE_PROTOCOL_DOCUMENTED,UNKNOWN
honda.insight.gen3.us.ex_2019,honda_insight_ex_2019_can_generated.dbc,vehicle_can,RIGHT_LANE_LINE_1,0x243,LINE_PROBABILITY,,46,6,motorola,False,0.015625,0.0,,VEHICLE_PROTOCOL_DOCUMENTED,UNKNOWN
honda.insight.gen3.us.ex_2019,honda_insight_ex_2019_can_generated.dbc,vehicle_can,RIGHT_LANE_LINE_1,0x243,LINE_OFFSET,,23,12,motorola,False,0.004,-8.192,Meters,VEHICLE_PROTOCOL_DOCUMENTED,UNKNOWN
honda.insight.gen3.us.ex_2019,honda_insight_ex_2019_can_generated.dbc,vehicle_can,RIGHT_LANE_LINE_1,0x243,LINE_ANGLE,,7,12,motorola,False,0.0005,-1.024,,VEHICLE_PROTOCOL_DOCUMENTED,UNKNOWN
honda.insight.gen3.us.ex_2019,honda_insight_ex_2019_can_generated.dbc,vehicle_can,RIGHT_LANE_LINE_1,0x243,FRAME_INDEX,,8,4,intel,False,1.0,0.0,,VEHICLE_PROTOCOL_DOCUMENTED,UNKNOWN
honda.insight.gen3.us.ex_2019,honda_insight_ex_2019_can_generated.dbc,vehicle_can,RIGHT_LANE_LINE_1,0x243,COUNTER,,61,2,motorola,False,1.0,0.0,,VEHICLE_PROTOCOL_DOCUMENTED,UNKNOWN
honda.insight.gen3.us.ex_2019,honda_insight_ex_2019_can_generated.dbc,vehicle_can,RIGHT_LANE_LINE_1,0x243,CHECKSUM,,59,4,motorola,False,1.0,0.0,,VEHICLE_PROTOCOL_DOCUMENTED,UNKNOWN
honda.insight.gen3.us.ex_2019,honda_insight_ex_2019_can_generated.dbc,vehicle_can,RIGHT_LANE_LINE_2,0x244,LINE_FAR_EDGE_POSITION,,55,8,motorola,False,1.0,-128.0,,VEHICLE_PROTOCOL_DOCUMENTED,UNKNOWN
honda.insight.gen3.us.ex_2019,honda_insight_ex_2019_can_generated.dbc,vehicle_can,RIGHT_LANE_LINE_2,0x244,LINE_SOLID,,13,1,motorola,False,1.0,0.0,,VEHICLE_PROTOCOL_DOCUMENTED,UNKNOWN
honda.insight.gen3.us.ex_2019,honda_insight_ex_2019_can_generated.dbc,vehicle_can,RIGHT_LANE_LINE_2,0x244,LINE_DASHED,,14,1,motorola,False,1.0,0.0,,VEHICLE_PROTOCOL_DOCUMENTED,UNKNOWN
honda.insight.gen3.us.ex_2019,honda_insight_ex_2019_can_generated.dbc,vehicle_can,RIGHT_LANE_LINE_2,0x244,LINE_CURVATURE,,23,12,motorola,False,1e-05,-0.02048,,VEHICLE_PROTOCOL_DOCUMENTED,UNKNOWN
honda.insight.gen3.us.ex_2019,honda_insight_ex_2019_can_generated.dbc,vehicle_can,RIGHT_LANE_LINE_2,0x244,LINE_PARAMETER,,39,12,motorola,False,1.0,0.0,,VEHICLE_PROTOCOL_DOCUMENTED,UNKNOWN
honda.insight.gen3.us.ex_2019,honda_insight_ex_2019_can_generated.dbc,vehicle_can,RIGHT_LANE_LINE_2,0x244,FRAME_INDEX,,7,4,motorola,False,1.0,0.0,,VEHICLE_PROTOCOL_DOCUMENTED,UNKNOWN
honda.insight.gen3.us.ex_2019,honda_insight_ex_2019_can_generated.dbc,vehicle_can,RIGHT_LANE_LINE_2,0x244,COUNTER,,61,2,motorola,False,1.0,0.0,,VEHICLE_PROTOCOL_DOCUMENTED,UNKNOWN
honda.insight.gen3.us.ex_2019,honda_insight_ex_2019_can_generated.dbc,vehicle_can,RIGHT_LANE_LINE_2,0x244,CHECKSUM,,59,4,motorola,False,1.0,0.0,,VEHICLE_PROTOCOL_DOCUMENTED,UNKNOWN
honda.insight.gen3.us.ex_2019,honda_insight_ex_2019_can_generated.dbc,vehicle_can,ADJACENT_LEFT_LANE_LINE_1,0x246,LINE_DISTANCE_VISIBLE,,39,9,motorola,False,1.0,0.0,,VEHICLE_PROTOCOL_DOCUMENTED,UNKNOWN
honda.insight.gen3.us.ex_2019,honda_insight_ex_2019_can_generated.dbc,vehicle_can,ADJACENT_LEFT_LANE_LINE_1,0x246,LINE_PROBABILITY,,46,6,motorola,False,0.015625,0.0,,VEHICLE_PROTOCOL_DOCUMENTED,UNKNOWN
honda.insight.gen3.us.ex_2019,honda_insight_ex_2019_can_generated.dbc,vehicle_can,ADJACENT_LEFT_LANE_LINE_1,0x246,LINE_OFFSET,,23,12,motorola,False,0.004,-8.192,Meters,VEHICLE_PROTOCOL_DOCUMENTED,UNKNOWN
honda.insight.gen3.us.ex_2019,honda_insight_ex_2019_can_generated.dbc,vehicle_can,ADJACENT_LEFT_LANE_LINE_1,0x246,LINE_ANGLE,,7,12,motorola,False,0.0005,-1.024,,VEHICLE_PROTOCOL_DOCUMENTED,UNKNOWN
honda.insight.gen3.us.ex_2019,honda_insight_ex_2019_can_generated.dbc,vehicle_can,ADJACENT_LEFT_LANE_LINE_1,0x246,FRAME_INDEX,,8,4,intel,False,1.0,0.0,,VEHICLE_PROTOCOL_DOCUMENTED,UNKNOWN
honda.insight.gen3.us.ex_2019,honda_insight_ex_2019_can_generated.dbc,vehicle_can,ADJACENT_LEFT_LANE_LINE_1,0x246,COUNTER,,61,2,motorola,False,1.0,0.0,,VEHICLE_PROTOCOL_DOCUMENTED,UNKNOWN
honda.insight.gen3.us.ex_2019,honda_insight_ex_2019_can_generated.dbc,vehicle_can,ADJACENT_LEFT_LANE_LINE_1,0x246,CHECKSUM,,59,4,motorola,False,1.0,0.0,,VEHICLE_PROTOCOL_DOCUMENTED,UNKNOWN
honda.insight.gen3.us.ex_2019,honda_insight_ex_2019_can_generated.dbc,vehicle_can,ADJACENT_LEFT_LANE_LINE_2,0x247,LINE_FAR_EDGE_POSITION,,55,8,motorola,False,1.0,-128.0,,VEHICLE_PROTOCOL_DOCUMENTED,UNKNOWN
honda.insight.gen3.us.ex_2019,honda_insight_ex_2019_can_generated.dbc,vehicle_can,ADJACENT_LEFT_LANE_LINE_2,0x247,LINE_SOLID,,13,1,motorola,False,1.0,0.0,,VEHICLE_PROTOCOL_DOCUMENTED,UNKNOWN
honda.insight.gen3.us.ex_2019,honda_insight_ex_2019_can_generated.dbc,vehicle_can,ADJACENT_LEFT_LANE_LINE_2,0x247,LINE_DASHED,,14,1,motorola,False,1.0,0.0,,VEHICLE_PROTOCOL_DOCUMENTED,UNKNOWN
honda.insight.gen3.us.ex_2019,honda_insight_ex_2019_can_generated.dbc,vehicle_can,ADJACENT_LEFT_LANE_LINE_2,0x247,LINE_CURVATURE,,23,12,motorola,False,1e-05,-0.02048,,VEHICLE_PROTOCOL_DOCUMENTED,UNKNOWN
honda.insight.gen3.us.ex_2019,honda_insight_ex_2019_can_generated.dbc,vehicle_can,ADJACENT_LEFT_LANE_LINE_2,0x247,LINE_PARAMETER,,39,12,motorola,False,1.0,0.0,,VEHICLE_PROTOCOL_DOCUMENTED,UNKNOWN
honda.insight.gen3.us.ex_2019,honda_insight_ex_2019_can_generated.dbc,vehicle_can,ADJACENT_LEFT_LANE_LINE_2,0x247,FRAME_INDEX,,7,4,motorola,False,1.0,0.0,,VEHICLE_PROTOCOL_DOCUMENTED,UNKNOWN
honda.insight.gen3.us.ex_2019,honda_insight_ex_2019_can_generated.dbc,vehicle_can,ADJACENT_LEFT_LANE_LINE_2,0x247,COUNTER,,61,2,motorola,False,1.0,0.0,,VEHICLE_PROTOCOL_DOCUMENTED,UNKNOWN
honda.insight.gen3.us.ex_2019,honda_insight_ex_2019_can_generated.dbc,vehicle_can,ADJACENT_LEFT_LANE_LINE_2,0x247,CHECKSUM,,59,4,motorola,False,1.0,0.0,,VEHICLE_PROTOCOL_DOCUMENTED,UNKNOWN
honda.insight.gen3.us.ex_2019,honda_insight_ex_2019_can_generated.dbc,vehicle_can,ADJACENT_RIGHT_LANE_LINE_1,0x249,LINE_DISTANCE_VISIBLE,,39,9,motorola,False,1.0,0.0,,VEHICLE_PROTOCOL_DOCUMENTED,UNKNOWN
honda.insight.gen3.us.ex_2019,honda_insight_ex_2019_can_generated.dbc,vehicle_can,ADJACENT_RIGHT_LANE_LINE_1,0x249,LINE_PROBABILITY,,46,6,motorola,False,0.015625,0.0,,VEHICLE_PROTOCOL_DOCUMENTED,UNKNOWN
honda.insight.gen3.us.ex_2019,honda_insight_ex_2019_can_generated.dbc,vehicle_can,ADJACENT_RIGHT_LANE_LINE_1,0x249,LINE_OFFSET,,23,12,motorola,False,0.004,-8.192,Meters,VEHICLE_PROTOCOL_DOCUMENTED,UNKNOWN
honda.insight.gen3.us.ex_2019,honda_insight_ex_2019_can_generated.dbc,vehicle_can,ADJACENT_RIGHT_LANE_LINE_1,0x249,LINE_ANGLE,,7,12,motorola,False,0.0005,-1.024,,VEHICLE_PROTOCOL_DOCUMENTED,UNKNOWN
honda.insight.gen3.us.ex_2019,honda_insight_ex_2019_can_generated.dbc,vehicle_can,ADJACENT_RIGHT_LANE_LINE_1,0x249,FRAME_INDEX,,8,4,intel,False,1.0,0.0,,VEHICLE_PROTOCOL_DOCUMENTED,UNKNOWN
honda.insight.gen3.us.ex_2019,honda_insight_ex_2019_can_generated.dbc,vehicle_can,ADJACENT_RIGHT_LANE_LINE_1,0x249,COUNTER,,61,2,motorola,False,1.0,0.0,,VEHICLE_PROTOCOL_DOCUMENTED,UNKNOWN
honda.insight.gen3.us.ex_2019,honda_insight_ex_2019_can_generated.dbc,vehicle_can,ADJACENT_RIGHT_LANE_LINE_1,0x249,CHECKSUM,,59,4,motorola,False,1.0,0.0,,VEHICLE_PROTOCOL_DOCUMENTED,UNKNOWN
honda.insight.gen3.us.ex_2019,honda_insight_ex_2019_can_generated.dbc,vehicle_can,ADJACENT_RIGHT_LANE_LINE_2,0x24a,LINE_FAR_EDGE_POSITION,,55,8,motorola,False,1.0,-128.0,,VEHICLE_PROTOCOL_DOCUMENTED,UNKNOWN
honda.insight.gen3.us.ex_2019,honda_insight_ex_2019_can_generated.dbc,vehicle_can,ADJACENT_RIGHT_LANE_LINE_2,0x24a,LINE_SOLID,,13,1,motorola,False,1.0,0.0,,VEHICLE_PROTOCOL_DOCUMENTED,UNKNOWN
honda.insight.gen3.us.ex_2019,honda_insight_ex_2019_can_generated.dbc,vehicle_can,ADJACENT_RIGHT_LANE_LINE_2,0x24a,LINE_DASHED,,14,1,motorola,False,1.0,0.0,,VEHICLE_PROTOCOL_DOCUMENTED,UNKNOWN
honda.insight.gen3.us.ex_2019,honda_insight_ex_2019_can_generated.dbc,vehicle_can,ADJACENT_RIGHT_LANE_LINE_2,0x24a,LINE_CURVATURE,,23,12,motorola,False,1e-05,-0.02048,,VEHICLE_PROTOCOL_DOCUMENTED,UNKNOWN
honda.insight.gen3.us.ex_2019,honda_insight_ex_2019_can_generated.dbc,vehicle_can,ADJACENT_RIGHT_LANE_LINE_2,0x24a,LINE_PARAMETER,,39,12,motorola,False,1.0,0.0,,VEHICLE_PROTOCOL_DOCUMENTED,UNKNOWN
honda.insight.gen3.us.ex_2019,honda_insight_ex_2019_can_generated.dbc,vehicle_can,ADJACENT_RIGHT_LANE_LINE_2,0x24a,FRAME_INDEX,,7,4,motorola,False,1.0,0.0,,VEHICLE_PROTOCOL_DOCUMENTED,UNKNOWN
honda.insight.gen3.us.ex_2019,honda_insight_ex_2019_can_generated.dbc,vehicle_can,ADJACENT_RIGHT_LANE_LINE_2,0x24a,COUNTER,,61,2,motorola,False,1.0,0.0,,VEHICLE_PROTOCOL_DOCUMENTED,UNKNOWN
honda.insight.gen3.us.ex_2019,honda_insight_ex_2019_can_generated.dbc,vehicle_can,ADJACENT_RIGHT_LANE_LINE_2,0x24a,CHECKSUM,,59,4,motorola,False,1.0,0.0,,VEHICLE_PROTOCOL_DOCUMENTED,UNKNOWN
honda.insight.gen3.us.ex_2019,honda_insight_ex_2019_can_generated.dbc,vehicle_can,ROUGH_WHEEL_SPEED,0x255,WHEEL_SPEED_FL,,7,8,motorola,False,1.0,0.0,mph,VEHICLE_PROTOCOL_DOCUMENTED,POWERTRAIN_ONLY
honda.insight.gen3.us.ex_2019,honda_insight_ex_2019_can_generated.dbc,vehicle_can,ROUGH_WHEEL_SPEED,0x255,WHEEL_SPEED_FR,,15,8,motorola,False,1.0,0.0,mph,VEHICLE_PROTOCOL_DOCUMENTED,POWERTRAIN_ONLY
honda.insight.gen3.us.ex_2019,honda_insight_ex_2019_can_generated.dbc,vehicle_can,ROUGH_WHEEL_SPEED,0x255,WHEEL_SPEED_RL,,23,8,motorola,False,1.0,0.0,mph,VEHICLE_PROTOCOL_DOCUMENTED,POWERTRAIN_ONLY
honda.insight.gen3.us.ex_2019,honda_insight_ex_2019_can_generated.dbc,vehicle_can,ROUGH_WHEEL_SPEED,0x255,WHEEL_SPEED_RR,,31,8,motorola,False,1.0,0.0,mph,VEHICLE_PROTOCOL_DOCUMENTED,POWERTRAIN_ONLY
honda.insight.gen3.us.ex_2019,honda_insight_ex_2019_can_generated.dbc,vehicle_can,ROUGH_WHEEL_SPEED,0x255,SET_TO_X55,,39,8,motorola,False,1.0,0.0,,VEHICLE_PROTOCOL_DOCUMENTED,POWERTRAIN_ONLY
honda.insight.gen3.us.ex_2019,honda_insight_ex_2019_can_generated.dbc,vehicle_can,ROUGH_WHEEL_SPEED,0x255,SET_TO_X55_2,,47,8,motorola,False,1.0,0.0,,VEHICLE_PROTOCOL_DOCUMENTED,POWERTRAIN_ONLY
honda.insight.gen3.us.ex_2019,honda_insight_ex_2019_can_generated.dbc,vehicle_can,ROUGH_WHEEL_SPEED,0x255,LONG_COUNTER,,55,8,motorola,False,1.0,0.0,,VEHICLE_PROTOCOL_DOCUMENTED,POWERTRAIN_ONLY
honda.insight.gen3.us.ex_2019,honda_insight_ex_2019_can_generated.dbc,vehicle_can,ROUGH_WHEEL_SPEED,0x255,CHECKSUM,,59,4,motorola,False,1.0,0.0,,VEHICLE_PROTOCOL_DOCUMENTED,POWERTRAIN_ONLY
honda.insight.gen3.us.ex_2019,honda_insight_ex_2019_can_generated.dbc,vehicle_can,ROUGH_WHEEL_SPEED,0x255,COUNTER,,61,2,motorola,False,1.0,0.0,,VEHICLE_PROTOCOL_DOCUMENTED,POWERTRAIN_ONLY
honda.insight.gen3.us.ex_2019,honda_insight_ex_2019_can_generated.dbc,vehicle_can,SCM_BUTTONS,0x296,CRUISE_BUTTONS,,7,3,motorola,False,1.0,0.0,,VEHICLE_PROTOCOL_DOCUMENTED,BODY_RELEVANT
honda.insight.gen3.us.ex_2019,honda_insight_ex_2019_can_generated.dbc,vehicle_can,SCM_BUTTONS,0x296,CRUISE_SETTING,,3,2,motorola,False,1.0,0.0,,VEHICLE_PROTOCOL_DOCUMENTED,BODY_RELEVANT
honda.insight.gen3.us.ex_2019,honda_insight_ex_2019_can_generated.dbc,vehicle_can,SCM_BUTTONS,0x296,COUNTER,,29,2,motorola,False,1.0,0.0,,VEHICLE_PROTOCOL_DOCUMENTED,BODY_RELEVANT
honda.insight.gen3.us.ex_2019,honda_insight_ex_2019_can_generated.dbc,vehicle_can,SCM_BUTTONS,0x296,CHECKSUM,,27,4,motorola,False,1.0,0.0,,VEHICLE_PROTOCOL_DOCUMENTED,BODY_RELEVANT
honda.insight.gen3.us.ex_2019,honda_insight_ex_2019_can_generated.dbc,vehicle_can,SCM_FEEDBACK,0x326,DRIVERS_DOOR_OPEN,,17,1,motorola,False,1.0,0.0,,VEHICLE_PROTOCOL_DOCUMENTED,DISPLAY_RELEVANT
honda.insight.gen3.us.ex_2019,honda_insight_ex_2019_can_generated.dbc,vehicle_can,SCM_FEEDBACK,0x326,MAIN_ON,,28,1,motorola,False,1.0,0.0,,VEHICLE_PROTOCOL_DOCUMENTED,DISPLAY_RELEVANT
honda.insight.gen3.us.ex_2019,honda_insight_ex_2019_can_generated.dbc,vehicle_can,SCM_FEEDBACK,0x326,RIGHT_BLINKER,lighting.right_indicator,27,1,motorola,False,1.0,0.0,,CLUSTER_RELEVANT_SIGNAL_DOCUMENTED,DISPLAY_RELEVANT
honda.insight.gen3.us.ex_2019,honda_insight_ex_2019_can_generated.dbc,vehicle_can,SCM_FEEDBACK,0x326,LEFT_BLINKER,lighting.left_indicator,26,1,motorola,False,1.0,0.0,,CLUSTER_RELEVANT_SIGNAL_DOCUMENTED,DISPLAY_RELEVANT
honda.insight.gen3.us.ex_2019,honda_insight_ex_2019_can_generated.dbc,vehicle_can,SCM_FEEDBACK,0x326,CMBS_STATES,,22,2,motorola,False,1.0,0.0,,VEHICLE_PROTOCOL_DOCUMENTED,DISPLAY_RELEVANT
honda.insight.gen3.us.ex_2019,honda_insight_ex_2019_can_generated.dbc,vehicle_can,SCM_FEEDBACK,0x326,COUNTER,,61,2,motorola,False,1.0,0.0,,VEHICLE_PROTOCOL_DOCUMENTED,DISPLAY_RELEVANT
honda.insight.gen3.us.ex_2019,honda_insight_ex_2019_can_generated.dbc,vehicle_can,SCM_FEEDBACK,0x326,CHECKSUM,,59,4,motorola,False,1.0,0.0,,VEHICLE_PROTOCOL_DOCUMENTED,DISPLAY_RELEVANT
honda.insight.gen3.us.ex_2019,honda_insight_ex_2019_can_generated.dbc,vehicle_can,CAMERA_MESSAGES,0x35e,ZEROS_BOH,,7,50,motorola,False,1.0,0.0,,VEHICLE_PROTOCOL_DOCUMENTED,ADAS_ONLY
honda.insight.gen3.us.ex_2019,honda_insight_ex_2019_can_generated.dbc,vehicle_can,CAMERA_MESSAGES,0x35e,AUTO_HIGHBEAMS_ACTIVE,,53,1,motorola,False,1.0,0.0,,VEHICLE_PROTOCOL_DOCUMENTED,ADAS_ONLY
honda.insight.gen3.us.ex_2019,honda_insight_ex_2019_can_generated.dbc,vehicle_can,CAMERA_MESSAGES,0x35e,HIGHBEAMS_ON,,52,1,motorola,False,1.0,0.0,,VEHICLE_PROTOCOL_DOCUMENTED,ADAS_ONLY
honda.insight.gen3.us.ex_2019,honda_insight_ex_2019_can_generated.dbc,vehicle_can,CAMERA_MESSAGES,0x35e,ZEROS_BOH_2,,51,4,motorola,False,1.0,0.0,,VEHICLE_PROTOCOL_DOCUMENTED,ADAS_ONLY
honda.insight.gen3.us.ex_2019,honda_insight_ex_2019_can_generated.dbc,vehicle_can,CAMERA_MESSAGES,0x35e,COUNTER,,61,2,motorola,False,1.0,0.0,,VEHICLE_PROTOCOL_DOCUMENTED,ADAS_ONLY
honda.insight.gen3.us.ex_2019,honda_insight_ex_2019_can_generated.dbc,vehicle_can,CAMERA_MESSAGES,0x35e,CHECKSUM,,59,4,motorola,False,1.0,0.0,,VEHICLE_PROTOCOL_DOCUMENTED,ADAS_ONLY
honda.insight.gen3.us.ex_2019,honda_insight_ex_2019_can_generated.dbc,vehicle_can,RADAR_HUD,0x39f,ZEROS_BOH,,7,10,motorola,False,1.0,0.0,,VEHICLE_PROTOCOL_DOCUMENTED,ADAS_ONLY
honda.insight.gen3.us.ex_2019,honda_insight_ex_2019_can_generated.dbc,vehicle_can,RADAR_HUD,0x39f,CMBS_OFF,,12,1,motorola,False,1.0,0.0,,VEHICLE_PROTOCOL_DOCUMENTED,ADAS_ONLY
honda.insight.gen3.us.ex_2019,honda_insight_ex_2019_can_generated.dbc,vehicle_can,RADAR_HUD,0x39f,RESUME_INSTRUCTION,,21,1,motorola,False,1.0,0.0,,VEHICLE_PROTOCOL_DOCUMENTED,ADAS_ONLY
honda.insight.gen3.us.ex_2019,honda_insight_ex_2019_can_generated.dbc,vehicle_can,RADAR_HUD,0x39f,SET_TO_1,,13,1,motorola,False,1.0,0.0,,VEHICLE_PROTOCOL_DOCUMENTED,ADAS_ONLY
honda.insight.gen3.us.ex_2019,honda_insight_ex_2019_can_generated.dbc,vehicle_can,RADAR_HUD,0x39f,ZEROS_BOH2,,11,4,motorola,False,1.0,0.0,,VEHICLE_PROTOCOL_DOCUMENTED,ADAS_ONLY
honda.insight.gen3.us.ex_2019,honda_insight_ex_2019_can_generated.dbc,vehicle_can,RADAR_HUD,0x39f,APPLY_BRAKES_FOR_CANC,,23,1,motorola,False,1.0,0.0,,VEHICLE_PROTOCOL_DOCUMENTED,ADAS_ONLY
honda.insight.gen3.us.ex_2019,honda_insight_ex_2019_can_generated.dbc,vehicle_can,RADAR_HUD,0x39f,ACC_ALERTS,,20,5,motorola,False,1.0,0.0,,VEHICLE_PROTOCOL_DOCUMENTED,ADAS_ONLY
honda.insight.gen3.us.ex_2019,honda_insight_ex_2019_can_generated.dbc,vehicle_can,RADAR_HUD,0x39f,SET_TO_0,,22,1,motorola,False,1.0,0.0,,VEHICLE_PROTOCOL_DOCUMENTED,ADAS_ONLY
honda.insight.gen3.us.ex_2019,honda_insight_ex_2019_can_generated.dbc,vehicle_can,RADAR_HUD,0x39f,HUD_LEAD,,40,1,motorola,False,1.0,0.0,,VEHICLE_PROTOCOL_DOCUMENTED,ADAS_ONLY
honda.insight.gen3.us.ex_2019,honda_insight_ex_2019_can_generated.dbc,vehicle_can,RADAR_HUD,0x39f,SET_TO_64,,31,8,motorola,False,1.0,0.0,,VEHICLE_PROTOCOL_DOCUMENTED,ADAS_ONLY
honda.insight.gen3.us.ex_2019,honda_insight_ex_2019_can_generated.dbc,vehicle_can,RADAR_HUD,0x39f,LEAD_DISTANCE,,39,8,motorola,False,1.0,0.0,,VEHICLE_PROTOCOL_DOCUMENTED,ADAS_ONLY
honda.insight.gen3.us.ex_2019,honda_insight_ex_2019_can_generated.dbc,vehicle_can,RADAR_HUD,0x39f,ZEROS_BOH3,,47,7,motorola,False,1.0,0.0,,VEHICLE_PROTOCOL_DOCUMENTED,ADAS_ONLY
honda.insight.gen3.us.ex_2019,honda_insight_ex_2019_can_generated.dbc,vehicle_can,RADAR_HUD,0x39f,ZEROS_BOH4,,55,8,motorola,False,1.0,0.0,,VEHICLE_PROTOCOL_DOCUMENTED,ADAS_ONLY
honda.insight.gen3.us.ex_2019,honda_insight_ex_2019_can_generated.dbc,vehicle_can,RADAR_HUD,0x39f,COUNTER,,61,2,motorola,False,1.0,0.0,,VEHICLE_PROTOCOL_DOCUMENTED,ADAS_ONLY
honda.insight.gen3.us.ex_2019,honda_insight_ex_2019_can_generated.dbc,vehicle_can,RADAR_HUD,0x39f,CHECKSUM,,59,4,motorola,False,1.0,0.0,,VEHICLE_PROTOCOL_DOCUMENTED,ADAS_ONLY
honda.insight.gen3.us.ex_2019,honda_insight_ex_2019_can_generated.dbc,vehicle_can,LKAS_HUD_A,0x000033DA,CAM_TEMP_HIGH,,7,1,motorola,False,1.0,0.0,,VEHICLE_PROTOCOL_DOCUMENTED,ADAS_ONLY
honda.insight.gen3.us.ex_2019,honda_insight_ex_2019_can_generated.dbc,vehicle_can,LKAS_HUD_A,0x000033DA,SET_ME_X41,,6,7,motorola,False,1.0,0.0,,VEHICLE_PROTOCOL_DOCUMENTED,ADAS_ONLY
honda.insight.gen3.us.ex_2019,honda_insight_ex_2019_can_generated.dbc,vehicle_can,LKAS_HUD_A,0x000033DA,BOH,,6,7,motorola,False,1.0,0.0,,VEHICLE_PROTOCOL_DOCUMENTED,ADAS_ONLY
honda.insight.gen3.us.ex_2019,honda_insight_ex_2019_can_generated.dbc,vehicle_can,LKAS_HUD_A,0x000033DA,DASHED_LANES,,14,1,motorola,False,1.0,0.0,,VEHICLE_PROTOCOL_DOCUMENTED,ADAS_ONLY
honda.insight.gen3.us.ex_2019,honda_insight_ex_2019_can_generated.dbc,vehicle_can,LKAS_HUD_A,0x000033DA,DTC,,13,1,motorola,False,1.0,0.0,,VEHICLE_PROTOCOL_DOCUMENTED,ADAS_ONLY
honda.insight.gen3.us.ex_2019,honda_insight_ex_2019_can_generated.dbc,vehicle_can,LKAS_HUD_A,0x000033DA,LKAS_PROBLEM,,12,1,motorola,False,1.0,0.0,,VEHICLE_PROTOCOL_DOCUMENTED,ADAS_ONLY
honda.insight.gen3.us.ex_2019,honda_insight_ex_2019_can_generated.dbc,vehicle_can,LKAS_HUD_A,0x000033DA,LKAS_OFF,,11,1,motorola,False,1.0,0.0,,VEHICLE_PROTOCOL_DOCUMENTED,ADAS_ONLY
honda.insight.gen3.us.ex_2019,honda_insight_ex_2019_can_generated.dbc,vehicle_can,LKAS_HUD_A,0x000033DA,SOLID_LANES,,10,1,motorola,False,1.0,0.0,,VEHICLE_PROTOCOL_DOCUMENTED,ADAS_ONLY
honda.insight.gen3.us.ex_2019,honda_insight_ex_2019_can_generated.dbc,vehicle_can,LKAS_HUD_A,0x000033DA,LDW_RIGHT,,9,1,motorola,False,1.0,0.0,,VEHICLE_PROTOCOL_DOCUMENTED,ADAS_ONLY
honda.insight.gen3.us.ex_2019,honda_insight_ex_2019_can_generated.dbc,vehicle_can,LKAS_HUD_A,0x000033DA,STEERING_REQUIRED,,8,1,motorola,False,1.0,0.0,,VEHICLE_PROTOCOL_DOCUMENTED,ADAS_ONLY
honda.insight.gen3.us.ex_2019,honda_insight_ex_2019_can_generated.dbc,vehicle_can,LKAS_HUD_A,0x000033DA,BOH_2,,23,2,motorola,False,1.0,0.0,,VEHICLE_PROTOCOL_DOCUMENTED,ADAS_ONLY
honda.insight.gen3.us.ex_2019,honda_insight_ex_2019_can_generated.dbc,vehicle_can,LKAS_HUD_A,0x000033DA,LDW_PROBLEM,,21,1,motorola,False,1.0,0.0,,VEHICLE_PROTOCOL_DOCUMENTED,ADAS_ONLY
honda.insight.gen3.us.ex_2019,honda_insight_ex_2019_can_generated.dbc,vehicle_can,LKAS_HUD_A,0x000033DA,BEEP,,17,2,motorola,False,1.0,0.0,,VEHICLE_PROTOCOL_DOCUMENTED,ADAS_ONLY
honda.insight.gen3.us.ex_2019,honda_insight_ex_2019_can_generated.dbc,vehicle_can,LKAS_HUD_A,0x000033DA,SET_ME_X01,,20,1,motorola,False,1.0,0.0,,VEHICLE_PROTOCOL_DOCUMENTED,ADAS_ONLY
honda.insight.gen3.us.ex_2019,honda_insight_ex_2019_can_generated.dbc,vehicle_can,LKAS_HUD_A,0x000033DA,LDW_ON,,28,1,motorola,False,1.0,0.0,,VEHICLE_PROTOCOL_DOCUMENTED,ADAS_ONLY
honda.insight.gen3.us.ex_2019,honda_insight_ex_2019_can_generated.dbc,vehicle_can,LKAS_HUD_A,0x000033DA,LDW_OFF,,27,1,motorola,False,1.0,0.0,,VEHICLE_PROTOCOL_DOCUMENTED,ADAS_ONLY
honda.insight.gen3.us.ex_2019,honda_insight_ex_2019_can_generated.dbc,vehicle_can,LKAS_HUD_A,0x000033DA,CLEAN_WINDSHIELD,,26,1,motorola,False,1.0,0.0,,VEHICLE_PROTOCOL_DOCUMENTED,ADAS_ONLY
honda.insight.gen3.us.ex_2019,honda_insight_ex_2019_can_generated.dbc,vehicle_can,LKAS_HUD_A,0x000033DA,COUNTER,,37,2,motorola,False,1.0,0.0,,VEHICLE_PROTOCOL_DOCUMENTED,ADAS_ONLY
honda.insight.gen3.us.ex_2019,honda_insight_ex_2019_can_generated.dbc,vehicle_can,LKAS_HUD_A,0x000033DA,CHECKSUM,,35,4,motorola,False,1.0,0.0,,VEHICLE_PROTOCOL_DOCUMENTED,ADAS_ONLY
honda.insight.gen3.us.ex_2019,honda_insight_ex_2019_can_generated.dbc,vehicle_can,LKAS_HUD_B,0x000033DB,CAM_TEMP_HIGH,,7,1,motorola,False,1.0,0.0,,VEHICLE_PROTOCOL_DOCUMENTED,ADAS_ONLY
honda.insight.gen3.us.ex_2019,honda_insight_ex_2019_can_generated.dbc,vehicle_can,LKAS_HUD_B,0x000033DB,SET_ME_X41,,6,7,motorola,False,1.0,0.0,,VEHICLE_PROTOCOL_DOCUMENTED,ADAS_ONLY
honda.insight.gen3.us.ex_2019,honda_insight_ex_2019_can_generated.dbc,vehicle_can,LKAS_HUD_B,0x000033DB,BOH,,6,7,motorola,False,1.0,0.0,,VEHICLE_PROTOCOL_DOCUMENTED,ADAS_ONLY
honda.insight.gen3.us.ex_2019,honda_insight_ex_2019_can_generated.dbc,vehicle_can,LKAS_HUD_B,0x000033DB,DASHED_LANES,,14,1,motorola,False,1.0,0.0,,VEHICLE_PROTOCOL_DOCUMENTED,ADAS_ONLY
honda.insight.gen3.us.ex_2019,honda_insight_ex_2019_can_generated.dbc,vehicle_can,LKAS_HUD_B,0x000033DB,DTC,,13,1,motorola,False,1.0,0.0,,VEHICLE_PROTOCOL_DOCUMENTED,ADAS_ONLY
honda.insight.gen3.us.ex_2019,honda_insight_ex_2019_can_generated.dbc,vehicle_can,LKAS_HUD_B,0x000033DB,LKAS_PROBLEM,,12,1,motorola,False,1.0,0.0,,VEHICLE_PROTOCOL_DOCUMENTED,ADAS_ONLY
honda.insight.gen3.us.ex_2019,honda_insight_ex_2019_can_generated.dbc,vehicle_can,LKAS_HUD_B,0x000033DB,LKAS_OFF,,11,1,motorola,False,1.0,0.0,,VEHICLE_PROTOCOL_DOCUMENTED,ADAS_ONLY
honda.insight.gen3.us.ex_2019,honda_insight_ex_2019_can_generated.dbc,vehicle_can,LKAS_HUD_B,0x000033DB,SOLID_LANES,,10,1,motorola,False,1.0,0.0,,VEHICLE_PROTOCOL_DOCUMENTED,ADAS_ONLY
honda.insight.gen3.us.ex_2019,honda_insight_ex_2019_can_generated.dbc,vehicle_can,LKAS_HUD_B,0x000033DB,LDW_RIGHT,,9,1,motorola,False,1.0,0.0,,VEHICLE_PROTOCOL_DOCUMENTED,ADAS_ONLY
honda.insight.gen3.us.ex_2019,honda_insight_ex_2019_can_generated.dbc,vehicle_can,LKAS_HUD_B,0x000033DB,STEERING_REQUIRED,,8,1,motorola,False,1.0,0.0,,VEHICLE_PROTOCOL_DOCUMENTED,ADAS_ONLY
honda.insight.gen3.us.ex_2019,honda_insight_ex_2019_can_generated.dbc,vehicle_can,LKAS_HUD_B,0x000033DB,BOH_2,,23,2,motorola,False,1.0,0.0,,VEHICLE_PROTOCOL_DOCUMENTED,ADAS_ONLY
honda.insight.gen3.us.ex_2019,honda_insight_ex_2019_can_generated.dbc,vehicle_can,LKAS_HUD_B,0x000033DB,LDW_PROBLEM,,21,1,motorola,False,1.0,0.0,,VEHICLE_PROTOCOL_DOCUMENTED,ADAS_ONLY
honda.insight.gen3.us.ex_2019,honda_insight_ex_2019_can_generated.dbc,vehicle_can,LKAS_HUD_B,0x000033DB,BEEP,,17,2,motorola,False,1.0,0.0,,VEHICLE_PROTOCOL_DOCUMENTED,ADAS_ONLY
honda.insight.gen3.us.ex_2019,honda_insight_ex_2019_can_generated.dbc,vehicle_can,LKAS_HUD_B,0x000033DB,SET_ME_X01,,20,1,motorola,False,1.0,0.0,,VEHICLE_PROTOCOL_DOCUMENTED,ADAS_ONLY
honda.insight.gen3.us.ex_2019,honda_insight_ex_2019_can_generated.dbc,vehicle_can,LKAS_HUD_B,0x000033DB,LDW_ON,,28,1,motorola,False,1.0,0.0,,VEHICLE_PROTOCOL_DOCUMENTED,ADAS_ONLY
honda.insight.gen3.us.ex_2019,honda_insight_ex_2019_can_generated.dbc,vehicle_can,LKAS_HUD_B,0x000033DB,LDW_OFF,,27,1,motorola,False,1.0,0.0,,VEHICLE_PROTOCOL_DOCUMENTED,ADAS_ONLY
honda.insight.gen3.us.ex_2019,honda_insight_ex_2019_can_generated.dbc,vehicle_can,LKAS_HUD_B,0x000033DB,CLEAN_WINDSHIELD,,26,1,motorola,False,1.0,0.0,,VEHICLE_PROTOCOL_DOCUMENTED,ADAS_ONLY
honda.insight.gen3.us.ex_2019,honda_insight_ex_2019_can_generated.dbc,vehicle_can,LKAS_HUD_B,0x000033DB,COUNTER,,61,2,motorola,False,1.0,0.0,,VEHICLE_PROTOCOL_DOCUMENTED,ADAS_ONLY
honda.insight.gen3.us.ex_2019,honda_insight_ex_2019_can_generated.dbc,vehicle_can,LKAS_HUD_B,0x000033DB,CHECKSUM,,59,4,motorola,False,1.0,0.0,,VEHICLE_PROTOCOL_DOCUMENTED,ADAS_ONLY
honda.insight.gen3.us.ex_2019,honda_insight_ex_2019_can_generated.dbc,vehicle_can,ACC_CONTROL,0x1df,SET_TO_0,,20,5,motorola,False,1.0,0.0,,VEHICLE_PROTOCOL_DOCUMENTED,ADAS_ONLY
honda.insight.gen3.us.ex_2019,honda_insight_ex_2019_can_generated.dbc,vehicle_can,ACC_CONTROL,0x1df,CONTROL_ON,,23,3,motorola,False,1.0,0.0,,VEHICLE_PROTOCOL_DOCUMENTED,ADAS_ONLY
honda.insight.gen3.us.ex_2019,honda_insight_ex_2019_can_generated.dbc,vehicle_can,ACC_CONTROL,0x1df,GAS_COMMAND,,7,16,motorola,True,1.0,0.0,,VEHICLE_PROTOCOL_DOCUMENTED,ADAS_ONLY
honda.insight.gen3.us.ex_2019,honda_insight_ex_2019_can_generated.dbc,vehicle_can,ACC_CONTROL,0x1df,ACCEL_COMMAND,,31,11,motorola,True,0.01,0.0,m/s2,VEHICLE_PROTOCOL_DOCUMENTED,ADAS_ONLY
honda.insight.gen3.us.ex_2019,honda_insight_ex_2019_can_generated.dbc,vehicle_can,ACC_CONTROL,0x1df,BRAKE_LIGHTS,,62,1,motorola,False,1.0,0.0,,VEHICLE_PROTOCOL_DOCUMENTED,ADAS_ONLY
honda.insight.gen3.us.ex_2019,honda_insight_ex_2019_can_generated.dbc,vehicle_can,ACC_CONTROL,0x1df,BRAKE_REQUEST,,34,1,motorola,False,1.0,0.0,,VEHICLE_PROTOCOL_DOCUMENTED,ADAS_ONLY
honda.insight.gen3.us.ex_2019,honda_insight_ex_2019_can_generated.dbc,vehicle_can,ACC_CONTROL,0x1df,STANDSTILL,,35,1,motorola,False,1.0,0.0,,VEHICLE_PROTOCOL_DOCUMENTED,ADAS_ONLY
honda.insight.gen3.us.ex_2019,honda_insight_ex_2019_can_generated.dbc,vehicle_can,ACC_CONTROL,0x1df,STANDSTILL_RELEASE,,36,1,motorola,False,1.0,0.0,,VEHICLE_PROTOCOL_DOCUMENTED,ADAS_ONLY
honda.insight.gen3.us.ex_2019,honda_insight_ex_2019_can_generated.dbc,vehicle_can,ACC_CONTROL,0x1df,AEB_STATUS,,33,1,motorola,False,1.0,0.0,,VEHICLE_PROTOCOL_DOCUMENTED,ADAS_ONLY
honda.insight.gen3.us.ex_2019,honda_insight_ex_2019_can_generated.dbc,vehicle_can,ACC_CONTROL,0x1df,AEB_BRAKING,,47,1,motorola,False,1.0,0.0,,VEHICLE_PROTOCOL_DOCUMENTED,ADAS_ONLY
honda.insight.gen3.us.ex_2019,honda_insight_ex_2019_can_generated.dbc,vehicle_can,ACC_CONTROL,0x1df,AEB_PREPARE,,43,1,motorola,False,1.0,0.0,,VEHICLE_PROTOCOL_DOCUMENTED,ADAS_ONLY
honda.insight.gen3.us.ex_2019,honda_insight_ex_2019_can_generated.dbc,vehicle_can,ACC_CONTROL,0x1df,COUNTER,,61,2,motorola,False,1.0,0.0,,VEHICLE_PROTOCOL_DOCUMENTED,ADAS_ONLY
honda.insight.gen3.us.ex_2019,honda_insight_ex_2019_can_generated.dbc,vehicle_can,ACC_CONTROL,0x1df,CHECKSUM,,59,4,motorola,False,1.0,0.0,,VEHICLE_PROTOCOL_DOCUMENTED,ADAS_ONLY
honda.insight.gen3.us.ex_2019,honda_insight_ex_2019_can_generated.dbc,vehicle_can,ACC_CONTROL_ON,0x1ef,SET_TO_75,,31,8,motorola,False,1.0,0.0,,VEHICLE_PROTOCOL_DOCUMENTED,ADAS_ONLY
honda.insight.gen3.us.ex_2019,honda_insight_ex_2019_can_generated.dbc,vehicle_can,ACC_CONTROL_ON,0x1ef,SET_TO_30,,39,8,motorola,False,1.0,0.0,,VEHICLE_PROTOCOL_DOCUMENTED,ADAS_ONLY
honda.insight.gen3.us.ex_2019,honda_insight_ex_2019_can_generated.dbc,vehicle_can,ACC_CONTROL_ON,0x1ef,ZEROS_BOH,,23,8,motorola,False,1.0,0.0,,VEHICLE_PROTOCOL_DOCUMENTED,ADAS_ONLY
honda.insight.gen3.us.ex_2019,honda_insight_ex_2019_can_generated.dbc,vehicle_can,ACC_CONTROL_ON,0x1ef,ZEROS_BOH2,,47,16,motorola,False,1.0,0.0,,VEHICLE_PROTOCOL_DOCUMENTED,ADAS_ONLY
honda.insight.gen3.us.ex_2019,honda_insight_ex_2019_can_generated.dbc,vehicle_can,ACC_CONTROL_ON,0x1ef,SET_TO_FF,,15,8,motorola,False,1.0,0.0,,VEHICLE_PROTOCOL_DOCUMENTED,ADAS_ONLY
honda.insight.gen3.us.ex_2019,honda_insight_ex_2019_can_generated.dbc,vehicle_can,ACC_CONTROL_ON,0x1ef,SET_TO_3,,6,7,motorola,False,1.0,0.0,,VEHICLE_PROTOCOL_DOCUMENTED,ADAS_ONLY
honda.insight.gen3.us.ex_2019,honda_insight_ex_2019_can_generated.dbc,vehicle_can,ACC_CONTROL_ON,0x1ef,CONTROL_ON,,7,1,motorola,False,1.0,0.0,,VEHICLE_PROTOCOL_DOCUMENTED,ADAS_ONLY
honda.insight.gen3.us.ex_2019,honda_insight_ex_2019_can_generated.dbc,vehicle_can,ACC_CONTROL_ON,0x1ef,CHECKSUM,,59,4,motorola,False,1.0,0.0,,VEHICLE_PROTOCOL_DOCUMENTED,ADAS_ONLY
honda.insight.gen3.us.ex_2019,honda_insight_ex_2019_can_generated.dbc,vehicle_can,ACC_CONTROL_ON,0x1ef,COUNTER,,61,2,motorola,False,1.0,0.0,,VEHICLE_PROTOCOL_DOCUMENTED,ADAS_ONLY
honda.insight.gen3.us.ex_2019,honda_insight_ex_2019_can_generated.dbc,vehicle_can,LKAS_HUD,0x33d,CAM_TEMP_HIGH,,7,1,motorola,False,1.0,0.0,,VEHICLE_PROTOCOL_DOCUMENTED,ADAS_ONLY
honda.insight.gen3.us.ex_2019,honda_insight_ex_2019_can_generated.dbc,vehicle_can,LKAS_HUD,0x33d,SET_ME_X41,,6,7,motorola,False,1.0,0.0,,VEHICLE_PROTOCOL_DOCUMENTED,ADAS_ONLY
honda.insight.gen3.us.ex_2019,honda_insight_ex_2019_can_generated.dbc,vehicle_can,LKAS_HUD,0x33d,BOH,,6,7,motorola,False,1.0,0.0,,VEHICLE_PROTOCOL_DOCUMENTED,ADAS_ONLY
honda.insight.gen3.us.ex_2019,honda_insight_ex_2019_can_generated.dbc,vehicle_can,LKAS_HUD,0x33d,DASHED_LANES,,14,1,motorola,False,1.0,0.0,,VEHICLE_PROTOCOL_DOCUMENTED,ADAS_ONLY
honda.insight.gen3.us.ex_2019,honda_insight_ex_2019_can_generated.dbc,vehicle_can,LKAS_HUD,0x33d,DTC,,13,1,motorola,False,1.0,0.0,,VEHICLE_PROTOCOL_DOCUMENTED,ADAS_ONLY
honda.insight.gen3.us.ex_2019,honda_insight_ex_2019_can_generated.dbc,vehicle_can,LKAS_HUD,0x33d,LKAS_PROBLEM,,12,1,motorola,False,1.0,0.0,,VEHICLE_PROTOCOL_DOCUMENTED,ADAS_ONLY
honda.insight.gen3.us.ex_2019,honda_insight_ex_2019_can_generated.dbc,vehicle_can,LKAS_HUD,0x33d,LKAS_OFF,,11,1,motorola,False,1.0,0.0,,VEHICLE_PROTOCOL_DOCUMENTED,ADAS_ONLY
honda.insight.gen3.us.ex_2019,honda_insight_ex_2019_can_generated.dbc,vehicle_can,LKAS_HUD,0x33d,SOLID_LANES,,10,1,motorola,False,1.0,0.0,,VEHICLE_PROTOCOL_DOCUMENTED,ADAS_ONLY
honda.insight.gen3.us.ex_2019,honda_insight_ex_2019_can_generated.dbc,vehicle_can,LKAS_HUD,0x33d,LDW_RIGHT,,9,1,motorola,False,1.0,0.0,,VEHICLE_PROTOCOL_DOCUMENTED,ADAS_ONLY
honda.insight.gen3.us.ex_2019,honda_insight_ex_2019_can_generated.dbc,vehicle_can,LKAS_HUD,0x33d,STEERING_REQUIRED,,8,1,motorola,False,1.0,0.0,,VEHICLE_PROTOCOL_DOCUMENTED,ADAS_ONLY
honda.insight.gen3.us.ex_2019,honda_insight_ex_2019_can_generated.dbc,vehicle_can,LKAS_HUD,0x33d,BOH_2,,23,2,motorola,False,1.0,0.0,,VEHICLE_PROTOCOL_DOCUMENTED,ADAS_ONLY
honda.insight.gen3.us.ex_2019,honda_insight_ex_2019_can_generated.dbc,vehicle_can,LKAS_HUD,0x33d,LDW_PROBLEM,,21,1,motorola,False,1.0,0.0,,VEHICLE_PROTOCOL_DOCUMENTED,ADAS_ONLY
honda.insight.gen3.us.ex_2019,honda_insight_ex_2019_can_generated.dbc,vehicle_can,LKAS_HUD,0x33d,BEEP,,17,2,motorola,False,1.0,0.0,,VEHICLE_PROTOCOL_DOCUMENTED,ADAS_ONLY
honda.insight.gen3.us.ex_2019,honda_insight_ex_2019_can_generated.dbc,vehicle_can,LKAS_HUD,0x33d,LDW_ON,,28,1,motorola,False,1.0,0.0,,VEHICLE_PROTOCOL_DOCUMENTED,ADAS_ONLY
honda.insight.gen3.us.ex_2019,honda_insight_ex_2019_can_generated.dbc,vehicle_can,LKAS_HUD,0x33d,LDW_OFF,,27,1,motorola,False,1.0,0.0,,VEHICLE_PROTOCOL_DOCUMENTED,ADAS_ONLY
honda.insight.gen3.us.ex_2019,honda_insight_ex_2019_can_generated.dbc,vehicle_can,LKAS_HUD,0x33d,CLEAN_WINDSHIELD,,26,1,motorola,False,1.0,0.0,,VEHICLE_PROTOCOL_DOCUMENTED,ADAS_ONLY
honda.insight.gen3.us.ex_2019,honda_insight_ex_2019_can_generated.dbc,vehicle_can,LKAS_HUD,0x33d,SET_ME_X48,,31,8,motorola,False,1.0,0.0,,VEHICLE_PROTOCOL_DOCUMENTED,ADAS_ONLY
honda.insight.gen3.us.ex_2019,honda_insight_ex_2019_can_generated.dbc,vehicle_can,LKAS_HUD,0x33d,COUNTER,,37,2,motorola,False,1.0,0.0,,VEHICLE_PROTOCOL_DOCUMENTED,ADAS_ONLY
honda.insight.gen3.us.ex_2019,honda_insight_ex_2019_can_generated.dbc,vehicle_can,LKAS_HUD,0x33d,CHECKSUM,,35,4,motorola,False,1.0,0.0,,VEHICLE_PROTOCOL_DOCUMENTED,ADAS_ONLY
honda.insight.gen3.us.ex_2019,honda_insight_ex_2019_can_generated.dbc,vehicle_can,STEERING_SENSORS,0x14a,STEER_ANGLE,chassis.steering_angle,7,16,motorola,True,-0.1,0.0,deg,VEHICLE_PROTOCOL_DOCUMENTED,UNKNOWN
honda.insight.gen3.us.ex_2019,honda_insight_ex_2019_can_generated.dbc,vehicle_can,STEERING_SENSORS,0x14a,STEER_ANGLE_RATE,,23,16,motorola,True,-1.0,0.0,deg/s,VEHICLE_PROTOCOL_DOCUMENTED,UNKNOWN
honda.insight.gen3.us.ex_2019,honda_insight_ex_2019_can_generated.dbc,vehicle_can,STEERING_SENSORS,0x14a,STEER_SENSOR_STATUS_1,,34,1,motorola,False,1.0,0.0,,VEHICLE_PROTOCOL_DOCUMENTED,UNKNOWN
honda.insight.gen3.us.ex_2019,honda_insight_ex_2019_can_generated.dbc,vehicle_can,STEERING_SENSORS,0x14a,STEER_SENSOR_STATUS_2,,33,1,motorola,False,1.0,0.0,,VEHICLE_PROTOCOL_DOCUMENTED,UNKNOWN
honda.insight.gen3.us.ex_2019,honda_insight_ex_2019_can_generated.dbc,vehicle_can,STEERING_SENSORS,0x14a,STEER_SENSOR_STATUS_3,,32,1,motorola,False,1.0,0.0,,VEHICLE_PROTOCOL_DOCUMENTED,UNKNOWN
honda.insight.gen3.us.ex_2019,honda_insight_ex_2019_can_generated.dbc,vehicle_can,STEERING_SENSORS,0x14a,STEER_WHEEL_ANGLE,,47,16,motorola,True,-0.1,0.0,deg,VEHICLE_PROTOCOL_DOCUMENTED,UNKNOWN
honda.insight.gen3.us.ex_2019,honda_insight_ex_2019_can_generated.dbc,vehicle_can,STEERING_SENSORS,0x14a,COUNTER,,61,2,motorola,False,1.0,0.0,,VEHICLE_PROTOCOL_DOCUMENTED,UNKNOWN
honda.insight.gen3.us.ex_2019,honda_insight_ex_2019_can_generated.dbc,vehicle_can,STEERING_SENSORS,0x14a,CHECKSUM,,59,4,motorola,False,1.0,0.0,,VEHICLE_PROTOCOL_DOCUMENTED,UNKNOWN
honda.insight.gen3.us.ex_2019,honda_insight_ex_2019_can_generated.dbc,vehicle_can,GEARBOX,0x1a3,GEAR,,7,8,motorola,False,1.0,0.0,,VEHICLE_PROTOCOL_DOCUMENTED,DISPLAY_RELEVANT
honda.insight.gen3.us.ex_2019,honda_insight_ex_2019_can_generated.dbc,vehicle_can,GEARBOX,0x1a3,GEAR_SHIFTER,transmission.gear,29,6,motorola,False,1.0,0.0,,CLUSTER_RELEVANT_SIGNAL_DOCUMENTED,DISPLAY_RELEVANT
honda.insight.gen3.us.ex_2019,honda_insight_ex_2019_can_generated.dbc,vehicle_can,GEARBOX,0x1a3,COUNTER,,61,2,motorola,False,1.0,0.0,,VEHICLE_PROTOCOL_DOCUMENTED,DISPLAY_RELEVANT
honda.insight.gen3.us.ex_2019,honda_insight_ex_2019_can_generated.dbc,vehicle_can,GEARBOX,0x1a3,CHECKSUM,,59,4,motorola,False,1.0,0.0,,VEHICLE_PROTOCOL_DOCUMENTED,DISPLAY_RELEVANT
honda.insight.gen3.us.ex_2019,honda_insight_ex_2019_can_generated.dbc,vehicle_can,STANDSTILL,0x1b0,BRAKE_ERROR_1,,13,1,motorola,False,1.0,0.0,,VEHICLE_PROTOCOL_DOCUMENTED,POWERTRAIN_ONLY
honda.insight.gen3.us.ex_2019,honda_insight_ex_2019_can_generated.dbc,vehicle_can,STANDSTILL,0x1b0,BRAKE_ERROR_2,,12,1,motorola,False,1.0,0.0,,VEHICLE_PROTOCOL_DOCUMENTED,POWERTRAIN_ONLY
honda.insight.gen3.us.ex_2019,honda_insight_ex_2019_can_generated.dbc,vehicle_can,STANDSTILL,0x1b0,COUNTER,,53,2,motorola,False,1.0,0.0,,VEHICLE_PROTOCOL_DOCUMENTED,POWERTRAIN_ONLY
honda.insight.gen3.us.ex_2019,honda_insight_ex_2019_can_generated.dbc,vehicle_can,STANDSTILL,0x1b0,CHECKSUM,,51,4,motorola,False,1.0,0.0,,VEHICLE_PROTOCOL_DOCUMENTED,POWERTRAIN_ONLY
honda.odyssey.gen5.us.exl_2018,honda_odyssey_exl_2018_generated.dbc,vehicle_can,GAS_COMMAND,0x200,GAS_COMMAND,,7,16,motorola,False,0.253984064,-83.3,,VEHICLE_PROTOCOL_DOCUMENTED,ADAS_ONLY
honda.odyssey.gen5.us.exl_2018,honda_odyssey_exl_2018_generated.dbc,vehicle_can,GAS_COMMAND,0x200,GAS_COMMAND2,,23,16,motorola,False,0.126992032,-83.3,,VEHICLE_PROTOCOL_DOCUMENTED,ADAS_ONLY
honda.odyssey.gen5.us.exl_2018,honda_odyssey_exl_2018_generated.dbc,vehicle_can,GAS_COMMAND,0x200,ENABLE,,39,1,motorola,False,1.0,0.0,,VEHICLE_PROTOCOL_DOCUMENTED,ADAS_ONLY
honda.odyssey.gen5.us.exl_2018,honda_odyssey_exl_2018_generated.dbc,vehicle_can,GAS_COMMAND,0x200,COUNTER_PEDAL,,35,4,motorola,False,1.0,0.0,,VEHICLE_PROTOCOL_DOCUMENTED,ADAS_ONLY
honda.odyssey.gen5.us.exl_2018,honda_odyssey_exl_2018_generated.dbc,vehicle_can,GAS_COMMAND,0x200,CHECKSUM_PEDAL,,47,8,motorola,False,1.0,0.0,,VEHICLE_PROTOCOL_DOCUMENTED,ADAS_ONLY
honda.odyssey.gen5.us.exl_2018,honda_odyssey_exl_2018_generated.dbc,vehicle_can,GAS_SENSOR,0x201,INTERCEPTOR_GAS,,7,16,motorola,False,1.0,0.0,,VEHICLE_PROTOCOL_DOCUMENTED,UNKNOWN
honda.odyssey.gen5.us.exl_2018,honda_odyssey_exl_2018_generated.dbc,vehicle_can,GAS_SENSOR,0x201,INTERCEPTOR_GAS2,,23,16,motorola,False,1.0,0.0,,VEHICLE_PROTOCOL_DOCUMENTED,UNKNOWN
honda.odyssey.gen5.us.exl_2018,honda_odyssey_exl_2018_generated.dbc,vehicle_can,GAS_SENSOR,0x201,STATE,,39,4,motorola,False,1.0,0.0,,VEHICLE_PROTOCOL_DOCUMENTED,UNKNOWN
honda.odyssey.gen5.us.exl_2018,honda_odyssey_exl_2018_generated.dbc,vehicle_can,GAS_SENSOR,0x201,COUNTER_PEDAL,,35,4,motorola,False,1.0,0.0,,VEHICLE_PROTOCOL_DOCUMENTED,UNKNOWN
honda.odyssey.gen5.us.exl_2018,honda_odyssey_exl_2018_generated.dbc,vehicle_can,GAS_SENSOR,0x201,CHECKSUM_PEDAL,,47,8,motorola,False,1.0,0.0,,VEHICLE_PROTOCOL_DOCUMENTED,UNKNOWN
honda.odyssey.gen5.us.exl_2018,honda_odyssey_exl_2018_generated.dbc,vehicle_can,GAS_PEDAL_2,0x130,ENGINE_TORQUE_ESTIMATE,,7,16,motorola,True,1.0,0.0,Nm,VEHICLE_PROTOCOL_DOCUMENTED,POWERTRAIN_ONLY
honda.odyssey.gen5.us.exl_2018,honda_odyssey_exl_2018_generated.dbc,vehicle_can,GAS_PEDAL_2,0x130,ENGINE_TORQUE_REQUEST,,23,16,motorola,True,1.0,0.0,Nm,VEHICLE_PROTOCOL_DOCUMENTED,POWERTRAIN_ONLY
honda.odyssey.gen5.us.exl_2018,honda_odyssey_exl_2018_generated.dbc,vehicle_can,GAS_PEDAL_2,0x130,CAR_GAS,,39,8,motorola,False,1.0,0.0,,VEHICLE_PROTOCOL_DOCUMENTED,POWERTRAIN_ONLY
honda.odyssey.gen5.us.exl_2018,honda_odyssey_exl_2018_generated.dbc,vehicle_can,GAS_PEDAL_2,0x130,COUNTER,,61,2,motorola,False,1.0,0.0,,VEHICLE_PROTOCOL_DOCUMENTED,POWERTRAIN_ONLY
honda.odyssey.gen5.us.exl_2018,honda_odyssey_exl_2018_generated.dbc,vehicle_can,GAS_PEDAL_2,0x130,CHECKSUM,,59,4,motorola,False,1.0,0.0,,VEHICLE_PROTOCOL_DOCUMENTED,POWERTRAIN_ONLY
honda.odyssey.gen5.us.exl_2018,honda_odyssey_exl_2018_generated.dbc,vehicle_can,GAS_PEDAL,0x13c,CAR_GAS,,39,8,motorola,False,1.0,0.0,,VEHICLE_PROTOCOL_DOCUMENTED,POWERTRAIN_ONLY
honda.odyssey.gen5.us.exl_2018,honda_odyssey_exl_2018_generated.dbc,vehicle_can,GAS_PEDAL,0x13c,COUNTER,,61,2,motorola,False,1.0,0.0,,VEHICLE_PROTOCOL_DOCUMENTED,POWERTRAIN_ONLY
honda.odyssey.gen5.us.exl_2018,honda_odyssey_exl_2018_generated.dbc,vehicle_can,GAS_PEDAL,0x13c,CHECKSUM,,59,4,motorola,False,1.0,0.0,,VEHICLE_PROTOCOL_DOCUMENTED,POWERTRAIN_ONLY
honda.odyssey.gen5.us.exl_2018,honda_odyssey_exl_2018_generated.dbc,vehicle_can,ENGINE_DATA,0x158,XMISSION_SPEED,vehicle.speed,7,16,motorola,False,0.01,0.0,kph,CLUSTER_RELEVANT_SIGNAL_DOCUMENTED,DISPLAY_RELEVANT
honda.odyssey.gen5.us.exl_2018,honda_odyssey_exl_2018_generated.dbc,vehicle_can,ENGINE_DATA,0x158,ENGINE_RPM,powertrain.engine_rpm,23,16,motorola,False,1.0,0.0,rpm,CLUSTER_RELEVANT_SIGNAL_DOCUMENTED,DISPLAY_RELEVANT
honda.odyssey.gen5.us.exl_2018,honda_odyssey_exl_2018_generated.dbc,vehicle_can,ENGINE_DATA,0x158,XMISSION_SPEED2,,39,16,motorola,False,0.01,0.0,kph,VEHICLE_PROTOCOL_DOCUMENTED,DISPLAY_RELEVANT
honda.odyssey.gen5.us.exl_2018,honda_odyssey_exl_2018_generated.dbc,vehicle_can,ENGINE_DATA,0x158,ODOMETER,vehicle.odometer,55,8,motorola,False,10.0,0.0,m,CLUSTER_RELEVANT_SIGNAL_DOCUMENTED,DISPLAY_RELEVANT
honda.odyssey.gen5.us.exl_2018,honda_odyssey_exl_2018_generated.dbc,vehicle_can,ENGINE_DATA,0x158,COUNTER,,61,2,motorola,False,1.0,0.0,,VEHICLE_PROTOCOL_DOCUMENTED,DISPLAY_RELEVANT
honda.odyssey.gen5.us.exl_2018,honda_odyssey_exl_2018_generated.dbc,vehicle_can,ENGINE_DATA,0x158,CHECKSUM,,59,4,motorola,False,1.0,0.0,,VEHICLE_PROTOCOL_DOCUMENTED,DISPLAY_RELEVANT
honda.odyssey.gen5.us.exl_2018,honda_odyssey_exl_2018_generated.dbc,vehicle_can,POWERTRAIN_DATA,0x17c,PEDAL_GAS,powertrain.throttle_position,7,8,motorola,False,1.0,0.0,,VEHICLE_PROTOCOL_DOCUMENTED,DISPLAY_RELEVANT
honda.odyssey.gen5.us.exl_2018,honda_odyssey_exl_2018_generated.dbc,vehicle_can,POWERTRAIN_DATA,0x17c,ENGINE_RPM,powertrain.engine_rpm,23,16,motorola,False,1.0,0.0,rpm,CLUSTER_RELEVANT_SIGNAL_DOCUMENTED,DISPLAY_RELEVANT
honda.odyssey.gen5.us.exl_2018,honda_odyssey_exl_2018_generated.dbc,vehicle_can,POWERTRAIN_DATA,0x17c,GAS_PRESSED,,39,1,motorola,False,1.0,0.0,,VEHICLE_PROTOCOL_DOCUMENTED,DISPLAY_RELEVANT
honda.odyssey.gen5.us.exl_2018,honda_odyssey_exl_2018_generated.dbc,vehicle_can,POWERTRAIN_DATA,0x17c,ACC_STATUS,adas.acc_state,38,1,motorola,False,1.0,0.0,,VEHICLE_PROTOCOL_DOCUMENTED,DISPLAY_RELEVANT
honda.odyssey.gen5.us.exl_2018,honda_odyssey_exl_2018_generated.dbc,vehicle_can,POWERTRAIN_DATA,0x17c,BOH_17C,,37,5,motorola,False,1.0,0.0,,VEHICLE_PROTOCOL_DOCUMENTED,DISPLAY_RELEVANT
honda.odyssey.gen5.us.exl_2018,honda_odyssey_exl_2018_generated.dbc,vehicle_can,POWERTRAIN_DATA,0x17c,BRAKE_SWITCH,,32,1,motorola,False,1.0,0.0,,VEHICLE_PROTOCOL_DOCUMENTED,DISPLAY_RELEVANT
honda.odyssey.gen5.us.exl_2018,honda_odyssey_exl_2018_generated.dbc,vehicle_can,POWERTRAIN_DATA,0x17c,BOH2_17C,,47,10,motorola,False,1.0,0.0,,VEHICLE_PROTOCOL_DOCUMENTED,DISPLAY_RELEVANT
honda.odyssey.gen5.us.exl_2018,honda_odyssey_exl_2018_generated.dbc,vehicle_can,POWERTRAIN_DATA,0x17c,BRAKE_PRESSED,brakes.service_brake,53,1,motorola,False,1.0,0.0,,VEHICLE_PROTOCOL_DOCUMENTED,DISPLAY_RELEVANT
honda.odyssey.gen5.us.exl_2018,honda_odyssey_exl_2018_generated.dbc,vehicle_can,POWERTRAIN_DATA,0x17c,BOH3_17C,,52,5,motorola,False,1.0,0.0,,VEHICLE_PROTOCOL_DOCUMENTED,DISPLAY_RELEVANT
honda.odyssey.gen5.us.exl_2018,honda_odyssey_exl_2018_generated.dbc,vehicle_can,POWERTRAIN_DATA,0x17c,COUNTER,,61,2,motorola,False,1.0,0.0,,VEHICLE_PROTOCOL_DOCUMENTED,DISPLAY_RELEVANT
honda.odyssey.gen5.us.exl_2018,honda_odyssey_exl_2018_generated.dbc,vehicle_can,POWERTRAIN_DATA,0x17c,CHECKSUM,,59,4,motorola,False,1.0,0.0,,VEHICLE_PROTOCOL_DOCUMENTED,DISPLAY_RELEVANT
honda.odyssey.gen5.us.exl_2018,honda_odyssey_exl_2018_generated.dbc,vehicle_can,VSA_STATUS,0x1a4,USER_BRAKE,,7,16,motorola,False,0.015625,-1.609375,,VEHICLE_PROTOCOL_DOCUMENTED,DISPLAY_RELEVANT
honda.odyssey.gen5.us.exl_2018,honda_odyssey_exl_2018_generated.dbc,vehicle_can,VSA_STATUS,0x1a4,COMPUTER_BRAKING,,23,1,motorola,False,1.0,0.0,,VEHICLE_PROTOCOL_DOCUMENTED,DISPLAY_RELEVANT
honda.odyssey.gen5.us.exl_2018,honda_odyssey_exl_2018_generated.dbc,vehicle_can,VSA_STATUS,0x1a4,ESP_DISABLED,stability.vsa_warning,28,1,motorola,False,1.0,0.0,,CLUSTER_RELEVANT_SIGNAL_DOCUMENTED,DISPLAY_RELEVANT
honda.odyssey.gen5.us.exl_2018,honda_odyssey_exl_2018_generated.dbc,vehicle_can,VSA_STATUS,0x1a4,BRAKE_HOLD_RELATED,,52,1,motorola,False,1.0,0.0,,VEHICLE_PROTOCOL_DOCUMENTED,DISPLAY_RELEVANT
honda.odyssey.gen5.us.exl_2018,honda_odyssey_exl_2018_generated.dbc,vehicle_can,VSA_STATUS,0x1a4,BRAKE_HOLD_ACTIVE,,46,1,motorola,False,1.0,0.0,,VEHICLE_PROTOCOL_DOCUMENTED,DISPLAY_RELEVANT
honda.odyssey.gen5.us.exl_2018,honda_odyssey_exl_2018_generated.dbc,vehicle_can,VSA_STATUS,0x1a4,BRAKE_HOLD_ENABLED,,45,1,motorola,False,1.0,0.0,,VEHICLE_PROTOCOL_DOCUMENTED,DISPLAY_RELEVANT
honda.odyssey.gen5.us.exl_2018,honda_odyssey_exl_2018_generated.dbc,vehicle_can,VSA_STATUS,0x1a4,COUNTER,,61,2,motorola,False,1.0,0.0,,VEHICLE_PROTOCOL_DOCUMENTED,DISPLAY_RELEVANT
honda.odyssey.gen5.us.exl_2018,honda_odyssey_exl_2018_generated.dbc,vehicle_can,VSA_STATUS,0x1a4,CHECKSUM,,59,4,motorola,False,1.0,0.0,,VEHICLE_PROTOCOL_DOCUMENTED,DISPLAY_RELEVANT
honda.odyssey.gen5.us.exl_2018,honda_odyssey_exl_2018_generated.dbc,vehicle_can,STEER_MOTOR_TORQUE,0x1ab,CONFIG_VALID,,7,1,motorola,False,1.0,0.0,,VEHICLE_PROTOCOL_DOCUMENTED,UNKNOWN
honda.odyssey.gen5.us.exl_2018,honda_odyssey_exl_2018_generated.dbc,vehicle_can,STEER_MOTOR_TORQUE,0x1ab,MOTOR_TORQUE,,1,10,motorola,False,1.0,0.0,,VEHICLE_PROTOCOL_DOCUMENTED,UNKNOWN
honda.odyssey.gen5.us.exl_2018,honda_odyssey_exl_2018_generated.dbc,vehicle_can,STEER_MOTOR_TORQUE,0x1ab,OUTPUT_DISABLED,,22,1,motorola,False,1.0,0.0,,VEHICLE_PROTOCOL_DOCUMENTED,UNKNOWN
honda.odyssey.gen5.us.exl_2018,honda_odyssey_exl_2018_generated.dbc,vehicle_can,STEER_MOTOR_TORQUE,0x1ab,COUNTER,,21,2,motorola,False,1.0,0.0,,VEHICLE_PROTOCOL_DOCUMENTED,UNKNOWN
honda.odyssey.gen5.us.exl_2018,honda_odyssey_exl_2018_generated.dbc,vehicle_can,STEER_MOTOR_TORQUE,0x1ab,CHECKSUM,,19,4,motorola,False,1.0,0.0,,VEHICLE_PROTOCOL_DOCUMENTED,UNKNOWN
honda.odyssey.gen5.us.exl_2018,honda_odyssey_exl_2018_generated.dbc,vehicle_can,WHEEL_SPEEDS,0x1d0,WHEEL_SPEED_FL,,7,15,motorola,False,0.01,0.0,kph,VEHICLE_PROTOCOL_DOCUMENTED,POWERTRAIN_ONLY
honda.odyssey.gen5.us.exl_2018,honda_odyssey_exl_2018_generated.dbc,vehicle_can,WHEEL_SPEEDS,0x1d0,WHEEL_SPEED_FR,,8,15,motorola,False,0.01,0.0,kph,VEHICLE_PROTOCOL_DOCUMENTED,POWERTRAIN_ONLY
honda.odyssey.gen5.us.exl_2018,honda_odyssey_exl_2018_generated.dbc,vehicle_can,WHEEL_SPEEDS,0x1d0,WHEEL_SPEED_RL,,25,15,motorola,False,0.01,0.0,kph,VEHICLE_PROTOCOL_DOCUMENTED,POWERTRAIN_ONLY
honda.odyssey.gen5.us.exl_2018,honda_odyssey_exl_2018_generated.dbc,vehicle_can,WHEEL_SPEEDS,0x1d0,WHEEL_SPEED_RR,,42,15,motorola,False,0.01,0.0,kph,VEHICLE_PROTOCOL_DOCUMENTED,POWERTRAIN_ONLY
honda.odyssey.gen5.us.exl_2018,honda_odyssey_exl_2018_generated.dbc,vehicle_can,WHEEL_SPEEDS,0x1d0,CHECKSUM,,59,4,motorola,False,1.0,0.0,,VEHICLE_PROTOCOL_DOCUMENTED,POWERTRAIN_ONLY
honda.odyssey.gen5.us.exl_2018,honda_odyssey_exl_2018_generated.dbc,vehicle_can,VEHICLE_DYNAMICS,0x1ea,LAT_ACCEL,,7,16,motorola,True,0.0015,0.0,m/s2,VEHICLE_PROTOCOL_DOCUMENTED,UNKNOWN
honda.odyssey.gen5.us.exl_2018,honda_odyssey_exl_2018_generated.dbc,vehicle_can,VEHICLE_DYNAMICS,0x1ea,LONG_ACCEL,,23,16,motorola,True,0.0015,0.0,m/s2,VEHICLE_PROTOCOL_DOCUMENTED,UNKNOWN
honda.odyssey.gen5.us.exl_2018,honda_odyssey_exl_2018_generated.dbc,vehicle_can,VEHICLE_DYNAMICS,0x1ea,COUNTER,,61,2,motorola,False,1.0,0.0,,VEHICLE_PROTOCOL_DOCUMENTED,UNKNOWN
honda.odyssey.gen5.us.exl_2018,honda_odyssey_exl_2018_generated.dbc,vehicle_can,VEHICLE_DYNAMICS,0x1ea,CHECKSUM,,59,4,motorola,False,1.0,0.0,,VEHICLE_PROTOCOL_DOCUMENTED,UNKNOWN
honda.odyssey.gen5.us.exl_2018,honda_odyssey_exl_2018_generated.dbc,vehicle_can,SEATBELT_STATUS,0x305,SEATBELT_DRIVER_LAMP,,7,1,motorola,False,1.0,0.0,,VEHICLE_PROTOCOL_DOCUMENTED,DISPLAY_RELEVANT
honda.odyssey.gen5.us.exl_2018,honda_odyssey_exl_2018_generated.dbc,vehicle_can,SEATBELT_STATUS,0x305,SEATBELT_PASS_UNLATCHED,,10,1,motorola,False,1.0,0.0,,VEHICLE_PROTOCOL_DOCUMENTED,DISPLAY_RELEVANT
honda.odyssey.gen5.us.exl_2018,honda_odyssey_exl_2018_generated.dbc,vehicle_can,SEATBELT_STATUS,0x305,SEATBELT_PASS_LATCHED,safety.seatbelt_passenger,11,1,motorola,False,1.0,0.0,,VEHICLE_PROTOCOL_DOCUMENTED,DISPLAY_RELEVANT
honda.odyssey.gen5.us.exl_2018,honda_odyssey_exl_2018_generated.dbc,vehicle_can,SEATBELT_STATUS,0x305,SEATBELT_DRIVER_UNLATCHED,,12,1,motorola,False,1.0,0.0,,VEHICLE_PROTOCOL_DOCUMENTED,DISPLAY_RELEVANT
honda.odyssey.gen5.us.exl_2018,honda_odyssey_exl_2018_generated.dbc,vehicle_can,SEATBELT_STATUS,0x305,SEATBELT_DRIVER_LATCHED,safety.seatbelt_driver,13,1,motorola,False,1.0,0.0,,CLUSTER_RELEVANT_SIGNAL_DOCUMENTED,DISPLAY_RELEVANT
honda.odyssey.gen5.us.exl_2018,honda_odyssey_exl_2018_generated.dbc,vehicle_can,SEATBELT_STATUS,0x305,PASS_AIRBAG_OFF,,14,1,motorola,False,1.0,0.0,,VEHICLE_PROTOCOL_DOCUMENTED,DISPLAY_RELEVANT
honda.odyssey.gen5.us.exl_2018,honda_odyssey_exl_2018_generated.dbc,vehicle_can,SEATBELT_STATUS,0x305,PASS_AIRBAG_ON,,15,1,motorola,False,1.0,0.0,,VEHICLE_PROTOCOL_DOCUMENTED,DISPLAY_RELEVANT
honda.odyssey.gen5.us.exl_2018,honda_odyssey_exl_2018_generated.dbc,vehicle_can,SEATBELT_STATUS,0x305,COUNTER,,53,2,motorola,False,1.0,0.0,,VEHICLE_PROTOCOL_DOCUMENTED,DISPLAY_RELEVANT
honda.odyssey.gen5.us.exl_2018,honda_odyssey_exl_2018_generated.dbc,vehicle_can,SEATBELT_STATUS,0x305,CHECKSUM,,51,4,motorola,False,1.0,0.0,,VEHICLE_PROTOCOL_DOCUMENTED,DISPLAY_RELEVANT
honda.odyssey.gen5.us.exl_2018,honda_odyssey_exl_2018_generated.dbc,vehicle_can,CAR_SPEED,0x309,ROUGH_CAR_SPEED,,23,8,motorola,False,1.0,0.0,mph,VEHICLE_PROTOCOL_DOCUMENTED,DISPLAY_RELEVANT
honda.odyssey.gen5.us.exl_2018,honda_odyssey_exl_2018_generated.dbc,vehicle_can,CAR_SPEED,0x309,CAR_SPEED,vehicle.speed,7,16,motorola,False,0.01,0.0,kph,CLUSTER_RELEVANT_SIGNAL_DOCUMENTED,DISPLAY_RELEVANT
honda.odyssey.gen5.us.exl_2018,honda_odyssey_exl_2018_generated.dbc,vehicle_can,CAR_SPEED,0x309,ROUGH_CAR_SPEED_3,,39,16,motorola,False,0.01,0.0,kph,VEHICLE_PROTOCOL_DOCUMENTED,DISPLAY_RELEVANT
honda.odyssey.gen5.us.exl_2018,honda_odyssey_exl_2018_generated.dbc,vehicle_can,CAR_SPEED,0x309,ROUGH_CAR_SPEED_2,,31,8,motorola,False,1.0,0.0,mph,VEHICLE_PROTOCOL_DOCUMENTED,DISPLAY_RELEVANT
honda.odyssey.gen5.us.exl_2018,honda_odyssey_exl_2018_generated.dbc,vehicle_can,CAR_SPEED,0x309,LOCK_STATUS,,55,2,motorola,False,1.0,0.0,,VEHICLE_PROTOCOL_DOCUMENTED,DISPLAY_RELEVANT
honda.odyssey.gen5.us.exl_2018,honda_odyssey_exl_2018_generated.dbc,vehicle_can,CAR_SPEED,0x309,COUNTER,,61,2,motorola,False,1.0,0.0,,VEHICLE_PROTOCOL_DOCUMENTED,DISPLAY_RELEVANT
honda.odyssey.gen5.us.exl_2018,honda_odyssey_exl_2018_generated.dbc,vehicle_can,CAR_SPEED,0x309,CHECKSUM,,59,4,motorola,False,1.0,0.0,,VEHICLE_PROTOCOL_DOCUMENTED,DISPLAY_RELEVANT
honda.odyssey.gen5.us.exl_2018,honda_odyssey_exl_2018_generated.dbc,vehicle_can,CAR_SPEED,0x309,IMPERIAL_UNIT,,63,1,motorola,False,1.0,0.0,,VEHICLE_PROTOCOL_DOCUMENTED,DISPLAY_RELEVANT
honda.odyssey.gen5.us.exl_2018,honda_odyssey_exl_2018_generated.dbc,vehicle_can,ACC_HUD,0x30c,PCM_SPEED,,7,16,motorola,False,0.01,0.0,kph,VEHICLE_PROTOCOL_DOCUMENTED,ADAS_ONLY
honda.odyssey.gen5.us.exl_2018,honda_odyssey_exl_2018_generated.dbc,vehicle_can,ACC_HUD,0x30c,PCM_GAS,,23,8,motorola,False,1.0,0.0,,VEHICLE_PROTOCOL_DOCUMENTED,ADAS_ONLY
honda.odyssey.gen5.us.exl_2018,honda_odyssey_exl_2018_generated.dbc,vehicle_can,ACC_HUD,0x30c,CRUISE_SPEED,,31,8,motorola,False,1.0,0.0,kph,VEHICLE_PROTOCOL_DOCUMENTED,ADAS_ONLY
honda.odyssey.gen5.us.exl_2018,honda_odyssey_exl_2018_generated.dbc,vehicle_can,ACC_HUD,0x30c,DTC_MODE,,39,1,motorola,False,1.0,0.0,,VEHICLE_PROTOCOL_DOCUMENTED,ADAS_ONLY
honda.odyssey.gen5.us.exl_2018,honda_odyssey_exl_2018_generated.dbc,vehicle_can,ACC_HUD,0x30c,BOH,,38,1,motorola,False,1.0,0.0,,VEHICLE_PROTOCOL_DOCUMENTED,ADAS_ONLY
honda.odyssey.gen5.us.exl_2018,honda_odyssey_exl_2018_generated.dbc,vehicle_can,ACC_HUD,0x30c,ACC_PROBLEM,,37,1,motorola,False,1.0,0.0,,VEHICLE_PROTOCOL_DOCUMENTED,ADAS_ONLY
honda.odyssey.gen5.us.exl_2018,honda_odyssey_exl_2018_generated.dbc,vehicle_can,ACC_HUD,0x30c,FCM_OFF,,35,1,motorola,False,1.0,0.0,,VEHICLE_PROTOCOL_DOCUMENTED,ADAS_ONLY
honda.odyssey.gen5.us.exl_2018,honda_odyssey_exl_2018_generated.dbc,vehicle_can,ACC_HUD,0x30c,FCM_OFF_2,,36,1,motorola,False,1.0,0.0,,VEHICLE_PROTOCOL_DOCUMENTED,ADAS_ONLY
honda.odyssey.gen5.us.exl_2018,honda_odyssey_exl_2018_generated.dbc,vehicle_can,ACC_HUD,0x30c,FCM_PROBLEM,,34,1,motorola,False,1.0,0.0,,VEHICLE_PROTOCOL_DOCUMENTED,ADAS_ONLY
honda.odyssey.gen5.us.exl_2018,honda_odyssey_exl_2018_generated.dbc,vehicle_can,ACC_HUD,0x30c,RADAR_OBSTRUCTED,,33,1,motorola,False,1.0,0.0,,VEHICLE_PROTOCOL_DOCUMENTED,ADAS_ONLY
honda.odyssey.gen5.us.exl_2018,honda_odyssey_exl_2018_generated.dbc,vehicle_can,ACC_HUD,0x30c,ENABLE_MINI_CAR,,32,1,motorola,False,1.0,0.0,,VEHICLE_PROTOCOL_DOCUMENTED,ADAS_ONLY
honda.odyssey.gen5.us.exl_2018,honda_odyssey_exl_2018_generated.dbc,vehicle_can,ACC_HUD,0x30c,HUD_DISTANCE,,47,2,motorola,False,1.0,0.0,,VEHICLE_PROTOCOL_DOCUMENTED,ADAS_ONLY
honda.odyssey.gen5.us.exl_2018,honda_odyssey_exl_2018_generated.dbc,vehicle_can,ACC_HUD,0x30c,HUD_LEAD,,45,2,motorola,False,1.0,0.0,,VEHICLE_PROTOCOL_DOCUMENTED,ADAS_ONLY
honda.odyssey.gen5.us.exl_2018,honda_odyssey_exl_2018_generated.dbc,vehicle_can,ACC_HUD,0x30c,BOH_3,,43,1,motorola,False,1.0,0.0,,VEHICLE_PROTOCOL_DOCUMENTED,ADAS_ONLY
honda.odyssey.gen5.us.exl_2018,honda_odyssey_exl_2018_generated.dbc,vehicle_can,ACC_HUD,0x30c,BOH_4,,42,1,motorola,False,1.0,0.0,,VEHICLE_PROTOCOL_DOCUMENTED,ADAS_ONLY
honda.odyssey.gen5.us.exl_2018,honda_odyssey_exl_2018_generated.dbc,vehicle_can,ACC_HUD,0x30c,BOH_5,,41,1,motorola,False,1.0,0.0,,VEHICLE_PROTOCOL_DOCUMENTED,ADAS_ONLY
honda.odyssey.gen5.us.exl_2018,honda_odyssey_exl_2018_generated.dbc,vehicle_can,ACC_HUD,0x30c,CRUISE_CONTROL_LABEL,,40,1,motorola,False,1.0,0.0,,VEHICLE_PROTOCOL_DOCUMENTED,ADAS_ONLY
honda.odyssey.gen5.us.exl_2018,honda_odyssey_exl_2018_generated.dbc,vehicle_can,ACC_HUD,0x30c,SET_ME_X01_2,,55,1,motorola,False,1.0,0.0,,VEHICLE_PROTOCOL_DOCUMENTED,ADAS_ONLY
honda.odyssey.gen5.us.exl_2018,honda_odyssey_exl_2018_generated.dbc,vehicle_can,ACC_HUD,0x30c,IMPERIAL_UNIT,,54,1,motorola,False,1.0,0.0,,VEHICLE_PROTOCOL_DOCUMENTED,ADAS_ONLY
honda.odyssey.gen5.us.exl_2018,honda_odyssey_exl_2018_generated.dbc,vehicle_can,ACC_HUD,0x30c,ACC_ON,,52,1,motorola,False,1.0,0.0,,VEHICLE_PROTOCOL_DOCUMENTED,ADAS_ONLY
honda.odyssey.gen5.us.exl_2018,honda_odyssey_exl_2018_generated.dbc,vehicle_can,ACC_HUD,0x30c,CHIME,,51,3,motorola,False,1.0,0.0,,VEHICLE_PROTOCOL_DOCUMENTED,ADAS_ONLY
honda.odyssey.gen5.us.exl_2018,honda_odyssey_exl_2018_generated.dbc,vehicle_can,ACC_HUD,0x30c,SET_ME_X01,,48,1,motorola,False,1.0,0.0,,VEHICLE_PROTOCOL_DOCUMENTED,ADAS_ONLY
honda.odyssey.gen5.us.exl_2018,honda_odyssey_exl_2018_generated.dbc,vehicle_can,ACC_HUD,0x30c,ICONS,,63,2,motorola,False,1.0,0.0,,VEHICLE_PROTOCOL_DOCUMENTED,ADAS_ONLY
honda.odyssey.gen5.us.exl_2018,honda_odyssey_exl_2018_generated.dbc,vehicle_can,ACC_HUD,0x30c,COUNTER,,61,2,motorola,False,1.0,0.0,,VEHICLE_PROTOCOL_DOCUMENTED,ADAS_ONLY
honda.odyssey.gen5.us.exl_2018,honda_odyssey_exl_2018_generated.dbc,vehicle_can,ACC_HUD,0x30c,CHECKSUM,,59,4,motorola,False,1.0,0.0,,VEHICLE_PROTOCOL_DOCUMENTED,ADAS_ONLY
honda.odyssey.gen5.us.exl_2018,honda_odyssey_exl_2018_generated.dbc,vehicle_can,CRUISE,0x324,HUD_SPEED_KPH,,7,8,motorola,False,1.0,0.0,kph,VEHICLE_PROTOCOL_DOCUMENTED,POWERTRAIN_ONLY
honda.odyssey.gen5.us.exl_2018,honda_odyssey_exl_2018_generated.dbc,vehicle_can,CRUISE,0x324,HUD_SPEED_MPH,,15,8,motorola,False,1.0,0.0,mph,VEHICLE_PROTOCOL_DOCUMENTED,POWERTRAIN_ONLY
honda.odyssey.gen5.us.exl_2018,honda_odyssey_exl_2018_generated.dbc,vehicle_can,CRUISE,0x324,TRIP_FUEL_CONSUMED,,23,16,motorola,False,1.0,0.0,,VEHICLE_PROTOCOL_DOCUMENTED,POWERTRAIN_ONLY
honda.odyssey.gen5.us.exl_2018,honda_odyssey_exl_2018_generated.dbc,vehicle_can,CRUISE,0x324,CRUISE_SPEED_PCM,,39,8,motorola,False,1.0,0.0,,VEHICLE_PROTOCOL_DOCUMENTED,POWERTRAIN_ONLY
honda.odyssey.gen5.us.exl_2018,honda_odyssey_exl_2018_generated.dbc,vehicle_can,CRUISE,0x324,BOH2,,47,8,motorola,True,1.0,0.0,,VEHICLE_PROTOCOL_DOCUMENTED,POWERTRAIN_ONLY
honda.odyssey.gen5.us.exl_2018,honda_odyssey_exl_2018_generated.dbc,vehicle_can,CRUISE,0x324,BOH3,,55,8,motorola,False,1.0,0.0,,VEHICLE_PROTOCOL_DOCUMENTED,POWERTRAIN_ONLY
honda.odyssey.gen5.us.exl_2018,honda_odyssey_exl_2018_generated.dbc,vehicle_can,CRUISE,0x324,COUNTER,,61,2,motorola,False,1.0,0.0,,VEHICLE_PROTOCOL_DOCUMENTED,POWERTRAIN_ONLY
honda.odyssey.gen5.us.exl_2018,honda_odyssey_exl_2018_generated.dbc,vehicle_can,CRUISE,0x324,CHECKSUM,,59,4,motorola,False,1.0,0.0,,VEHICLE_PROTOCOL_DOCUMENTED,POWERTRAIN_ONLY
honda.odyssey.gen5.us.exl_2018,honda_odyssey_exl_2018_generated.dbc,vehicle_can,STALK_STATUS,0x374,DASHBOARD_ALERT,,39,8,motorola,False,1.0,0.0,,VEHICLE_PROTOCOL_DOCUMENTED,BODY_RELEVANT
honda.odyssey.gen5.us.exl_2018,honda_odyssey_exl_2018_generated.dbc,vehicle_can,STALK_STATUS,0x374,AUTO_HEADLIGHTS,,46,1,motorola,False,1.0,0.0,,VEHICLE_PROTOCOL_DOCUMENTED,BODY_RELEVANT
honda.odyssey.gen5.us.exl_2018,honda_odyssey_exl_2018_generated.dbc,vehicle_can,STALK_STATUS,0x374,HIGH_BEAM_HOLD,,47,1,motorola,False,1.0,0.0,,VEHICLE_PROTOCOL_DOCUMENTED,BODY_RELEVANT
honda.odyssey.gen5.us.exl_2018,honda_odyssey_exl_2018_generated.dbc,vehicle_can,STALK_STATUS,0x374,HIGH_BEAM_FLASH,,45,1,motorola,False,1.0,0.0,,VEHICLE_PROTOCOL_DOCUMENTED,BODY_RELEVANT
honda.odyssey.gen5.us.exl_2018,honda_odyssey_exl_2018_generated.dbc,vehicle_can,STALK_STATUS,0x374,HEADLIGHTS_ON,lighting.headlights_on,54,1,motorola,False,1.0,0.0,,VEHICLE_PROTOCOL_DOCUMENTED,BODY_RELEVANT
honda.odyssey.gen5.us.exl_2018,honda_odyssey_exl_2018_generated.dbc,vehicle_can,STALK_STATUS,0x374,WIPER_SWITCH,,53,2,motorola,False,1.0,0.0,,VEHICLE_PROTOCOL_DOCUMENTED,BODY_RELEVANT
honda.odyssey.gen5.us.exl_2018,honda_odyssey_exl_2018_generated.dbc,vehicle_can,STALK_STATUS,0x374,COUNTER,,61,2,motorola,False,1.0,0.0,,VEHICLE_PROTOCOL_DOCUMENTED,BODY_RELEVANT
honda.odyssey.gen5.us.exl_2018,honda_odyssey_exl_2018_generated.dbc,vehicle_can,STALK_STATUS,0x374,CHECKSUM,,59,4,motorola,False,1.0,0.0,,VEHICLE_PROTOCOL_DOCUMENTED,BODY_RELEVANT
honda.odyssey.gen5.us.exl_2018,honda_odyssey_exl_2018_generated.dbc,vehicle_can,STALK_STATUS_2,0x37b,WIPERS,,17,2,motorola,False,1.0,0.0,,VEHICLE_PROTOCOL_DOCUMENTED,DISPLAY_RELEVANT
honda.odyssey.gen5.us.exl_2018,honda_odyssey_exl_2018_generated.dbc,vehicle_can,STALK_STATUS_2,0x37b,LOW_BEAMS,lighting.low_beam,35,1,motorola,False,1.0,0.0,,CLUSTER_RELEVANT_SIGNAL_DOCUMENTED,DISPLAY_RELEVANT
honda.odyssey.gen5.us.exl_2018,honda_odyssey_exl_2018_generated.dbc,vehicle_can,STALK_STATUS_2,0x37b,HIGH_BEAMS,lighting.high_beam,34,1,motorola,False,1.0,0.0,,CLUSTER_RELEVANT_SIGNAL_DOCUMENTED,DISPLAY_RELEVANT
honda.odyssey.gen5.us.exl_2018,honda_odyssey_exl_2018_generated.dbc,vehicle_can,STALK_STATUS_2,0x37b,PARK_LIGHTS,,36,1,motorola,False,1.0,0.0,,VEHICLE_PROTOCOL_DOCUMENTED,DISPLAY_RELEVANT
honda.odyssey.gen5.us.exl_2018,honda_odyssey_exl_2018_generated.dbc,vehicle_can,STALK_STATUS_2,0x37b,COUNTER,,61,2,motorola,False,1.0,0.0,,VEHICLE_PROTOCOL_DOCUMENTED,DISPLAY_RELEVANT
honda.odyssey.gen5.us.exl_2018,honda_odyssey_exl_2018_generated.dbc,vehicle_can,STALK_STATUS_2,0x37b,CHECKSUM,,59,4,motorola,False,1.0,0.0,,VEHICLE_PROTOCOL_DOCUMENTED,DISPLAY_RELEVANT
honda.odyssey.gen5.us.exl_2018,honda_odyssey_exl_2018_generated.dbc,vehicle_can,DOORS_STATUS,0x405,DOOR_OPEN_FL,body.driver_door,37,1,motorola,False,1.0,0.0,,CLUSTER_RELEVANT_SIGNAL_DOCUMENTED,DISPLAY_RELEVANT
honda.odyssey.gen5.us.exl_2018,honda_odyssey_exl_2018_generated.dbc,vehicle_can,DOORS_STATUS,0x405,DOOR_OPEN_FR,body.passenger_door,38,1,motorola,False,1.0,0.0,,CLUSTER_RELEVANT_SIGNAL_DOCUMENTED,DISPLAY_RELEVANT
honda.odyssey.gen5.us.exl_2018,honda_odyssey_exl_2018_generated.dbc,vehicle_can,DOORS_STATUS,0x405,DOOR_OPEN_RL,body.rear_left_door,39,1,motorola,False,1.0,0.0,,VEHICLE_PROTOCOL_DOCUMENTED,DISPLAY_RELEVANT
honda.odyssey.gen5.us.exl_2018,honda_odyssey_exl_2018_generated.dbc,vehicle_can,DOORS_STATUS,0x405,DOOR_OPEN_RR,body.rear_right_door,40,1,motorola,False,1.0,0.0,,VEHICLE_PROTOCOL_DOCUMENTED,DISPLAY_RELEVANT
honda.odyssey.gen5.us.exl_2018,honda_odyssey_exl_2018_generated.dbc,vehicle_can,DOORS_STATUS,0x405,TRUNK_OPEN,body.trunk,41,1,motorola,False,1.0,0.0,,CLUSTER_RELEVANT_SIGNAL_DOCUMENTED,DISPLAY_RELEVANT
honda.odyssey.gen5.us.exl_2018,honda_odyssey_exl_2018_generated.dbc,vehicle_can,DOORS_STATUS,0x405,COUNTER,,61,2,motorola,False,1.0,0.0,,VEHICLE_PROTOCOL_DOCUMENTED,DISPLAY_RELEVANT
honda.odyssey.gen5.us.exl_2018,honda_odyssey_exl_2018_generated.dbc,vehicle_can,DOORS_STATUS,0x405,CHECKSUM,,59,4,motorola,False,1.0,0.0,,VEHICLE_PROTOCOL_DOCUMENTED,DISPLAY_RELEVANT
honda.odyssey.gen5.us.exl_2018,honda_odyssey_exl_2018_generated.dbc,vehicle_can,KINEMATICS,0x91,LAT_ACCEL,,7,10,motorola,False,0.02,-512.0,m/s2,VEHICLE_PROTOCOL_DOCUMENTED,UNKNOWN
honda.odyssey.gen5.us.exl_2018,honda_odyssey_exl_2018_generated.dbc,vehicle_can,KINEMATICS,0x91,COUNTER,,61,2,motorola,False,1.0,0.0,,VEHICLE_PROTOCOL_DOCUMENTED,UNKNOWN
honda.odyssey.gen5.us.exl_2018,honda_odyssey_exl_2018_generated.dbc,vehicle_can,KINEMATICS,0x91,CHECKSUM,,59,4,motorola,False,1.0,0.0,,VEHICLE_PROTOCOL_DOCUMENTED,UNKNOWN
honda.odyssey.gen5.us.exl_2018,honda_odyssey_exl_2018_generated.dbc,vehicle_can,KINEMATICS_ALT,0x94,LAT_ACCEL,,7,10,motorola,False,0.02,-512.0,m/s2,VEHICLE_PROTOCOL_DOCUMENTED,UNKNOWN
honda.odyssey.gen5.us.exl_2018,honda_odyssey_exl_2018_generated.dbc,vehicle_can,KINEMATICS_ALT,0x94,LONG_ACCEL,,24,9,motorola,True,-0.02,0.0,m/s2,VEHICLE_PROTOCOL_DOCUMENTED,UNKNOWN
honda.odyssey.gen5.us.exl_2018,honda_odyssey_exl_2018_generated.dbc,vehicle_can,KINEMATICS_ALT,0x94,CHECKSUM,,59,4,motorola,False,1.0,0.0,,VEHICLE_PROTOCOL_DOCUMENTED,UNKNOWN
honda.odyssey.gen5.us.exl_2018,honda_odyssey_exl_2018_generated.dbc,vehicle_can,KINEMATICS_ALT,0x94,COUNTER,,61,2,motorola,False,1.0,0.0,,VEHICLE_PROTOCOL_DOCUMENTED,UNKNOWN
honda.odyssey.gen5.us.exl_2018,honda_odyssey_exl_2018_generated.dbc,vehicle_can,STANDSTILL,0x1b0,CONTROLLED_STANDSTILL,,0,1,motorola,False,1.0,0.0,,VEHICLE_PROTOCOL_DOCUMENTED,POWERTRAIN_ONLY
honda.odyssey.gen5.us.exl_2018,honda_odyssey_exl_2018_generated.dbc,vehicle_can,STANDSTILL,0x1b0,WHEELS_MOVING,,12,1,motorola,False,1.0,0.0,,VEHICLE_PROTOCOL_DOCUMENTED,POWERTRAIN_ONLY
honda.odyssey.gen5.us.exl_2018,honda_odyssey_exl_2018_generated.dbc,vehicle_can,STANDSTILL,0x1b0,BRAKE_ERROR_1,,11,1,motorola,False,1.0,0.0,,VEHICLE_PROTOCOL_DOCUMENTED,POWERTRAIN_ONLY
honda.odyssey.gen5.us.exl_2018,honda_odyssey_exl_2018_generated.dbc,vehicle_can,STANDSTILL,0x1b0,BRAKE_ERROR_2,,9,1,motorola,False,1.0,0.0,,VEHICLE_PROTOCOL_DOCUMENTED,POWERTRAIN_ONLY
honda.odyssey.gen5.us.exl_2018,honda_odyssey_exl_2018_generated.dbc,vehicle_can,STANDSTILL,0x1b0,COUNTER,,53,2,motorola,False,1.0,0.0,,VEHICLE_PROTOCOL_DOCUMENTED,POWERTRAIN_ONLY
honda.odyssey.gen5.us.exl_2018,honda_odyssey_exl_2018_generated.dbc,vehicle_can,STANDSTILL,0x1b0,CHECKSUM,,51,4,motorola,False,1.0,0.0,,VEHICLE_PROTOCOL_DOCUMENTED,POWERTRAIN_ONLY
honda.odyssey.gen5.us.exl_2018,honda_odyssey_exl_2018_generated.dbc,vehicle_can,BRAKE_PRESSURE,0x1e7,BRAKE_PRESSURE1,,7,10,motorola,False,0.015625,-103.0,,VEHICLE_PROTOCOL_DOCUMENTED,UNKNOWN
honda.odyssey.gen5.us.exl_2018,honda_odyssey_exl_2018_generated.dbc,vehicle_can,BRAKE_PRESSURE,0x1e7,BRAKE_PRESSURE2,,9,10,motorola,False,0.015625,-103.0,,VEHICLE_PROTOCOL_DOCUMENTED,UNKNOWN
honda.odyssey.gen5.us.exl_2018,honda_odyssey_exl_2018_generated.dbc,vehicle_can,BRAKE_PRESSURE,0x1e7,CHECKSUM,,27,4,motorola,False,1.0,0.0,,VEHICLE_PROTOCOL_DOCUMENTED,UNKNOWN
honda.odyssey.gen5.us.exl_2018,honda_odyssey_exl_2018_generated.dbc,vehicle_can,BRAKE_PRESSURE,0x1e7,COUNTER,,29,2,motorola,False,1.0,0.0,,VEHICLE_PROTOCOL_DOCUMENTED,UNKNOWN
honda.odyssey.gen5.us.exl_2018,honda_odyssey_exl_2018_generated.dbc,vehicle_can,BRAKE_COMMAND,0x1fa,COMPUTER_BRAKE,,7,10,motorola,False,1.0,0.0,,VEHICLE_PROTOCOL_DOCUMENTED,ADAS_ONLY
honda.odyssey.gen5.us.exl_2018,honda_odyssey_exl_2018_generated.dbc,vehicle_can,BRAKE_COMMAND,0x1fa,BRAKE_PUMP_REQUEST,,8,1,motorola,False,1.0,0.0,,VEHICLE_PROTOCOL_DOCUMENTED,ADAS_ONLY
honda.odyssey.gen5.us.exl_2018,honda_odyssey_exl_2018_generated.dbc,vehicle_can,BRAKE_COMMAND,0x1fa,BRAKE_PUMP_REQUEST_ALT,,11,1,motorola,False,1.0,0.0,,VEHICLE_PROTOCOL_DOCUMENTED,ADAS_ONLY
honda.odyssey.gen5.us.exl_2018,honda_odyssey_exl_2018_generated.dbc,vehicle_can,BRAKE_COMMAND,0x1fa,SET_ME_X00,,23,3,motorola,False,1.0,0.0,,VEHICLE_PROTOCOL_DOCUMENTED,ADAS_ONLY
honda.odyssey.gen5.us.exl_2018,honda_odyssey_exl_2018_generated.dbc,vehicle_can,BRAKE_COMMAND,0x1fa,CRUISE_OVERRIDE,,20,1,motorola,False,1.0,0.0,,VEHICLE_PROTOCOL_DOCUMENTED,ADAS_ONLY
honda.odyssey.gen5.us.exl_2018,honda_odyssey_exl_2018_generated.dbc,vehicle_can,BRAKE_COMMAND,0x1fa,SET_ME_X00_2,,19,1,motorola,False,1.0,0.0,,VEHICLE_PROTOCOL_DOCUMENTED,ADAS_ONLY
honda.odyssey.gen5.us.exl_2018,honda_odyssey_exl_2018_generated.dbc,vehicle_can,BRAKE_COMMAND,0x1fa,CRUISE_FAULT_CMD,,18,1,motorola,False,1.0,0.0,,VEHICLE_PROTOCOL_DOCUMENTED,ADAS_ONLY
honda.odyssey.gen5.us.exl_2018,honda_odyssey_exl_2018_generated.dbc,vehicle_can,BRAKE_COMMAND,0x1fa,CRUISE_CANCEL_CMD,,17,1,motorola,False,1.0,0.0,,VEHICLE_PROTOCOL_DOCUMENTED,ADAS_ONLY
honda.odyssey.gen5.us.exl_2018,honda_odyssey_exl_2018_generated.dbc,vehicle_can,BRAKE_COMMAND,0x1fa,COMPUTER_BRAKE_REQUEST,,16,1,motorola,False,1.0,0.0,,VEHICLE_PROTOCOL_DOCUMENTED,ADAS_ONLY
honda.odyssey.gen5.us.exl_2018,honda_odyssey_exl_2018_generated.dbc,vehicle_can,BRAKE_COMMAND,0x1fa,SET_ME_1,,31,1,motorola,False,1.0,0.0,,VEHICLE_PROTOCOL_DOCUMENTED,ADAS_ONLY
honda.odyssey.gen5.us.exl_2018,honda_odyssey_exl_2018_generated.dbc,vehicle_can,BRAKE_COMMAND,0x1fa,AEB_REQ_1,,29,1,motorola,False,1.0,0.0,,VEHICLE_PROTOCOL_DOCUMENTED,ADAS_ONLY
honda.odyssey.gen5.us.exl_2018,honda_odyssey_exl_2018_generated.dbc,vehicle_can,BRAKE_COMMAND,0x1fa,AEB_REQ_2,,26,3,motorola,False,1.0,0.0,,VEHICLE_PROTOCOL_DOCUMENTED,ADAS_ONLY
honda.odyssey.gen5.us.exl_2018,honda_odyssey_exl_2018_generated.dbc,vehicle_can,BRAKE_COMMAND,0x1fa,BRAKE_LIGHTS,,39,1,motorola,False,1.0,0.0,,VEHICLE_PROTOCOL_DOCUMENTED,ADAS_ONLY
honda.odyssey.gen5.us.exl_2018,honda_odyssey_exl_2018_generated.dbc,vehicle_can,BRAKE_COMMAND,0x1fa,CRUISE_STATES,,38,7,motorola,False,1.0,0.0,,VEHICLE_PROTOCOL_DOCUMENTED,ADAS_ONLY
honda.odyssey.gen5.us.exl_2018,honda_odyssey_exl_2018_generated.dbc,vehicle_can,BRAKE_COMMAND,0x1fa,CHIME,,47,3,motorola,False,1.0,0.0,,VEHICLE_PROTOCOL_DOCUMENTED,ADAS_ONLY
honda.odyssey.gen5.us.exl_2018,honda_odyssey_exl_2018_generated.dbc,vehicle_can,BRAKE_COMMAND,0x1fa,SET_ME_X00_3,,44,1,motorola,False,1.0,0.0,,VEHICLE_PROTOCOL_DOCUMENTED,ADAS_ONLY
honda.odyssey.gen5.us.exl_2018,honda_odyssey_exl_2018_generated.dbc,vehicle_can,BRAKE_COMMAND,0x1fa,FCW,,43,2,motorola,False,1.0,0.0,,VEHICLE_PROTOCOL_DOCUMENTED,ADAS_ONLY
honda.odyssey.gen5.us.exl_2018,honda_odyssey_exl_2018_generated.dbc,vehicle_can,BRAKE_COMMAND,0x1fa,AEB_STATUS,,41,2,motorola,False,1.0,0.0,,VEHICLE_PROTOCOL_DOCUMENTED,ADAS_ONLY
honda.odyssey.gen5.us.exl_2018,honda_odyssey_exl_2018_generated.dbc,vehicle_can,BRAKE_COMMAND,0x1fa,COMPUTER_BRAKE_ALT,,55,10,motorola,False,1.0,0.0,,VEHICLE_PROTOCOL_DOCUMENTED,ADAS_ONLY
honda.odyssey.gen5.us.exl_2018,honda_odyssey_exl_2018_generated.dbc,vehicle_can,BRAKE_COMMAND,0x1fa,COUNTER,,61,2,motorola,False,1.0,0.0,,VEHICLE_PROTOCOL_DOCUMENTED,ADAS_ONLY
honda.odyssey.gen5.us.exl_2018,honda_odyssey_exl_2018_generated.dbc,vehicle_can,BRAKE_COMMAND,0x1fa,CHECKSUM,,59,4,motorola,False,1.0,0.0,,VEHICLE_PROTOCOL_DOCUMENTED,ADAS_ONLY
honda.odyssey.gen5.us.exl_2018,honda_odyssey_exl_2018_generated.dbc,vehicle_can,ROUGH_WHEEL_SPEED,0x255,WHEEL_SPEED_FL,,7,8,motorola,False,1.0,0.0,mph,VEHICLE_PROTOCOL_DOCUMENTED,POWERTRAIN_ONLY
honda.odyssey.gen5.us.exl_2018,honda_odyssey_exl_2018_generated.dbc,vehicle_can,ROUGH_WHEEL_SPEED,0x255,WHEEL_SPEED_FR,,15,8,motorola,False,1.0,0.0,mph,VEHICLE_PROTOCOL_DOCUMENTED,POWERTRAIN_ONLY
honda.odyssey.gen5.us.exl_2018,honda_odyssey_exl_2018_generated.dbc,vehicle_can,ROUGH_WHEEL_SPEED,0x255,WHEEL_SPEED_RL,,23,8,motorola,False,1.0,0.0,mph,VEHICLE_PROTOCOL_DOCUMENTED,POWERTRAIN_ONLY
honda.odyssey.gen5.us.exl_2018,honda_odyssey_exl_2018_generated.dbc,vehicle_can,ROUGH_WHEEL_SPEED,0x255,WHEEL_SPEED_RR,,31,8,motorola,False,1.0,0.0,mph,VEHICLE_PROTOCOL_DOCUMENTED,POWERTRAIN_ONLY
honda.odyssey.gen5.us.exl_2018,honda_odyssey_exl_2018_generated.dbc,vehicle_can,ROUGH_WHEEL_SPEED,0x255,SET_TO_X55,,39,8,motorola,False,1.0,0.0,,VEHICLE_PROTOCOL_DOCUMENTED,POWERTRAIN_ONLY
honda.odyssey.gen5.us.exl_2018,honda_odyssey_exl_2018_generated.dbc,vehicle_can,ROUGH_WHEEL_SPEED,0x255,SET_TO_X55_2,,47,8,motorola,False,1.0,0.0,,VEHICLE_PROTOCOL_DOCUMENTED,POWERTRAIN_ONLY
honda.odyssey.gen5.us.exl_2018,honda_odyssey_exl_2018_generated.dbc,vehicle_can,ROUGH_WHEEL_SPEED,0x255,COUNTER,,61,2,motorola,False,1.0,0.0,,VEHICLE_PROTOCOL_DOCUMENTED,POWERTRAIN_ONLY
honda.odyssey.gen5.us.exl_2018,honda_odyssey_exl_2018_generated.dbc,vehicle_can,ROUGH_WHEEL_SPEED,0x255,CHECKSUM,,59,4,motorola,False,1.0,0.0,,VEHICLE_PROTOCOL_DOCUMENTED,POWERTRAIN_ONLY
honda.odyssey.gen5.us.exl_2018,honda_odyssey_exl_2018_generated.dbc,vehicle_can,LKAS_HUD,0x33d,CAM_TEMP_HIGH,,7,1,motorola,False,1.0,0.0,,VEHICLE_PROTOCOL_DOCUMENTED,ADAS_ONLY
honda.odyssey.gen5.us.exl_2018,honda_odyssey_exl_2018_generated.dbc,vehicle_can,LKAS_HUD,0x33d,SET_ME_X41,,6,7,motorola,False,1.0,0.0,,VEHICLE_PROTOCOL_DOCUMENTED,ADAS_ONLY
honda.odyssey.gen5.us.exl_2018,honda_odyssey_exl_2018_generated.dbc,vehicle_can,LKAS_HUD,0x33d,BOH,,6,7,motorola,False,1.0,0.0,,VEHICLE_PROTOCOL_DOCUMENTED,ADAS_ONLY
honda.odyssey.gen5.us.exl_2018,honda_odyssey_exl_2018_generated.dbc,vehicle_can,LKAS_HUD,0x33d,DASHED_LANES,,14,1,motorola,False,1.0,0.0,,VEHICLE_PROTOCOL_DOCUMENTED,ADAS_ONLY
honda.odyssey.gen5.us.exl_2018,honda_odyssey_exl_2018_generated.dbc,vehicle_can,LKAS_HUD,0x33d,DTC,,13,1,motorola,False,1.0,0.0,,VEHICLE_PROTOCOL_DOCUMENTED,ADAS_ONLY
honda.odyssey.gen5.us.exl_2018,honda_odyssey_exl_2018_generated.dbc,vehicle_can,LKAS_HUD,0x33d,LKAS_PROBLEM,,12,1,motorola,False,1.0,0.0,,VEHICLE_PROTOCOL_DOCUMENTED,ADAS_ONLY
honda.odyssey.gen5.us.exl_2018,honda_odyssey_exl_2018_generated.dbc,vehicle_can,LKAS_HUD,0x33d,LKAS_OFF,,11,1,motorola,False,1.0,0.0,,VEHICLE_PROTOCOL_DOCUMENTED,ADAS_ONLY
honda.odyssey.gen5.us.exl_2018,honda_odyssey_exl_2018_generated.dbc,vehicle_can,LKAS_HUD,0x33d,SOLID_LANES,,10,1,motorola,False,1.0,0.0,,VEHICLE_PROTOCOL_DOCUMENTED,ADAS_ONLY
honda.odyssey.gen5.us.exl_2018,honda_odyssey_exl_2018_generated.dbc,vehicle_can,LKAS_HUD,0x33d,LDW_RIGHT,,9,1,motorola,False,1.0,0.0,,VEHICLE_PROTOCOL_DOCUMENTED,ADAS_ONLY
honda.odyssey.gen5.us.exl_2018,honda_odyssey_exl_2018_generated.dbc,vehicle_can,LKAS_HUD,0x33d,STEERING_REQUIRED,,8,1,motorola,False,1.0,0.0,,VEHICLE_PROTOCOL_DOCUMENTED,ADAS_ONLY
honda.odyssey.gen5.us.exl_2018,honda_odyssey_exl_2018_generated.dbc,vehicle_can,LKAS_HUD,0x33d,BOH_2,,23,2,motorola,False,1.0,0.0,,VEHICLE_PROTOCOL_DOCUMENTED,ADAS_ONLY
honda.odyssey.gen5.us.exl_2018,honda_odyssey_exl_2018_generated.dbc,vehicle_can,LKAS_HUD,0x33d,LDW_PROBLEM,,21,1,motorola,False,1.0,0.0,,VEHICLE_PROTOCOL_DOCUMENTED,ADAS_ONLY
honda.odyssey.gen5.us.exl_2018,honda_odyssey_exl_2018_generated.dbc,vehicle_can,LKAS_HUD,0x33d,BEEP,,17,2,motorola,False,1.0,0.0,,VEHICLE_PROTOCOL_DOCUMENTED,ADAS_ONLY
honda.odyssey.gen5.us.exl_2018,honda_odyssey_exl_2018_generated.dbc,vehicle_can,LKAS_HUD,0x33d,LDW_ON,,28,1,motorola,False,1.0,0.0,,VEHICLE_PROTOCOL_DOCUMENTED,ADAS_ONLY
honda.odyssey.gen5.us.exl_2018,honda_odyssey_exl_2018_generated.dbc,vehicle_can,LKAS_HUD,0x33d,LDW_OFF,,27,1,motorola,False,1.0,0.0,,VEHICLE_PROTOCOL_DOCUMENTED,ADAS_ONLY
honda.odyssey.gen5.us.exl_2018,honda_odyssey_exl_2018_generated.dbc,vehicle_can,LKAS_HUD,0x33d,CLEAN_WINDSHIELD,,26,1,motorola,False,1.0,0.0,,VEHICLE_PROTOCOL_DOCUMENTED,ADAS_ONLY
honda.odyssey.gen5.us.exl_2018,honda_odyssey_exl_2018_generated.dbc,vehicle_can,LKAS_HUD,0x33d,SET_ME_X48,,31,8,motorola,False,1.0,0.0,,VEHICLE_PROTOCOL_DOCUMENTED,ADAS_ONLY
honda.odyssey.gen5.us.exl_2018,honda_odyssey_exl_2018_generated.dbc,vehicle_can,LKAS_HUD,0x33d,COUNTER,,37,2,motorola,False,1.0,0.0,,VEHICLE_PROTOCOL_DOCUMENTED,ADAS_ONLY
honda.odyssey.gen5.us.exl_2018,honda_odyssey_exl_2018_generated.dbc,vehicle_can,LKAS_HUD,0x33d,CHECKSUM,,35,4,motorola,False,1.0,0.0,,VEHICLE_PROTOCOL_DOCUMENTED,ADAS_ONLY
honda.odyssey.gen5.us.exl_2018,honda_odyssey_exl_2018_generated.dbc,vehicle_can,CRUISE_PARAMS,0x37c,CRUISE_SPEED_OFFSET,,31,8,motorola,True,0.1,0.0,kph,VEHICLE_PROTOCOL_DOCUMENTED,POWERTRAIN_ONLY
honda.odyssey.gen5.us.exl_2018,honda_odyssey_exl_2018_generated.dbc,vehicle_can,CRUISE_PARAMS,0x37c,CHECKSUM,,59,4,motorola,False,1.0,0.0,,VEHICLE_PROTOCOL_DOCUMENTED,POWERTRAIN_ONLY
honda.odyssey.gen5.us.exl_2018,honda_odyssey_exl_2018_generated.dbc,vehicle_can,CRUISE_PARAMS,0x37c,COUNTER,,61,2,motorola,False,1.0,0.0,,VEHICLE_PROTOCOL_DOCUMENTED,POWERTRAIN_ONLY
honda.odyssey.gen5.us.exl_2018,honda_odyssey_exl_2018_generated.dbc,vehicle_can,STEERING_SENSORS,0x156,STEER_ANGLE,chassis.steering_angle,7,16,motorola,True,-0.1,0.0,deg,VEHICLE_PROTOCOL_DOCUMENTED,UNKNOWN
honda.odyssey.gen5.us.exl_2018,honda_odyssey_exl_2018_generated.dbc,vehicle_can,STEERING_SENSORS,0x156,STEER_ANGLE_RATE,,23,16,motorola,True,-1.0,0.0,deg/s,VEHICLE_PROTOCOL_DOCUMENTED,UNKNOWN
honda.odyssey.gen5.us.exl_2018,honda_odyssey_exl_2018_generated.dbc,vehicle_can,STEERING_SENSORS,0x156,COUNTER,,45,2,motorola,False,1.0,0.0,,VEHICLE_PROTOCOL_DOCUMENTED,UNKNOWN
honda.odyssey.gen5.us.exl_2018,honda_odyssey_exl_2018_generated.dbc,vehicle_can,STEERING_SENSORS,0x156,CHECKSUM,,43,4,motorola,False,1.0,0.0,,VEHICLE_PROTOCOL_DOCUMENTED,UNKNOWN
honda.odyssey.gen5.us.exl_2018,honda_odyssey_exl_2018_generated.dbc,vehicle_can,STEERING_CONTROL,0xe4,STEER_TORQUE,,7,16,motorola,True,1.0,0.0,,VEHICLE_PROTOCOL_DOCUMENTED,ADAS_ONLY
honda.odyssey.gen5.us.exl_2018,honda_odyssey_exl_2018_generated.dbc,vehicle_can,STEERING_CONTROL,0xe4,STEER_TORQUE_REQUEST,,23,1,motorola,False,1.0,0.0,,VEHICLE_PROTOCOL_DOCUMENTED,ADAS_ONLY
honda.odyssey.gen5.us.exl_2018,honda_odyssey_exl_2018_generated.dbc,vehicle_can,STEERING_CONTROL,0xe4,SET_ME_X00,,31,8,motorola,False,1.0,0.0,,VEHICLE_PROTOCOL_DOCUMENTED,ADAS_ONLY
honda.odyssey.gen5.us.exl_2018,honda_odyssey_exl_2018_generated.dbc,vehicle_can,STEERING_CONTROL,0xe4,COUNTER,,37,2,motorola,False,1.0,0.0,,VEHICLE_PROTOCOL_DOCUMENTED,ADAS_ONLY
honda.odyssey.gen5.us.exl_2018,honda_odyssey_exl_2018_generated.dbc,vehicle_can,STEERING_CONTROL,0xe4,CHECKSUM,,35,4,motorola,False,1.0,0.0,,VEHICLE_PROTOCOL_DOCUMENTED,ADAS_ONLY
honda.odyssey.gen5.us.exl_2018,honda_odyssey_exl_2018_generated.dbc,vehicle_can,STEER_STATUS,0x18f,STEER_TORQUE_SENSOR,,7,16,motorola,True,-1.0,0.0,tbd,VEHICLE_PROTOCOL_DOCUMENTED,UNKNOWN
honda.odyssey.gen5.us.exl_2018,honda_odyssey_exl_2018_generated.dbc,vehicle_can,STEER_STATUS,0x18f,STEER_ANGLE_RATE,,23,16,motorola,True,-0.1,0.0,deg/s,VEHICLE_PROTOCOL_DOCUMENTED,UNKNOWN
honda.odyssey.gen5.us.exl_2018,honda_odyssey_exl_2018_generated.dbc,vehicle_can,STEER_STATUS,0x18f,STEER_STATUS,,39,4,motorola,False,1.0,0.0,,VEHICLE_PROTOCOL_DOCUMENTED,UNKNOWN
honda.odyssey.gen5.us.exl_2018,honda_odyssey_exl_2018_generated.dbc,vehicle_can,STEER_STATUS,0x18f,STEER_CONTROL_ACTIVE,,35,1,motorola,False,1.0,0.0,,VEHICLE_PROTOCOL_DOCUMENTED,UNKNOWN
honda.odyssey.gen5.us.exl_2018,honda_odyssey_exl_2018_generated.dbc,vehicle_can,STEER_STATUS,0x18f,STEER_CONFIG_INDEX,,43,4,motorola,False,1.0,0.0,,VEHICLE_PROTOCOL_DOCUMENTED,UNKNOWN
honda.odyssey.gen5.us.exl_2018,honda_odyssey_exl_2018_generated.dbc,vehicle_can,STEER_STATUS,0x18f,COUNTER,,53,2,motorola,False,1.0,0.0,,VEHICLE_PROTOCOL_DOCUMENTED,UNKNOWN
honda.odyssey.gen5.us.exl_2018,honda_odyssey_exl_2018_generated.dbc,vehicle_can,STEER_STATUS,0x18f,CHECKSUM,,51,4,motorola,False,1.0,0.0,,VEHICLE_PROTOCOL_DOCUMENTED,UNKNOWN
honda.odyssey.gen5.us.exl_2018,honda_odyssey_exl_2018_generated.dbc,vehicle_can,GEARBOX,0x1a3,GEAR,,7,8,motorola,False,1.0,0.0,,VEHICLE_PROTOCOL_DOCUMENTED,DISPLAY_RELEVANT
honda.odyssey.gen5.us.exl_2018,honda_odyssey_exl_2018_generated.dbc,vehicle_can,GEARBOX,0x1a3,GEAR_SHIFTER,transmission.gear,35,4,motorola,False,1.0,0.0,,CLUSTER_RELEVANT_SIGNAL_DOCUMENTED,DISPLAY_RELEVANT
honda.odyssey.gen5.us.exl_2018,honda_odyssey_exl_2018_generated.dbc,vehicle_can,GEARBOX,0x1a3,COUNTER,,61,2,motorola,False,1.0,0.0,,VEHICLE_PROTOCOL_DOCUMENTED,DISPLAY_RELEVANT
honda.odyssey.gen5.us.exl_2018,honda_odyssey_exl_2018_generated.dbc,vehicle_can,GEARBOX,0x1a3,CHECKSUM,,59,4,motorola,False,1.0,0.0,,VEHICLE_PROTOCOL_DOCUMENTED,DISPLAY_RELEVANT
honda.odyssey.gen5.us.exl_2018,honda_odyssey_exl_2018_generated.dbc,vehicle_can,EPB_STATUS,0x1c2,EPB_BRAKE_AND_PULL,,6,1,motorola,False,1.0,0.0,,VEHICLE_PROTOCOL_DOCUMENTED,DISPLAY_RELEVANT
honda.odyssey.gen5.us.exl_2018,honda_odyssey_exl_2018_generated.dbc,vehicle_can,EPB_STATUS,0x1c2,EPB_ACTIVE,brakes.parking_brake,3,1,motorola,False,1.0,0.0,,CLUSTER_RELEVANT_SIGNAL_DOCUMENTED,DISPLAY_RELEVANT
honda.odyssey.gen5.us.exl_2018,honda_odyssey_exl_2018_generated.dbc,vehicle_can,EPB_STATUS,0x1c2,EPB_STATE,,29,2,motorola,False,1.0,0.0,,VEHICLE_PROTOCOL_DOCUMENTED,DISPLAY_RELEVANT
honda.odyssey.gen5.us.exl_2018,honda_odyssey_exl_2018_generated.dbc,vehicle_can,EPB_STATUS,0x1c2,CHECKSUM,,59,4,motorola,False,1.0,0.0,,VEHICLE_PROTOCOL_DOCUMENTED,DISPLAY_RELEVANT
honda.odyssey.gen5.us.exl_2018,honda_odyssey_exl_2018_generated.dbc,vehicle_can,EPB_STATUS,0x1c2,COUNTER,,61,2,motorola,False,1.0,0.0,,VEHICLE_PROTOCOL_DOCUMENTED,DISPLAY_RELEVANT
honda.odyssey.gen5.us.exl_2018,honda_odyssey_exl_2018_generated.dbc,vehicle_can,SCM_BUTTONS,0x296,CRUISE_BUTTONS,,7,3,motorola,False,1.0,0.0,,VEHICLE_PROTOCOL_DOCUMENTED,BODY_RELEVANT
honda.odyssey.gen5.us.exl_2018,honda_odyssey_exl_2018_generated.dbc,vehicle_can,SCM_BUTTONS,0x296,CRUISE_SETTING,,3,2,motorola,False,1.0,0.0,,VEHICLE_PROTOCOL_DOCUMENTED,BODY_RELEVANT
honda.odyssey.gen5.us.exl_2018,honda_odyssey_exl_2018_generated.dbc,vehicle_can,SCM_BUTTONS,0x296,CHECKSUM,,27,4,motorola,False,1.0,0.0,,VEHICLE_PROTOCOL_DOCUMENTED,BODY_RELEVANT
honda.odyssey.gen5.us.exl_2018,honda_odyssey_exl_2018_generated.dbc,vehicle_can,SCM_BUTTONS,0x296,COUNTER,,29,2,motorola,False,1.0,0.0,,VEHICLE_PROTOCOL_DOCUMENTED,BODY_RELEVANT
honda.odyssey.gen5.us.exl_2018,honda_odyssey_exl_2018_generated.dbc,vehicle_can,SCM_FEEDBACK,0x326,CMBS_BUTTON,,22,2,motorola,False,1.0,0.0,,VEHICLE_PROTOCOL_DOCUMENTED,DISPLAY_RELEVANT
honda.odyssey.gen5.us.exl_2018,honda_odyssey_exl_2018_generated.dbc,vehicle_can,SCM_FEEDBACK,0x326,MAIN_ON,,28,1,motorola,False,1.0,0.0,,VEHICLE_PROTOCOL_DOCUMENTED,DISPLAY_RELEVANT
honda.odyssey.gen5.us.exl_2018,honda_odyssey_exl_2018_generated.dbc,vehicle_can,SCM_FEEDBACK,0x326,RIGHT_BLINKER,lighting.right_indicator,27,1,motorola,False,1.0,0.0,,CLUSTER_RELEVANT_SIGNAL_DOCUMENTED,DISPLAY_RELEVANT
honda.odyssey.gen5.us.exl_2018,honda_odyssey_exl_2018_generated.dbc,vehicle_can,SCM_FEEDBACK,0x326,LEFT_BLINKER,lighting.left_indicator,26,1,motorola,False,1.0,0.0,,CLUSTER_RELEVANT_SIGNAL_DOCUMENTED,DISPLAY_RELEVANT
honda.odyssey.gen5.us.exl_2018,honda_odyssey_exl_2018_generated.dbc,vehicle_can,SCM_FEEDBACK,0x326,REVERSE_LIGHT,,18,1,motorola,False,1.0,0.0,,VEHICLE_PROTOCOL_DOCUMENTED,DISPLAY_RELEVANT
honda.odyssey.gen5.us.exl_2018,honda_odyssey_exl_2018_generated.dbc,vehicle_can,SCM_FEEDBACK,0x326,COUNTER,,61,2,motorola,False,1.0,0.0,,VEHICLE_PROTOCOL_DOCUMENTED,DISPLAY_RELEVANT
honda.odyssey.gen5.us.exl_2018,honda_odyssey_exl_2018_generated.dbc,vehicle_can,SCM_FEEDBACK,0x326,CHECKSUM,,59,4,motorola,False,1.0,0.0,,VEHICLE_PROTOCOL_DOCUMENTED,DISPLAY_RELEVANT
honda.odyssey.gen5.us.exl_2018,honda_odyssey_exl_2018_generated.dbc,vehicle_can,HIGHBEAM_CONTROL,0x35e,ZEROS_BOH,,7,50,motorola,False,1.0,0.0,,VEHICLE_PROTOCOL_DOCUMENTED,UNKNOWN
honda.odyssey.gen5.us.exl_2018,honda_odyssey_exl_2018_generated.dbc,vehicle_can,HIGHBEAM_CONTROL,0x35e,ZEROS_BOH_2,,48,4,intel,False,1.0,0.0,,VEHICLE_PROTOCOL_DOCUMENTED,UNKNOWN
honda.odyssey.gen5.us.exl_2018,honda_odyssey_exl_2018_generated.dbc,vehicle_can,HIGHBEAM_CONTROL,0x35e,HIGHBEAMS_ON,,52,1,motorola,False,1.0,0.0,,VEHICLE_PROTOCOL_DOCUMENTED,UNKNOWN
honda.odyssey.gen5.us.exl_2018,honda_odyssey_exl_2018_generated.dbc,vehicle_can,HIGHBEAM_CONTROL,0x35e,AUTO_HIGHBEAMS_ACTIVE,,53,1,motorola,False,1.0,0.0,,VEHICLE_PROTOCOL_DOCUMENTED,UNKNOWN
honda.odyssey.gen5.us.exl_2018,honda_odyssey_exl_2018_generated.dbc,vehicle_can,HIGHBEAM_CONTROL,0x35e,COUNTER,,61,2,motorola,False,1.0,0.0,,VEHICLE_PROTOCOL_DOCUMENTED,UNKNOWN
honda.odyssey.gen5.us.exl_2018,honda_odyssey_exl_2018_generated.dbc,vehicle_can,HIGHBEAM_CONTROL,0x35e,CHECKSUM,,59,4,motorola,False,1.0,0.0,,VEHICLE_PROTOCOL_DOCUMENTED,UNKNOWN
honda.odyssey.gen5.us.exl_2018,honda_odyssey_exl_2018_generated.dbc,vehicle_can,RADAR_HUD,0x39f,ZEROS_BOH,,7,17,motorola,False,1.0,0.0,,VEHICLE_PROTOCOL_DOCUMENTED,ADAS_ONLY
honda.odyssey.gen5.us.exl_2018,honda_odyssey_exl_2018_generated.dbc,vehicle_can,RADAR_HUD,0x39f,APPLY_BRAKES_FOR_CANC,,23,1,motorola,False,1.0,0.0,,VEHICLE_PROTOCOL_DOCUMENTED,ADAS_ONLY
honda.odyssey.gen5.us.exl_2018,honda_odyssey_exl_2018_generated.dbc,vehicle_can,RADAR_HUD,0x39f,ZEROS_BOH2,,31,8,motorola,False,1.0,0.0,,VEHICLE_PROTOCOL_DOCUMENTED,ADAS_ONLY
honda.odyssey.gen5.us.exl_2018,honda_odyssey_exl_2018_generated.dbc,vehicle_can,RADAR_HUD,0x39f,RESUME_INSTRUCTION,,21,1,motorola,False,1.0,0.0,,VEHICLE_PROTOCOL_DOCUMENTED,ADAS_ONLY
honda.odyssey.gen5.us.exl_2018,honda_odyssey_exl_2018_generated.dbc,vehicle_can,RADAR_HUD,0x39f,ACC_ALERTS,,20,5,motorola,False,1.0,0.0,,VEHICLE_PROTOCOL_DOCUMENTED,ADAS_ONLY
honda.odyssey.gen5.us.exl_2018,honda_odyssey_exl_2018_generated.dbc,vehicle_can,RADAR_HUD,0x39f,LEAD_SPEED,,39,9,motorola,False,1.0,0.0,,VEHICLE_PROTOCOL_DOCUMENTED,ADAS_ONLY
honda.odyssey.gen5.us.exl_2018,honda_odyssey_exl_2018_generated.dbc,vehicle_can,RADAR_HUD,0x39f,LEAD_STATE,,46,3,motorola,False,1.0,0.0,,VEHICLE_PROTOCOL_DOCUMENTED,ADAS_ONLY
honda.odyssey.gen5.us.exl_2018,honda_odyssey_exl_2018_generated.dbc,vehicle_can,RADAR_HUD,0x39f,LEAD_DISTANCE,,43,5,motorola,False,1.0,0.0,,VEHICLE_PROTOCOL_DOCUMENTED,ADAS_ONLY
honda.odyssey.gen5.us.exl_2018,honda_odyssey_exl_2018_generated.dbc,vehicle_can,RADAR_HUD,0x39f,ZEROS_BOH3,,54,7,motorola,False,1.0,0.0,,VEHICLE_PROTOCOL_DOCUMENTED,ADAS_ONLY
honda.odyssey.gen5.us.exl_2018,honda_odyssey_exl_2018_generated.dbc,vehicle_can,RADAR_HUD,0x39f,COUNTER,,61,2,motorola,False,1.0,0.0,,VEHICLE_PROTOCOL_DOCUMENTED,ADAS_ONLY
honda.odyssey.gen5.us.exl_2018,honda_odyssey_exl_2018_generated.dbc,vehicle_can,RADAR_HUD,0x39f,CHECKSUM,,59,4,motorola,False,1.0,0.0,,VEHICLE_PROTOCOL_DOCUMENTED,ADAS_ONLY
honda.odyssey.gen5.us.exl_2018,honda_odyssey_exl_2018_generated.dbc,vehicle_can,ODOMETER,0x516,ODOMETER,vehicle.odometer,7,24,motorola,False,1.0,0.0,km,CLUSTER_RELEVANT_SIGNAL_DOCUMENTED,DISPLAY_RELEVANT
honda.odyssey.gen5.us.exl_2018,honda_odyssey_exl_2018_generated.dbc,vehicle_can,ODOMETER,0x516,COUNTER,,61,2,motorola,False,1.0,0.0,,VEHICLE_PROTOCOL_DOCUMENTED,DISPLAY_RELEVANT
honda.odyssey.gen5.us.exl_2018,honda_odyssey_exl_2018_generated.dbc,vehicle_can,ODOMETER,0x516,CHECKSUM,,59,4,motorola,False,1.0,0.0,,VEHICLE_PROTOCOL_DOCUMENTED,DISPLAY_RELEVANT
honda.clarity.gen1.us.hybrid_2018,honda_clarity_hybrid_2018_can_generated.dbc,vehicle_can,GAS_COMMAND,0x200,GAS_COMMAND,,7,16,motorola,False,0.253984064,-83.3,,VEHICLE_PROTOCOL_DOCUMENTED,ADAS_ONLY
honda.clarity.gen1.us.hybrid_2018,honda_clarity_hybrid_2018_can_generated.dbc,vehicle_can,GAS_COMMAND,0x200,GAS_COMMAND2,,23,16,motorola,False,0.126992032,-83.3,,VEHICLE_PROTOCOL_DOCUMENTED,ADAS_ONLY
honda.clarity.gen1.us.hybrid_2018,honda_clarity_hybrid_2018_can_generated.dbc,vehicle_can,GAS_COMMAND,0x200,ENABLE,,39,1,motorola,False,1.0,0.0,,VEHICLE_PROTOCOL_DOCUMENTED,ADAS_ONLY
honda.clarity.gen1.us.hybrid_2018,honda_clarity_hybrid_2018_can_generated.dbc,vehicle_can,GAS_COMMAND,0x200,COUNTER_PEDAL,,35,4,motorola,False,1.0,0.0,,VEHICLE_PROTOCOL_DOCUMENTED,ADAS_ONLY
honda.clarity.gen1.us.hybrid_2018,honda_clarity_hybrid_2018_can_generated.dbc,vehicle_can,GAS_COMMAND,0x200,CHECKSUM_PEDAL,,47,8,motorola,False,1.0,0.0,,VEHICLE_PROTOCOL_DOCUMENTED,ADAS_ONLY
honda.clarity.gen1.us.hybrid_2018,honda_clarity_hybrid_2018_can_generated.dbc,vehicle_can,GAS_SENSOR,0x201,INTERCEPTOR_GAS,,7,16,motorola,False,1.0,0.0,,VEHICLE_PROTOCOL_DOCUMENTED,UNKNOWN
honda.clarity.gen1.us.hybrid_2018,honda_clarity_hybrid_2018_can_generated.dbc,vehicle_can,GAS_SENSOR,0x201,INTERCEPTOR_GAS2,,23,16,motorola,False,1.0,0.0,,VEHICLE_PROTOCOL_DOCUMENTED,UNKNOWN
honda.clarity.gen1.us.hybrid_2018,honda_clarity_hybrid_2018_can_generated.dbc,vehicle_can,GAS_SENSOR,0x201,STATE,,39,4,motorola,False,1.0,0.0,,VEHICLE_PROTOCOL_DOCUMENTED,UNKNOWN
honda.clarity.gen1.us.hybrid_2018,honda_clarity_hybrid_2018_can_generated.dbc,vehicle_can,GAS_SENSOR,0x201,COUNTER_PEDAL,,35,4,motorola,False,1.0,0.0,,VEHICLE_PROTOCOL_DOCUMENTED,UNKNOWN
honda.clarity.gen1.us.hybrid_2018,honda_clarity_hybrid_2018_can_generated.dbc,vehicle_can,GAS_SENSOR,0x201,CHECKSUM_PEDAL,,47,8,motorola,False,1.0,0.0,,VEHICLE_PROTOCOL_DOCUMENTED,UNKNOWN
honda.clarity.gen1.us.hybrid_2018,honda_clarity_hybrid_2018_can_generated.dbc,vehicle_can,GAS_PEDAL_2,0x130,ENGINE_TORQUE_ESTIMATE,,7,16,motorola,True,1.0,0.0,Nm,VEHICLE_PROTOCOL_DOCUMENTED,POWERTRAIN_ONLY
honda.clarity.gen1.us.hybrid_2018,honda_clarity_hybrid_2018_can_generated.dbc,vehicle_can,GAS_PEDAL_2,0x130,ENGINE_TORQUE_REQUEST,,23,16,motorola,True,1.0,0.0,Nm,VEHICLE_PROTOCOL_DOCUMENTED,POWERTRAIN_ONLY
honda.clarity.gen1.us.hybrid_2018,honda_clarity_hybrid_2018_can_generated.dbc,vehicle_can,GAS_PEDAL_2,0x130,CAR_GAS,,39,8,motorola,False,1.0,0.0,,VEHICLE_PROTOCOL_DOCUMENTED,POWERTRAIN_ONLY
honda.clarity.gen1.us.hybrid_2018,honda_clarity_hybrid_2018_can_generated.dbc,vehicle_can,GAS_PEDAL_2,0x130,COUNTER,,61,2,motorola,False,1.0,0.0,,VEHICLE_PROTOCOL_DOCUMENTED,POWERTRAIN_ONLY
honda.clarity.gen1.us.hybrid_2018,honda_clarity_hybrid_2018_can_generated.dbc,vehicle_can,GAS_PEDAL_2,0x130,CHECKSUM,,59,4,motorola,False,1.0,0.0,,VEHICLE_PROTOCOL_DOCUMENTED,POWERTRAIN_ONLY
honda.clarity.gen1.us.hybrid_2018,honda_clarity_hybrid_2018_can_generated.dbc,vehicle_can,GAS_PEDAL,0x13c,CAR_GAS,,39,8,motorola,False,1.0,0.0,,VEHICLE_PROTOCOL_DOCUMENTED,POWERTRAIN_ONLY
honda.clarity.gen1.us.hybrid_2018,honda_clarity_hybrid_2018_can_generated.dbc,vehicle_can,GAS_PEDAL,0x13c,COUNTER,,61,2,motorola,False,1.0,0.0,,VEHICLE_PROTOCOL_DOCUMENTED,POWERTRAIN_ONLY
honda.clarity.gen1.us.hybrid_2018,honda_clarity_hybrid_2018_can_generated.dbc,vehicle_can,GAS_PEDAL,0x13c,CHECKSUM,,59,4,motorola,False,1.0,0.0,,VEHICLE_PROTOCOL_DOCUMENTED,POWERTRAIN_ONLY
honda.clarity.gen1.us.hybrid_2018,honda_clarity_hybrid_2018_can_generated.dbc,vehicle_can,ENGINE_DATA,0x158,XMISSION_SPEED,vehicle.speed,7,16,motorola,False,0.01,0.0,kph,CLUSTER_RELEVANT_SIGNAL_DOCUMENTED,DISPLAY_RELEVANT
honda.clarity.gen1.us.hybrid_2018,honda_clarity_hybrid_2018_can_generated.dbc,vehicle_can,ENGINE_DATA,0x158,ENGINE_RPM,powertrain.engine_rpm,23,16,motorola,False,1.0,0.0,rpm,CLUSTER_RELEVANT_SIGNAL_DOCUMENTED,DISPLAY_RELEVANT
honda.clarity.gen1.us.hybrid_2018,honda_clarity_hybrid_2018_can_generated.dbc,vehicle_can,ENGINE_DATA,0x158,XMISSION_SPEED2,,39,16,motorola,False,0.01,0.0,kph,VEHICLE_PROTOCOL_DOCUMENTED,DISPLAY_RELEVANT
honda.clarity.gen1.us.hybrid_2018,honda_clarity_hybrid_2018_can_generated.dbc,vehicle_can,ENGINE_DATA,0x158,ODOMETER,vehicle.odometer,55,8,motorola,False,10.0,0.0,m,CLUSTER_RELEVANT_SIGNAL_DOCUMENTED,DISPLAY_RELEVANT
honda.clarity.gen1.us.hybrid_2018,honda_clarity_hybrid_2018_can_generated.dbc,vehicle_can,ENGINE_DATA,0x158,COUNTER,,61,2,motorola,False,1.0,0.0,,VEHICLE_PROTOCOL_DOCUMENTED,DISPLAY_RELEVANT
honda.clarity.gen1.us.hybrid_2018,honda_clarity_hybrid_2018_can_generated.dbc,vehicle_can,ENGINE_DATA,0x158,CHECKSUM,,59,4,motorola,False,1.0,0.0,,VEHICLE_PROTOCOL_DOCUMENTED,DISPLAY_RELEVANT
honda.clarity.gen1.us.hybrid_2018,honda_clarity_hybrid_2018_can_generated.dbc,vehicle_can,POWERTRAIN_DATA,0x17c,PEDAL_GAS,powertrain.throttle_position,7,8,motorola,False,1.0,0.0,,VEHICLE_PROTOCOL_DOCUMENTED,DISPLAY_RELEVANT
honda.clarity.gen1.us.hybrid_2018,honda_clarity_hybrid_2018_can_generated.dbc,vehicle_can,POWERTRAIN_DATA,0x17c,ENGINE_RPM,powertrain.engine_rpm,23,16,motorola,False,1.0,0.0,rpm,CLUSTER_RELEVANT_SIGNAL_DOCUMENTED,DISPLAY_RELEVANT
honda.clarity.gen1.us.hybrid_2018,honda_clarity_hybrid_2018_can_generated.dbc,vehicle_can,POWERTRAIN_DATA,0x17c,GAS_PRESSED,,39,1,motorola,False,1.0,0.0,,VEHICLE_PROTOCOL_DOCUMENTED,DISPLAY_RELEVANT
honda.clarity.gen1.us.hybrid_2018,honda_clarity_hybrid_2018_can_generated.dbc,vehicle_can,POWERTRAIN_DATA,0x17c,ACC_STATUS,adas.acc_state,38,1,motorola,False,1.0,0.0,,VEHICLE_PROTOCOL_DOCUMENTED,DISPLAY_RELEVANT
honda.clarity.gen1.us.hybrid_2018,honda_clarity_hybrid_2018_can_generated.dbc,vehicle_can,POWERTRAIN_DATA,0x17c,BOH_17C,,37,5,motorola,False,1.0,0.0,,VEHICLE_PROTOCOL_DOCUMENTED,DISPLAY_RELEVANT
honda.clarity.gen1.us.hybrid_2018,honda_clarity_hybrid_2018_can_generated.dbc,vehicle_can,POWERTRAIN_DATA,0x17c,BRAKE_SWITCH,,32,1,motorola,False,1.0,0.0,,VEHICLE_PROTOCOL_DOCUMENTED,DISPLAY_RELEVANT
honda.clarity.gen1.us.hybrid_2018,honda_clarity_hybrid_2018_can_generated.dbc,vehicle_can,POWERTRAIN_DATA,0x17c,BOH2_17C,,47,10,motorola,False,1.0,0.0,,VEHICLE_PROTOCOL_DOCUMENTED,DISPLAY_RELEVANT
honda.clarity.gen1.us.hybrid_2018,honda_clarity_hybrid_2018_can_generated.dbc,vehicle_can,POWERTRAIN_DATA,0x17c,BRAKE_PRESSED,brakes.service_brake,53,1,motorola,False,1.0,0.0,,VEHICLE_PROTOCOL_DOCUMENTED,DISPLAY_RELEVANT
honda.clarity.gen1.us.hybrid_2018,honda_clarity_hybrid_2018_can_generated.dbc,vehicle_can,POWERTRAIN_DATA,0x17c,BOH3_17C,,52,5,motorola,False,1.0,0.0,,VEHICLE_PROTOCOL_DOCUMENTED,DISPLAY_RELEVANT
honda.clarity.gen1.us.hybrid_2018,honda_clarity_hybrid_2018_can_generated.dbc,vehicle_can,POWERTRAIN_DATA,0x17c,COUNTER,,61,2,motorola,False,1.0,0.0,,VEHICLE_PROTOCOL_DOCUMENTED,DISPLAY_RELEVANT
honda.clarity.gen1.us.hybrid_2018,honda_clarity_hybrid_2018_can_generated.dbc,vehicle_can,POWERTRAIN_DATA,0x17c,CHECKSUM,,59,4,motorola,False,1.0,0.0,,VEHICLE_PROTOCOL_DOCUMENTED,DISPLAY_RELEVANT
honda.clarity.gen1.us.hybrid_2018,honda_clarity_hybrid_2018_can_generated.dbc,vehicle_can,VSA_STATUS,0x1a4,USER_BRAKE,,7,16,motorola,False,0.015625,-1.609375,,VEHICLE_PROTOCOL_DOCUMENTED,DISPLAY_RELEVANT
honda.clarity.gen1.us.hybrid_2018,honda_clarity_hybrid_2018_can_generated.dbc,vehicle_can,VSA_STATUS,0x1a4,COMPUTER_BRAKING,,23,1,motorola,False,1.0,0.0,,VEHICLE_PROTOCOL_DOCUMENTED,DISPLAY_RELEVANT
honda.clarity.gen1.us.hybrid_2018,honda_clarity_hybrid_2018_can_generated.dbc,vehicle_can,VSA_STATUS,0x1a4,ESP_DISABLED,stability.vsa_warning,28,1,motorola,False,1.0,0.0,,CLUSTER_RELEVANT_SIGNAL_DOCUMENTED,DISPLAY_RELEVANT
honda.clarity.gen1.us.hybrid_2018,honda_clarity_hybrid_2018_can_generated.dbc,vehicle_can,VSA_STATUS,0x1a4,BRAKE_HOLD_RELATED,,52,1,motorola,False,1.0,0.0,,VEHICLE_PROTOCOL_DOCUMENTED,DISPLAY_RELEVANT
honda.clarity.gen1.us.hybrid_2018,honda_clarity_hybrid_2018_can_generated.dbc,vehicle_can,VSA_STATUS,0x1a4,BRAKE_HOLD_ACTIVE,,46,1,motorola,False,1.0,0.0,,VEHICLE_PROTOCOL_DOCUMENTED,DISPLAY_RELEVANT
honda.clarity.gen1.us.hybrid_2018,honda_clarity_hybrid_2018_can_generated.dbc,vehicle_can,VSA_STATUS,0x1a4,BRAKE_HOLD_ENABLED,,45,1,motorola,False,1.0,0.0,,VEHICLE_PROTOCOL_DOCUMENTED,DISPLAY_RELEVANT
honda.clarity.gen1.us.hybrid_2018,honda_clarity_hybrid_2018_can_generated.dbc,vehicle_can,VSA_STATUS,0x1a4,COUNTER,,61,2,motorola,False,1.0,0.0,,VEHICLE_PROTOCOL_DOCUMENTED,DISPLAY_RELEVANT
honda.clarity.gen1.us.hybrid_2018,honda_clarity_hybrid_2018_can_generated.dbc,vehicle_can,VSA_STATUS,0x1a4,CHECKSUM,,59,4,motorola,False,1.0,0.0,,VEHICLE_PROTOCOL_DOCUMENTED,DISPLAY_RELEVANT
honda.clarity.gen1.us.hybrid_2018,honda_clarity_hybrid_2018_can_generated.dbc,vehicle_can,STEER_MOTOR_TORQUE,0x1ab,CONFIG_VALID,,7,1,motorola,False,1.0,0.0,,VEHICLE_PROTOCOL_DOCUMENTED,UNKNOWN
honda.clarity.gen1.us.hybrid_2018,honda_clarity_hybrid_2018_can_generated.dbc,vehicle_can,STEER_MOTOR_TORQUE,0x1ab,MOTOR_TORQUE,,1,10,motorola,False,1.0,0.0,,VEHICLE_PROTOCOL_DOCUMENTED,UNKNOWN
honda.clarity.gen1.us.hybrid_2018,honda_clarity_hybrid_2018_can_generated.dbc,vehicle_can,STEER_MOTOR_TORQUE,0x1ab,OUTPUT_DISABLED,,22,1,motorola,False,1.0,0.0,,VEHICLE_PROTOCOL_DOCUMENTED,UNKNOWN
honda.clarity.gen1.us.hybrid_2018,honda_clarity_hybrid_2018_can_generated.dbc,vehicle_can,STEER_MOTOR_TORQUE,0x1ab,COUNTER,,21,2,motorola,False,1.0,0.0,,VEHICLE_PROTOCOL_DOCUMENTED,UNKNOWN
honda.clarity.gen1.us.hybrid_2018,honda_clarity_hybrid_2018_can_generated.dbc,vehicle_can,STEER_MOTOR_TORQUE,0x1ab,CHECKSUM,,19,4,motorola,False,1.0,0.0,,VEHICLE_PROTOCOL_DOCUMENTED,UNKNOWN
honda.clarity.gen1.us.hybrid_2018,honda_clarity_hybrid_2018_can_generated.dbc,vehicle_can,WHEEL_SPEEDS,0x1d0,WHEEL_SPEED_FL,,7,15,motorola,False,0.01,0.0,kph,VEHICLE_PROTOCOL_DOCUMENTED,POWERTRAIN_ONLY
honda.clarity.gen1.us.hybrid_2018,honda_clarity_hybrid_2018_can_generated.dbc,vehicle_can,WHEEL_SPEEDS,0x1d0,WHEEL_SPEED_FR,,8,15,motorola,False,0.01,0.0,kph,VEHICLE_PROTOCOL_DOCUMENTED,POWERTRAIN_ONLY
honda.clarity.gen1.us.hybrid_2018,honda_clarity_hybrid_2018_can_generated.dbc,vehicle_can,WHEEL_SPEEDS,0x1d0,WHEEL_SPEED_RL,,25,15,motorola,False,0.01,0.0,kph,VEHICLE_PROTOCOL_DOCUMENTED,POWERTRAIN_ONLY
honda.clarity.gen1.us.hybrid_2018,honda_clarity_hybrid_2018_can_generated.dbc,vehicle_can,WHEEL_SPEEDS,0x1d0,WHEEL_SPEED_RR,,42,15,motorola,False,0.01,0.0,kph,VEHICLE_PROTOCOL_DOCUMENTED,POWERTRAIN_ONLY
honda.clarity.gen1.us.hybrid_2018,honda_clarity_hybrid_2018_can_generated.dbc,vehicle_can,WHEEL_SPEEDS,0x1d0,CHECKSUM,,59,4,motorola,False,1.0,0.0,,VEHICLE_PROTOCOL_DOCUMENTED,POWERTRAIN_ONLY
honda.clarity.gen1.us.hybrid_2018,honda_clarity_hybrid_2018_can_generated.dbc,vehicle_can,VEHICLE_DYNAMICS,0x1ea,LAT_ACCEL,,7,16,motorola,True,0.0015,0.0,m/s2,VEHICLE_PROTOCOL_DOCUMENTED,UNKNOWN
honda.clarity.gen1.us.hybrid_2018,honda_clarity_hybrid_2018_can_generated.dbc,vehicle_can,VEHICLE_DYNAMICS,0x1ea,LONG_ACCEL,,23,16,motorola,True,0.0015,0.0,m/s2,VEHICLE_PROTOCOL_DOCUMENTED,UNKNOWN
honda.clarity.gen1.us.hybrid_2018,honda_clarity_hybrid_2018_can_generated.dbc,vehicle_can,VEHICLE_DYNAMICS,0x1ea,COUNTER,,61,2,motorola,False,1.0,0.0,,VEHICLE_PROTOCOL_DOCUMENTED,UNKNOWN
honda.clarity.gen1.us.hybrid_2018,honda_clarity_hybrid_2018_can_generated.dbc,vehicle_can,VEHICLE_DYNAMICS,0x1ea,CHECKSUM,,59,4,motorola,False,1.0,0.0,,VEHICLE_PROTOCOL_DOCUMENTED,UNKNOWN
honda.clarity.gen1.us.hybrid_2018,honda_clarity_hybrid_2018_can_generated.dbc,vehicle_can,SEATBELT_STATUS,0x305,SEATBELT_DRIVER_LAMP,,7,1,motorola,False,1.0,0.0,,VEHICLE_PROTOCOL_DOCUMENTED,DISPLAY_RELEVANT
honda.clarity.gen1.us.hybrid_2018,honda_clarity_hybrid_2018_can_generated.dbc,vehicle_can,SEATBELT_STATUS,0x305,SEATBELT_PASS_UNLATCHED,,10,1,motorola,False,1.0,0.0,,VEHICLE_PROTOCOL_DOCUMENTED,DISPLAY_RELEVANT
honda.clarity.gen1.us.hybrid_2018,honda_clarity_hybrid_2018_can_generated.dbc,vehicle_can,SEATBELT_STATUS,0x305,SEATBELT_PASS_LATCHED,safety.seatbelt_passenger,11,1,motorola,False,1.0,0.0,,VEHICLE_PROTOCOL_DOCUMENTED,DISPLAY_RELEVANT
honda.clarity.gen1.us.hybrid_2018,honda_clarity_hybrid_2018_can_generated.dbc,vehicle_can,SEATBELT_STATUS,0x305,SEATBELT_DRIVER_UNLATCHED,,12,1,motorola,False,1.0,0.0,,VEHICLE_PROTOCOL_DOCUMENTED,DISPLAY_RELEVANT
honda.clarity.gen1.us.hybrid_2018,honda_clarity_hybrid_2018_can_generated.dbc,vehicle_can,SEATBELT_STATUS,0x305,SEATBELT_DRIVER_LATCHED,safety.seatbelt_driver,13,1,motorola,False,1.0,0.0,,CLUSTER_RELEVANT_SIGNAL_DOCUMENTED,DISPLAY_RELEVANT
honda.clarity.gen1.us.hybrid_2018,honda_clarity_hybrid_2018_can_generated.dbc,vehicle_can,SEATBELT_STATUS,0x305,PASS_AIRBAG_OFF,,14,1,motorola,False,1.0,0.0,,VEHICLE_PROTOCOL_DOCUMENTED,DISPLAY_RELEVANT
honda.clarity.gen1.us.hybrid_2018,honda_clarity_hybrid_2018_can_generated.dbc,vehicle_can,SEATBELT_STATUS,0x305,PASS_AIRBAG_ON,,15,1,motorola,False,1.0,0.0,,VEHICLE_PROTOCOL_DOCUMENTED,DISPLAY_RELEVANT
honda.clarity.gen1.us.hybrid_2018,honda_clarity_hybrid_2018_can_generated.dbc,vehicle_can,SEATBELT_STATUS,0x305,COUNTER,,53,2,motorola,False,1.0,0.0,,VEHICLE_PROTOCOL_DOCUMENTED,DISPLAY_RELEVANT
honda.clarity.gen1.us.hybrid_2018,honda_clarity_hybrid_2018_can_generated.dbc,vehicle_can,SEATBELT_STATUS,0x305,CHECKSUM,,51,4,motorola,False,1.0,0.0,,VEHICLE_PROTOCOL_DOCUMENTED,DISPLAY_RELEVANT
honda.clarity.gen1.us.hybrid_2018,honda_clarity_hybrid_2018_can_generated.dbc,vehicle_can,CAR_SPEED,0x309,ROUGH_CAR_SPEED,,23,8,motorola,False,1.0,0.0,mph,VEHICLE_PROTOCOL_DOCUMENTED,DISPLAY_RELEVANT
honda.clarity.gen1.us.hybrid_2018,honda_clarity_hybrid_2018_can_generated.dbc,vehicle_can,CAR_SPEED,0x309,CAR_SPEED,vehicle.speed,7,16,motorola,False,0.01,0.0,kph,CLUSTER_RELEVANT_SIGNAL_DOCUMENTED,DISPLAY_RELEVANT
honda.clarity.gen1.us.hybrid_2018,honda_clarity_hybrid_2018_can_generated.dbc,vehicle_can,CAR_SPEED,0x309,ROUGH_CAR_SPEED_3,,39,16,motorola,False,0.01,0.0,kph,VEHICLE_PROTOCOL_DOCUMENTED,DISPLAY_RELEVANT
honda.clarity.gen1.us.hybrid_2018,honda_clarity_hybrid_2018_can_generated.dbc,vehicle_can,CAR_SPEED,0x309,ROUGH_CAR_SPEED_2,,31,8,motorola,False,1.0,0.0,mph,VEHICLE_PROTOCOL_DOCUMENTED,DISPLAY_RELEVANT
honda.clarity.gen1.us.hybrid_2018,honda_clarity_hybrid_2018_can_generated.dbc,vehicle_can,CAR_SPEED,0x309,LOCK_STATUS,,55,2,motorola,False,1.0,0.0,,VEHICLE_PROTOCOL_DOCUMENTED,DISPLAY_RELEVANT
honda.clarity.gen1.us.hybrid_2018,honda_clarity_hybrid_2018_can_generated.dbc,vehicle_can,CAR_SPEED,0x309,COUNTER,,61,2,motorola,False,1.0,0.0,,VEHICLE_PROTOCOL_DOCUMENTED,DISPLAY_RELEVANT
honda.clarity.gen1.us.hybrid_2018,honda_clarity_hybrid_2018_can_generated.dbc,vehicle_can,CAR_SPEED,0x309,CHECKSUM,,59,4,motorola,False,1.0,0.0,,VEHICLE_PROTOCOL_DOCUMENTED,DISPLAY_RELEVANT
honda.clarity.gen1.us.hybrid_2018,honda_clarity_hybrid_2018_can_generated.dbc,vehicle_can,CAR_SPEED,0x309,IMPERIAL_UNIT,,63,1,motorola,False,1.0,0.0,,VEHICLE_PROTOCOL_DOCUMENTED,DISPLAY_RELEVANT
honda.clarity.gen1.us.hybrid_2018,honda_clarity_hybrid_2018_can_generated.dbc,vehicle_can,ACC_HUD,0x30c,PCM_SPEED,,7,16,motorola,False,0.01,0.0,kph,VEHICLE_PROTOCOL_DOCUMENTED,ADAS_ONLY
honda.clarity.gen1.us.hybrid_2018,honda_clarity_hybrid_2018_can_generated.dbc,vehicle_can,ACC_HUD,0x30c,PCM_GAS,,23,8,motorola,False,1.0,0.0,,VEHICLE_PROTOCOL_DOCUMENTED,ADAS_ONLY
honda.clarity.gen1.us.hybrid_2018,honda_clarity_hybrid_2018_can_generated.dbc,vehicle_can,ACC_HUD,0x30c,CRUISE_SPEED,,31,8,motorola,False,1.0,0.0,kph,VEHICLE_PROTOCOL_DOCUMENTED,ADAS_ONLY
honda.clarity.gen1.us.hybrid_2018,honda_clarity_hybrid_2018_can_generated.dbc,vehicle_can,ACC_HUD,0x30c,DTC_MODE,,39,1,motorola,False,1.0,0.0,,VEHICLE_PROTOCOL_DOCUMENTED,ADAS_ONLY
honda.clarity.gen1.us.hybrid_2018,honda_clarity_hybrid_2018_can_generated.dbc,vehicle_can,ACC_HUD,0x30c,BOH,,38,1,motorola,False,1.0,0.0,,VEHICLE_PROTOCOL_DOCUMENTED,ADAS_ONLY
honda.clarity.gen1.us.hybrid_2018,honda_clarity_hybrid_2018_can_generated.dbc,vehicle_can,ACC_HUD,0x30c,ACC_PROBLEM,,37,1,motorola,False,1.0,0.0,,VEHICLE_PROTOCOL_DOCUMENTED,ADAS_ONLY
honda.clarity.gen1.us.hybrid_2018,honda_clarity_hybrid_2018_can_generated.dbc,vehicle_can,ACC_HUD,0x30c,FCM_OFF,,35,1,motorola,False,1.0,0.0,,VEHICLE_PROTOCOL_DOCUMENTED,ADAS_ONLY
honda.clarity.gen1.us.hybrid_2018,honda_clarity_hybrid_2018_can_generated.dbc,vehicle_can,ACC_HUD,0x30c,FCM_OFF_2,,36,1,motorola,False,1.0,0.0,,VEHICLE_PROTOCOL_DOCUMENTED,ADAS_ONLY
honda.clarity.gen1.us.hybrid_2018,honda_clarity_hybrid_2018_can_generated.dbc,vehicle_can,ACC_HUD,0x30c,FCM_PROBLEM,,34,1,motorola,False,1.0,0.0,,VEHICLE_PROTOCOL_DOCUMENTED,ADAS_ONLY
honda.clarity.gen1.us.hybrid_2018,honda_clarity_hybrid_2018_can_generated.dbc,vehicle_can,ACC_HUD,0x30c,RADAR_OBSTRUCTED,,33,1,motorola,False,1.0,0.0,,VEHICLE_PROTOCOL_DOCUMENTED,ADAS_ONLY
honda.clarity.gen1.us.hybrid_2018,honda_clarity_hybrid_2018_can_generated.dbc,vehicle_can,ACC_HUD,0x30c,ENABLE_MINI_CAR,,32,1,motorola,False,1.0,0.0,,VEHICLE_PROTOCOL_DOCUMENTED,ADAS_ONLY
honda.clarity.gen1.us.hybrid_2018,honda_clarity_hybrid_2018_can_generated.dbc,vehicle_can,ACC_HUD,0x30c,HUD_DISTANCE,,47,2,motorola,False,1.0,0.0,,VEHICLE_PROTOCOL_DOCUMENTED,ADAS_ONLY
honda.clarity.gen1.us.hybrid_2018,honda_clarity_hybrid_2018_can_generated.dbc,vehicle_can,ACC_HUD,0x30c,HUD_LEAD,,45,2,motorola,False,1.0,0.0,,VEHICLE_PROTOCOL_DOCUMENTED,ADAS_ONLY
honda.clarity.gen1.us.hybrid_2018,honda_clarity_hybrid_2018_can_generated.dbc,vehicle_can,ACC_HUD,0x30c,BOH_3,,43,1,motorola,False,1.0,0.0,,VEHICLE_PROTOCOL_DOCUMENTED,ADAS_ONLY
honda.clarity.gen1.us.hybrid_2018,honda_clarity_hybrid_2018_can_generated.dbc,vehicle_can,ACC_HUD,0x30c,BOH_4,,42,1,motorola,False,1.0,0.0,,VEHICLE_PROTOCOL_DOCUMENTED,ADAS_ONLY
honda.clarity.gen1.us.hybrid_2018,honda_clarity_hybrid_2018_can_generated.dbc,vehicle_can,ACC_HUD,0x30c,BOH_5,,41,1,motorola,False,1.0,0.0,,VEHICLE_PROTOCOL_DOCUMENTED,ADAS_ONLY
honda.clarity.gen1.us.hybrid_2018,honda_clarity_hybrid_2018_can_generated.dbc,vehicle_can,ACC_HUD,0x30c,CRUISE_CONTROL_LABEL,,40,1,motorola,False,1.0,0.0,,VEHICLE_PROTOCOL_DOCUMENTED,ADAS_ONLY
honda.clarity.gen1.us.hybrid_2018,honda_clarity_hybrid_2018_can_generated.dbc,vehicle_can,ACC_HUD,0x30c,SET_ME_X01_2,,55,1,motorola,False,1.0,0.0,,VEHICLE_PROTOCOL_DOCUMENTED,ADAS_ONLY
honda.clarity.gen1.us.hybrid_2018,honda_clarity_hybrid_2018_can_generated.dbc,vehicle_can,ACC_HUD,0x30c,IMPERIAL_UNIT,,54,1,motorola,False,1.0,0.0,,VEHICLE_PROTOCOL_DOCUMENTED,ADAS_ONLY
honda.clarity.gen1.us.hybrid_2018,honda_clarity_hybrid_2018_can_generated.dbc,vehicle_can,ACC_HUD,0x30c,ACC_ON,,52,1,motorola,False,1.0,0.0,,VEHICLE_PROTOCOL_DOCUMENTED,ADAS_ONLY
honda.clarity.gen1.us.hybrid_2018,honda_clarity_hybrid_2018_can_generated.dbc,vehicle_can,ACC_HUD,0x30c,CHIME,,51,3,motorola,False,1.0,0.0,,VEHICLE_PROTOCOL_DOCUMENTED,ADAS_ONLY
honda.clarity.gen1.us.hybrid_2018,honda_clarity_hybrid_2018_can_generated.dbc,vehicle_can,ACC_HUD,0x30c,SET_ME_X01,,48,1,motorola,False,1.0,0.0,,VEHICLE_PROTOCOL_DOCUMENTED,ADAS_ONLY
honda.clarity.gen1.us.hybrid_2018,honda_clarity_hybrid_2018_can_generated.dbc,vehicle_can,ACC_HUD,0x30c,ICONS,,63,2,motorola,False,1.0,0.0,,VEHICLE_PROTOCOL_DOCUMENTED,ADAS_ONLY
honda.clarity.gen1.us.hybrid_2018,honda_clarity_hybrid_2018_can_generated.dbc,vehicle_can,ACC_HUD,0x30c,COUNTER,,61,2,motorola,False,1.0,0.0,,VEHICLE_PROTOCOL_DOCUMENTED,ADAS_ONLY
honda.clarity.gen1.us.hybrid_2018,honda_clarity_hybrid_2018_can_generated.dbc,vehicle_can,ACC_HUD,0x30c,CHECKSUM,,59,4,motorola,False,1.0,0.0,,VEHICLE_PROTOCOL_DOCUMENTED,ADAS_ONLY
honda.clarity.gen1.us.hybrid_2018,honda_clarity_hybrid_2018_can_generated.dbc,vehicle_can,CRUISE,0x324,HUD_SPEED_KPH,,7,8,motorola,False,1.0,0.0,kph,VEHICLE_PROTOCOL_DOCUMENTED,POWERTRAIN_ONLY
honda.clarity.gen1.us.hybrid_2018,honda_clarity_hybrid_2018_can_generated.dbc,vehicle_can,CRUISE,0x324,HUD_SPEED_MPH,,15,8,motorola,False,1.0,0.0,mph,VEHICLE_PROTOCOL_DOCUMENTED,POWERTRAIN_ONLY
honda.clarity.gen1.us.hybrid_2018,honda_clarity_hybrid_2018_can_generated.dbc,vehicle_can,CRUISE,0x324,TRIP_FUEL_CONSUMED,,23,16,motorola,False,1.0,0.0,,VEHICLE_PROTOCOL_DOCUMENTED,POWERTRAIN_ONLY
honda.clarity.gen1.us.hybrid_2018,honda_clarity_hybrid_2018_can_generated.dbc,vehicle_can,CRUISE,0x324,CRUISE_SPEED_PCM,,39,8,motorola,False,1.0,0.0,,VEHICLE_PROTOCOL_DOCUMENTED,POWERTRAIN_ONLY
honda.clarity.gen1.us.hybrid_2018,honda_clarity_hybrid_2018_can_generated.dbc,vehicle_can,CRUISE,0x324,BOH2,,47,8,motorola,True,1.0,0.0,,VEHICLE_PROTOCOL_DOCUMENTED,POWERTRAIN_ONLY
honda.clarity.gen1.us.hybrid_2018,honda_clarity_hybrid_2018_can_generated.dbc,vehicle_can,CRUISE,0x324,BOH3,,55,8,motorola,False,1.0,0.0,,VEHICLE_PROTOCOL_DOCUMENTED,POWERTRAIN_ONLY
honda.clarity.gen1.us.hybrid_2018,honda_clarity_hybrid_2018_can_generated.dbc,vehicle_can,CRUISE,0x324,COUNTER,,61,2,motorola,False,1.0,0.0,,VEHICLE_PROTOCOL_DOCUMENTED,POWERTRAIN_ONLY
honda.clarity.gen1.us.hybrid_2018,honda_clarity_hybrid_2018_can_generated.dbc,vehicle_can,CRUISE,0x324,CHECKSUM,,59,4,motorola,False,1.0,0.0,,VEHICLE_PROTOCOL_DOCUMENTED,POWERTRAIN_ONLY
honda.clarity.gen1.us.hybrid_2018,honda_clarity_hybrid_2018_can_generated.dbc,vehicle_can,STALK_STATUS,0x374,DASHBOARD_ALERT,,39,8,motorola,False,1.0,0.0,,VEHICLE_PROTOCOL_DOCUMENTED,BODY_RELEVANT
honda.clarity.gen1.us.hybrid_2018,honda_clarity_hybrid_2018_can_generated.dbc,vehicle_can,STALK_STATUS,0x374,AUTO_HEADLIGHTS,,46,1,motorola,False,1.0,0.0,,VEHICLE_PROTOCOL_DOCUMENTED,BODY_RELEVANT
honda.clarity.gen1.us.hybrid_2018,honda_clarity_hybrid_2018_can_generated.dbc,vehicle_can,STALK_STATUS,0x374,HIGH_BEAM_HOLD,,47,1,motorola,False,1.0,0.0,,VEHICLE_PROTOCOL_DOCUMENTED,BODY_RELEVANT
honda.clarity.gen1.us.hybrid_2018,honda_clarity_hybrid_2018_can_generated.dbc,vehicle_can,STALK_STATUS,0x374,HIGH_BEAM_FLASH,,45,1,motorola,False,1.0,0.0,,VEHICLE_PROTOCOL_DOCUMENTED,BODY_RELEVANT
honda.clarity.gen1.us.hybrid_2018,honda_clarity_hybrid_2018_can_generated.dbc,vehicle_can,STALK_STATUS,0x374,HEADLIGHTS_ON,lighting.headlights_on,54,1,motorola,False,1.0,0.0,,VEHICLE_PROTOCOL_DOCUMENTED,BODY_RELEVANT
honda.clarity.gen1.us.hybrid_2018,honda_clarity_hybrid_2018_can_generated.dbc,vehicle_can,STALK_STATUS,0x374,WIPER_SWITCH,,53,2,motorola,False,1.0,0.0,,VEHICLE_PROTOCOL_DOCUMENTED,BODY_RELEVANT
honda.clarity.gen1.us.hybrid_2018,honda_clarity_hybrid_2018_can_generated.dbc,vehicle_can,STALK_STATUS,0x374,COUNTER,,61,2,motorola,False,1.0,0.0,,VEHICLE_PROTOCOL_DOCUMENTED,BODY_RELEVANT
honda.clarity.gen1.us.hybrid_2018,honda_clarity_hybrid_2018_can_generated.dbc,vehicle_can,STALK_STATUS,0x374,CHECKSUM,,59,4,motorola,False,1.0,0.0,,VEHICLE_PROTOCOL_DOCUMENTED,BODY_RELEVANT
honda.clarity.gen1.us.hybrid_2018,honda_clarity_hybrid_2018_can_generated.dbc,vehicle_can,STALK_STATUS_2,0x37b,WIPERS,,17,2,motorola,False,1.0,0.0,,VEHICLE_PROTOCOL_DOCUMENTED,DISPLAY_RELEVANT
honda.clarity.gen1.us.hybrid_2018,honda_clarity_hybrid_2018_can_generated.dbc,vehicle_can,STALK_STATUS_2,0x37b,LOW_BEAMS,lighting.low_beam,35,1,motorola,False,1.0,0.0,,CLUSTER_RELEVANT_SIGNAL_DOCUMENTED,DISPLAY_RELEVANT
honda.clarity.gen1.us.hybrid_2018,honda_clarity_hybrid_2018_can_generated.dbc,vehicle_can,STALK_STATUS_2,0x37b,HIGH_BEAMS,lighting.high_beam,34,1,motorola,False,1.0,0.0,,CLUSTER_RELEVANT_SIGNAL_DOCUMENTED,DISPLAY_RELEVANT
honda.clarity.gen1.us.hybrid_2018,honda_clarity_hybrid_2018_can_generated.dbc,vehicle_can,STALK_STATUS_2,0x37b,PARK_LIGHTS,,36,1,motorola,False,1.0,0.0,,VEHICLE_PROTOCOL_DOCUMENTED,DISPLAY_RELEVANT
honda.clarity.gen1.us.hybrid_2018,honda_clarity_hybrid_2018_can_generated.dbc,vehicle_can,STALK_STATUS_2,0x37b,COUNTER,,61,2,motorola,False,1.0,0.0,,VEHICLE_PROTOCOL_DOCUMENTED,DISPLAY_RELEVANT
honda.clarity.gen1.us.hybrid_2018,honda_clarity_hybrid_2018_can_generated.dbc,vehicle_can,STALK_STATUS_2,0x37b,CHECKSUM,,59,4,motorola,False,1.0,0.0,,VEHICLE_PROTOCOL_DOCUMENTED,DISPLAY_RELEVANT
honda.clarity.gen1.us.hybrid_2018,honda_clarity_hybrid_2018_can_generated.dbc,vehicle_can,DOORS_STATUS,0x405,DOOR_OPEN_FL,body.driver_door,37,1,motorola,False,1.0,0.0,,CLUSTER_RELEVANT_SIGNAL_DOCUMENTED,DISPLAY_RELEVANT
honda.clarity.gen1.us.hybrid_2018,honda_clarity_hybrid_2018_can_generated.dbc,vehicle_can,DOORS_STATUS,0x405,DOOR_OPEN_FR,body.passenger_door,38,1,motorola,False,1.0,0.0,,CLUSTER_RELEVANT_SIGNAL_DOCUMENTED,DISPLAY_RELEVANT
honda.clarity.gen1.us.hybrid_2018,honda_clarity_hybrid_2018_can_generated.dbc,vehicle_can,DOORS_STATUS,0x405,DOOR_OPEN_RL,body.rear_left_door,39,1,motorola,False,1.0,0.0,,VEHICLE_PROTOCOL_DOCUMENTED,DISPLAY_RELEVANT
honda.clarity.gen1.us.hybrid_2018,honda_clarity_hybrid_2018_can_generated.dbc,vehicle_can,DOORS_STATUS,0x405,DOOR_OPEN_RR,body.rear_right_door,40,1,motorola,False,1.0,0.0,,VEHICLE_PROTOCOL_DOCUMENTED,DISPLAY_RELEVANT
honda.clarity.gen1.us.hybrid_2018,honda_clarity_hybrid_2018_can_generated.dbc,vehicle_can,DOORS_STATUS,0x405,TRUNK_OPEN,body.trunk,41,1,motorola,False,1.0,0.0,,CLUSTER_RELEVANT_SIGNAL_DOCUMENTED,DISPLAY_RELEVANT
honda.clarity.gen1.us.hybrid_2018,honda_clarity_hybrid_2018_can_generated.dbc,vehicle_can,DOORS_STATUS,0x405,COUNTER,,61,2,motorola,False,1.0,0.0,,VEHICLE_PROTOCOL_DOCUMENTED,DISPLAY_RELEVANT
honda.clarity.gen1.us.hybrid_2018,honda_clarity_hybrid_2018_can_generated.dbc,vehicle_can,DOORS_STATUS,0x405,CHECKSUM,,59,4,motorola,False,1.0,0.0,,VEHICLE_PROTOCOL_DOCUMENTED,DISPLAY_RELEVANT
honda.clarity.gen1.us.hybrid_2018,honda_clarity_hybrid_2018_can_generated.dbc,vehicle_can,KINEMATICS,0x91,LAT_ACCEL,,7,10,motorola,False,0.02,-512.0,m/s2,VEHICLE_PROTOCOL_DOCUMENTED,UNKNOWN
honda.clarity.gen1.us.hybrid_2018,honda_clarity_hybrid_2018_can_generated.dbc,vehicle_can,KINEMATICS,0x91,COUNTER,,61,2,motorola,False,1.0,0.0,,VEHICLE_PROTOCOL_DOCUMENTED,UNKNOWN
honda.clarity.gen1.us.hybrid_2018,honda_clarity_hybrid_2018_can_generated.dbc,vehicle_can,KINEMATICS,0x91,CHECKSUM,,59,4,motorola,False,1.0,0.0,,VEHICLE_PROTOCOL_DOCUMENTED,UNKNOWN
honda.clarity.gen1.us.hybrid_2018,honda_clarity_hybrid_2018_can_generated.dbc,vehicle_can,KINEMATICS_ALT,0x94,LAT_ACCEL,,7,10,motorola,False,0.02,-512.0,m/s2,VEHICLE_PROTOCOL_DOCUMENTED,UNKNOWN
honda.clarity.gen1.us.hybrid_2018,honda_clarity_hybrid_2018_can_generated.dbc,vehicle_can,KINEMATICS_ALT,0x94,LONG_ACCEL,,24,9,motorola,True,-0.02,0.0,m/s2,VEHICLE_PROTOCOL_DOCUMENTED,UNKNOWN
honda.clarity.gen1.us.hybrid_2018,honda_clarity_hybrid_2018_can_generated.dbc,vehicle_can,KINEMATICS_ALT,0x94,CHECKSUM,,59,4,motorola,False,1.0,0.0,,VEHICLE_PROTOCOL_DOCUMENTED,UNKNOWN
honda.clarity.gen1.us.hybrid_2018,honda_clarity_hybrid_2018_can_generated.dbc,vehicle_can,KINEMATICS_ALT,0x94,COUNTER,,61,2,motorola,False,1.0,0.0,,VEHICLE_PROTOCOL_DOCUMENTED,UNKNOWN
honda.clarity.gen1.us.hybrid_2018,honda_clarity_hybrid_2018_can_generated.dbc,vehicle_can,STANDSTILL,0x1b0,CONTROLLED_STANDSTILL,,0,1,motorola,False,1.0,0.0,,VEHICLE_PROTOCOL_DOCUMENTED,POWERTRAIN_ONLY
honda.clarity.gen1.us.hybrid_2018,honda_clarity_hybrid_2018_can_generated.dbc,vehicle_can,STANDSTILL,0x1b0,WHEELS_MOVING,,12,1,motorola,False,1.0,0.0,,VEHICLE_PROTOCOL_DOCUMENTED,POWERTRAIN_ONLY
honda.clarity.gen1.us.hybrid_2018,honda_clarity_hybrid_2018_can_generated.dbc,vehicle_can,STANDSTILL,0x1b0,BRAKE_ERROR_1,,11,1,motorola,False,1.0,0.0,,VEHICLE_PROTOCOL_DOCUMENTED,POWERTRAIN_ONLY
honda.clarity.gen1.us.hybrid_2018,honda_clarity_hybrid_2018_can_generated.dbc,vehicle_can,STANDSTILL,0x1b0,BRAKE_ERROR_2,,9,1,motorola,False,1.0,0.0,,VEHICLE_PROTOCOL_DOCUMENTED,POWERTRAIN_ONLY
honda.clarity.gen1.us.hybrid_2018,honda_clarity_hybrid_2018_can_generated.dbc,vehicle_can,STANDSTILL,0x1b0,COUNTER,,53,2,motorola,False,1.0,0.0,,VEHICLE_PROTOCOL_DOCUMENTED,POWERTRAIN_ONLY
honda.clarity.gen1.us.hybrid_2018,honda_clarity_hybrid_2018_can_generated.dbc,vehicle_can,STANDSTILL,0x1b0,CHECKSUM,,51,4,motorola,False,1.0,0.0,,VEHICLE_PROTOCOL_DOCUMENTED,POWERTRAIN_ONLY
honda.clarity.gen1.us.hybrid_2018,honda_clarity_hybrid_2018_can_generated.dbc,vehicle_can,BRAKE_PRESSURE,0x1e7,BRAKE_PRESSURE1,,7,10,motorola,False,0.015625,-103.0,,VEHICLE_PROTOCOL_DOCUMENTED,UNKNOWN
honda.clarity.gen1.us.hybrid_2018,honda_clarity_hybrid_2018_can_generated.dbc,vehicle_can,BRAKE_PRESSURE,0x1e7,BRAKE_PRESSURE2,,9,10,motorola,False,0.015625,-103.0,,VEHICLE_PROTOCOL_DOCUMENTED,UNKNOWN
honda.clarity.gen1.us.hybrid_2018,honda_clarity_hybrid_2018_can_generated.dbc,vehicle_can,BRAKE_PRESSURE,0x1e7,CHECKSUM,,27,4,motorola,False,1.0,0.0,,VEHICLE_PROTOCOL_DOCUMENTED,UNKNOWN
honda.clarity.gen1.us.hybrid_2018,honda_clarity_hybrid_2018_can_generated.dbc,vehicle_can,BRAKE_PRESSURE,0x1e7,COUNTER,,29,2,motorola,False,1.0,0.0,,VEHICLE_PROTOCOL_DOCUMENTED,UNKNOWN
honda.clarity.gen1.us.hybrid_2018,honda_clarity_hybrid_2018_can_generated.dbc,vehicle_can,BRAKE_COMMAND,0x1fa,COMPUTER_BRAKE,,7,10,motorola,False,1.0,0.0,,VEHICLE_PROTOCOL_DOCUMENTED,ADAS_ONLY
honda.clarity.gen1.us.hybrid_2018,honda_clarity_hybrid_2018_can_generated.dbc,vehicle_can,BRAKE_COMMAND,0x1fa,BRAKE_PUMP_REQUEST,,8,1,motorola,False,1.0,0.0,,VEHICLE_PROTOCOL_DOCUMENTED,ADAS_ONLY
honda.clarity.gen1.us.hybrid_2018,honda_clarity_hybrid_2018_can_generated.dbc,vehicle_can,BRAKE_COMMAND,0x1fa,BRAKE_PUMP_REQUEST_ALT,,11,1,motorola,False,1.0,0.0,,VEHICLE_PROTOCOL_DOCUMENTED,ADAS_ONLY
honda.clarity.gen1.us.hybrid_2018,honda_clarity_hybrid_2018_can_generated.dbc,vehicle_can,BRAKE_COMMAND,0x1fa,SET_ME_X00,,23,3,motorola,False,1.0,0.0,,VEHICLE_PROTOCOL_DOCUMENTED,ADAS_ONLY
honda.clarity.gen1.us.hybrid_2018,honda_clarity_hybrid_2018_can_generated.dbc,vehicle_can,BRAKE_COMMAND,0x1fa,CRUISE_OVERRIDE,,20,1,motorola,False,1.0,0.0,,VEHICLE_PROTOCOL_DOCUMENTED,ADAS_ONLY
honda.clarity.gen1.us.hybrid_2018,honda_clarity_hybrid_2018_can_generated.dbc,vehicle_can,BRAKE_COMMAND,0x1fa,SET_ME_X00_2,,19,1,motorola,False,1.0,0.0,,VEHICLE_PROTOCOL_DOCUMENTED,ADAS_ONLY
honda.clarity.gen1.us.hybrid_2018,honda_clarity_hybrid_2018_can_generated.dbc,vehicle_can,BRAKE_COMMAND,0x1fa,CRUISE_FAULT_CMD,,18,1,motorola,False,1.0,0.0,,VEHICLE_PROTOCOL_DOCUMENTED,ADAS_ONLY
honda.clarity.gen1.us.hybrid_2018,honda_clarity_hybrid_2018_can_generated.dbc,vehicle_can,BRAKE_COMMAND,0x1fa,CRUISE_CANCEL_CMD,,17,1,motorola,False,1.0,0.0,,VEHICLE_PROTOCOL_DOCUMENTED,ADAS_ONLY
honda.clarity.gen1.us.hybrid_2018,honda_clarity_hybrid_2018_can_generated.dbc,vehicle_can,BRAKE_COMMAND,0x1fa,COMPUTER_BRAKE_REQUEST,,16,1,motorola,False,1.0,0.0,,VEHICLE_PROTOCOL_DOCUMENTED,ADAS_ONLY
honda.clarity.gen1.us.hybrid_2018,honda_clarity_hybrid_2018_can_generated.dbc,vehicle_can,BRAKE_COMMAND,0x1fa,SET_ME_1,,31,1,motorola,False,1.0,0.0,,VEHICLE_PROTOCOL_DOCUMENTED,ADAS_ONLY
honda.clarity.gen1.us.hybrid_2018,honda_clarity_hybrid_2018_can_generated.dbc,vehicle_can,BRAKE_COMMAND,0x1fa,AEB_REQ_1,,29,1,motorola,False,1.0,0.0,,VEHICLE_PROTOCOL_DOCUMENTED,ADAS_ONLY
honda.clarity.gen1.us.hybrid_2018,honda_clarity_hybrid_2018_can_generated.dbc,vehicle_can,BRAKE_COMMAND,0x1fa,AEB_REQ_2,,26,3,motorola,False,1.0,0.0,,VEHICLE_PROTOCOL_DOCUMENTED,ADAS_ONLY
honda.clarity.gen1.us.hybrid_2018,honda_clarity_hybrid_2018_can_generated.dbc,vehicle_can,BRAKE_COMMAND,0x1fa,BRAKE_LIGHTS,,39,1,motorola,False,1.0,0.0,,VEHICLE_PROTOCOL_DOCUMENTED,ADAS_ONLY
honda.clarity.gen1.us.hybrid_2018,honda_clarity_hybrid_2018_can_generated.dbc,vehicle_can,BRAKE_COMMAND,0x1fa,CRUISE_STATES,,38,7,motorola,False,1.0,0.0,,VEHICLE_PROTOCOL_DOCUMENTED,ADAS_ONLY
honda.clarity.gen1.us.hybrid_2018,honda_clarity_hybrid_2018_can_generated.dbc,vehicle_can,BRAKE_COMMAND,0x1fa,CHIME,,47,3,motorola,False,1.0,0.0,,VEHICLE_PROTOCOL_DOCUMENTED,ADAS_ONLY
honda.clarity.gen1.us.hybrid_2018,honda_clarity_hybrid_2018_can_generated.dbc,vehicle_can,BRAKE_COMMAND,0x1fa,SET_ME_X00_3,,44,1,motorola,False,1.0,0.0,,VEHICLE_PROTOCOL_DOCUMENTED,ADAS_ONLY
honda.clarity.gen1.us.hybrid_2018,honda_clarity_hybrid_2018_can_generated.dbc,vehicle_can,BRAKE_COMMAND,0x1fa,FCW,,43,2,motorola,False,1.0,0.0,,VEHICLE_PROTOCOL_DOCUMENTED,ADAS_ONLY
honda.clarity.gen1.us.hybrid_2018,honda_clarity_hybrid_2018_can_generated.dbc,vehicle_can,BRAKE_COMMAND,0x1fa,AEB_STATUS,,41,2,motorola,False,1.0,0.0,,VEHICLE_PROTOCOL_DOCUMENTED,ADAS_ONLY
honda.clarity.gen1.us.hybrid_2018,honda_clarity_hybrid_2018_can_generated.dbc,vehicle_can,BRAKE_COMMAND,0x1fa,COMPUTER_BRAKE_ALT,,55,10,motorola,False,1.0,0.0,,VEHICLE_PROTOCOL_DOCUMENTED,ADAS_ONLY
honda.clarity.gen1.us.hybrid_2018,honda_clarity_hybrid_2018_can_generated.dbc,vehicle_can,BRAKE_COMMAND,0x1fa,COUNTER,,61,2,motorola,False,1.0,0.0,,VEHICLE_PROTOCOL_DOCUMENTED,ADAS_ONLY
honda.clarity.gen1.us.hybrid_2018,honda_clarity_hybrid_2018_can_generated.dbc,vehicle_can,BRAKE_COMMAND,0x1fa,CHECKSUM,,59,4,motorola,False,1.0,0.0,,VEHICLE_PROTOCOL_DOCUMENTED,ADAS_ONLY
honda.clarity.gen1.us.hybrid_2018,honda_clarity_hybrid_2018_can_generated.dbc,vehicle_can,ROUGH_WHEEL_SPEED,0x255,WHEEL_SPEED_FL,,7,8,motorola,False,1.0,0.0,mph,VEHICLE_PROTOCOL_DOCUMENTED,POWERTRAIN_ONLY
honda.clarity.gen1.us.hybrid_2018,honda_clarity_hybrid_2018_can_generated.dbc,vehicle_can,ROUGH_WHEEL_SPEED,0x255,WHEEL_SPEED_FR,,15,8,motorola,False,1.0,0.0,mph,VEHICLE_PROTOCOL_DOCUMENTED,POWERTRAIN_ONLY
honda.clarity.gen1.us.hybrid_2018,honda_clarity_hybrid_2018_can_generated.dbc,vehicle_can,ROUGH_WHEEL_SPEED,0x255,WHEEL_SPEED_RL,,23,8,motorola,False,1.0,0.0,mph,VEHICLE_PROTOCOL_DOCUMENTED,POWERTRAIN_ONLY
honda.clarity.gen1.us.hybrid_2018,honda_clarity_hybrid_2018_can_generated.dbc,vehicle_can,ROUGH_WHEEL_SPEED,0x255,WHEEL_SPEED_RR,,31,8,motorola,False,1.0,0.0,mph,VEHICLE_PROTOCOL_DOCUMENTED,POWERTRAIN_ONLY
honda.clarity.gen1.us.hybrid_2018,honda_clarity_hybrid_2018_can_generated.dbc,vehicle_can,ROUGH_WHEEL_SPEED,0x255,SET_TO_X55,,39,8,motorola,False,1.0,0.0,,VEHICLE_PROTOCOL_DOCUMENTED,POWERTRAIN_ONLY
honda.clarity.gen1.us.hybrid_2018,honda_clarity_hybrid_2018_can_generated.dbc,vehicle_can,ROUGH_WHEEL_SPEED,0x255,SET_TO_X55_2,,47,8,motorola,False,1.0,0.0,,VEHICLE_PROTOCOL_DOCUMENTED,POWERTRAIN_ONLY
honda.clarity.gen1.us.hybrid_2018,honda_clarity_hybrid_2018_can_generated.dbc,vehicle_can,ROUGH_WHEEL_SPEED,0x255,COUNTER,,61,2,motorola,False,1.0,0.0,,VEHICLE_PROTOCOL_DOCUMENTED,POWERTRAIN_ONLY
honda.clarity.gen1.us.hybrid_2018,honda_clarity_hybrid_2018_can_generated.dbc,vehicle_can,ROUGH_WHEEL_SPEED,0x255,CHECKSUM,,59,4,motorola,False,1.0,0.0,,VEHICLE_PROTOCOL_DOCUMENTED,POWERTRAIN_ONLY
honda.clarity.gen1.us.hybrid_2018,honda_clarity_hybrid_2018_can_generated.dbc,vehicle_can,LKAS_HUD,0x33d,CAM_TEMP_HIGH,,7,1,motorola,False,1.0,0.0,,VEHICLE_PROTOCOL_DOCUMENTED,ADAS_ONLY
honda.clarity.gen1.us.hybrid_2018,honda_clarity_hybrid_2018_can_generated.dbc,vehicle_can,LKAS_HUD,0x33d,SET_ME_X41,,6,7,motorola,False,1.0,0.0,,VEHICLE_PROTOCOL_DOCUMENTED,ADAS_ONLY
honda.clarity.gen1.us.hybrid_2018,honda_clarity_hybrid_2018_can_generated.dbc,vehicle_can,LKAS_HUD,0x33d,BOH,,6,7,motorola,False,1.0,0.0,,VEHICLE_PROTOCOL_DOCUMENTED,ADAS_ONLY
honda.clarity.gen1.us.hybrid_2018,honda_clarity_hybrid_2018_can_generated.dbc,vehicle_can,LKAS_HUD,0x33d,DASHED_LANES,,14,1,motorola,False,1.0,0.0,,VEHICLE_PROTOCOL_DOCUMENTED,ADAS_ONLY
honda.clarity.gen1.us.hybrid_2018,honda_clarity_hybrid_2018_can_generated.dbc,vehicle_can,LKAS_HUD,0x33d,DTC,,13,1,motorola,False,1.0,0.0,,VEHICLE_PROTOCOL_DOCUMENTED,ADAS_ONLY
honda.clarity.gen1.us.hybrid_2018,honda_clarity_hybrid_2018_can_generated.dbc,vehicle_can,LKAS_HUD,0x33d,LKAS_PROBLEM,,12,1,motorola,False,1.0,0.0,,VEHICLE_PROTOCOL_DOCUMENTED,ADAS_ONLY
honda.clarity.gen1.us.hybrid_2018,honda_clarity_hybrid_2018_can_generated.dbc,vehicle_can,LKAS_HUD,0x33d,LKAS_OFF,,11,1,motorola,False,1.0,0.0,,VEHICLE_PROTOCOL_DOCUMENTED,ADAS_ONLY
honda.clarity.gen1.us.hybrid_2018,honda_clarity_hybrid_2018_can_generated.dbc,vehicle_can,LKAS_HUD,0x33d,SOLID_LANES,,10,1,motorola,False,1.0,0.0,,VEHICLE_PROTOCOL_DOCUMENTED,ADAS_ONLY
honda.clarity.gen1.us.hybrid_2018,honda_clarity_hybrid_2018_can_generated.dbc,vehicle_can,LKAS_HUD,0x33d,LDW_RIGHT,,9,1,motorola,False,1.0,0.0,,VEHICLE_PROTOCOL_DOCUMENTED,ADAS_ONLY
honda.clarity.gen1.us.hybrid_2018,honda_clarity_hybrid_2018_can_generated.dbc,vehicle_can,LKAS_HUD,0x33d,STEERING_REQUIRED,,8,1,motorola,False,1.0,0.0,,VEHICLE_PROTOCOL_DOCUMENTED,ADAS_ONLY
honda.clarity.gen1.us.hybrid_2018,honda_clarity_hybrid_2018_can_generated.dbc,vehicle_can,LKAS_HUD,0x33d,BOH_2,,23,2,motorola,False,1.0,0.0,,VEHICLE_PROTOCOL_DOCUMENTED,ADAS_ONLY
honda.clarity.gen1.us.hybrid_2018,honda_clarity_hybrid_2018_can_generated.dbc,vehicle_can,LKAS_HUD,0x33d,LDW_PROBLEM,,21,1,motorola,False,1.0,0.0,,VEHICLE_PROTOCOL_DOCUMENTED,ADAS_ONLY
honda.clarity.gen1.us.hybrid_2018,honda_clarity_hybrid_2018_can_generated.dbc,vehicle_can,LKAS_HUD,0x33d,BEEP,,17,2,motorola,False,1.0,0.0,,VEHICLE_PROTOCOL_DOCUMENTED,ADAS_ONLY
honda.clarity.gen1.us.hybrid_2018,honda_clarity_hybrid_2018_can_generated.dbc,vehicle_can,LKAS_HUD,0x33d,LDW_ON,,28,1,motorola,False,1.0,0.0,,VEHICLE_PROTOCOL_DOCUMENTED,ADAS_ONLY
honda.clarity.gen1.us.hybrid_2018,honda_clarity_hybrid_2018_can_generated.dbc,vehicle_can,LKAS_HUD,0x33d,LDW_OFF,,27,1,motorola,False,1.0,0.0,,VEHICLE_PROTOCOL_DOCUMENTED,ADAS_ONLY
honda.clarity.gen1.us.hybrid_2018,honda_clarity_hybrid_2018_can_generated.dbc,vehicle_can,LKAS_HUD,0x33d,CLEAN_WINDSHIELD,,26,1,motorola,False,1.0,0.0,,VEHICLE_PROTOCOL_DOCUMENTED,ADAS_ONLY
honda.clarity.gen1.us.hybrid_2018,honda_clarity_hybrid_2018_can_generated.dbc,vehicle_can,LKAS_HUD,0x33d,SET_ME_X48,,31,8,motorola,False,1.0,0.0,,VEHICLE_PROTOCOL_DOCUMENTED,ADAS_ONLY
honda.clarity.gen1.us.hybrid_2018,honda_clarity_hybrid_2018_can_generated.dbc,vehicle_can,LKAS_HUD,0x33d,COUNTER,,37,2,motorola,False,1.0,0.0,,VEHICLE_PROTOCOL_DOCUMENTED,ADAS_ONLY
honda.clarity.gen1.us.hybrid_2018,honda_clarity_hybrid_2018_can_generated.dbc,vehicle_can,LKAS_HUD,0x33d,CHECKSUM,,35,4,motorola,False,1.0,0.0,,VEHICLE_PROTOCOL_DOCUMENTED,ADAS_ONLY
honda.clarity.gen1.us.hybrid_2018,honda_clarity_hybrid_2018_can_generated.dbc,vehicle_can,CRUISE_PARAMS,0x37c,CRUISE_SPEED_OFFSET,,31,8,motorola,True,0.1,0.0,kph,VEHICLE_PROTOCOL_DOCUMENTED,POWERTRAIN_ONLY
honda.clarity.gen1.us.hybrid_2018,honda_clarity_hybrid_2018_can_generated.dbc,vehicle_can,CRUISE_PARAMS,0x37c,CHECKSUM,,59,4,motorola,False,1.0,0.0,,VEHICLE_PROTOCOL_DOCUMENTED,POWERTRAIN_ONLY
honda.clarity.gen1.us.hybrid_2018,honda_clarity_hybrid_2018_can_generated.dbc,vehicle_can,CRUISE_PARAMS,0x37c,COUNTER,,61,2,motorola,False,1.0,0.0,,VEHICLE_PROTOCOL_DOCUMENTED,POWERTRAIN_ONLY
honda.clarity.gen1.us.hybrid_2018,honda_clarity_hybrid_2018_can_generated.dbc,vehicle_can,STEERING_SENSORS,0x14a,STEER_ANGLE,chassis.steering_angle,7,16,motorola,True,-0.1,0.0,deg,VEHICLE_PROTOCOL_DOCUMENTED,UNKNOWN
honda.clarity.gen1.us.hybrid_2018,honda_clarity_hybrid_2018_can_generated.dbc,vehicle_can,STEERING_SENSORS,0x14a,STEER_ANGLE_RATE,,23,16,motorola,True,-1.0,0.0,deg/s,VEHICLE_PROTOCOL_DOCUMENTED,UNKNOWN
honda.clarity.gen1.us.hybrid_2018,honda_clarity_hybrid_2018_can_generated.dbc,vehicle_can,STEERING_SENSORS,0x14a,STEER_SENSOR_STATUS_1,,34,1,motorola,False,1.0,0.0,,VEHICLE_PROTOCOL_DOCUMENTED,UNKNOWN
honda.clarity.gen1.us.hybrid_2018,honda_clarity_hybrid_2018_can_generated.dbc,vehicle_can,STEERING_SENSORS,0x14a,STEER_SENSOR_STATUS_2,,33,1,motorola,False,1.0,0.0,,VEHICLE_PROTOCOL_DOCUMENTED,UNKNOWN
honda.clarity.gen1.us.hybrid_2018,honda_clarity_hybrid_2018_can_generated.dbc,vehicle_can,STEERING_SENSORS,0x14a,STEER_SENSOR_STATUS_3,,32,1,motorola,False,1.0,0.0,,VEHICLE_PROTOCOL_DOCUMENTED,UNKNOWN
honda.clarity.gen1.us.hybrid_2018,honda_clarity_hybrid_2018_can_generated.dbc,vehicle_can,STEERING_SENSORS,0x14a,STEER_WHEEL_ANGLE,,47,16,motorola,True,-0.1,0.0,deg,VEHICLE_PROTOCOL_DOCUMENTED,UNKNOWN
honda.clarity.gen1.us.hybrid_2018,honda_clarity_hybrid_2018_can_generated.dbc,vehicle_can,STEERING_SENSORS,0x14a,COUNTER,,61,2,motorola,False,1.0,0.0,,VEHICLE_PROTOCOL_DOCUMENTED,UNKNOWN
honda.clarity.gen1.us.hybrid_2018,honda_clarity_hybrid_2018_can_generated.dbc,vehicle_can,STEERING_SENSORS,0x14a,CHECKSUM,,59,4,motorola,False,1.0,0.0,,VEHICLE_PROTOCOL_DOCUMENTED,UNKNOWN
honda.clarity.gen1.us.hybrid_2018,honda_clarity_hybrid_2018_can_generated.dbc,vehicle_can,STEERING_CONTROL,0xe4,STEER_TORQUE,,7,16,motorola,True,1.0,0.0,,VEHICLE_PROTOCOL_DOCUMENTED,ADAS_ONLY
honda.clarity.gen1.us.hybrid_2018,honda_clarity_hybrid_2018_can_generated.dbc,vehicle_can,STEERING_CONTROL,0xe4,STEER_TORQUE_REQUEST,,23,1,motorola,False,1.0,0.0,,VEHICLE_PROTOCOL_DOCUMENTED,ADAS_ONLY
honda.clarity.gen1.us.hybrid_2018,honda_clarity_hybrid_2018_can_generated.dbc,vehicle_can,STEERING_CONTROL,0xe4,SET_ME_X00,,22,7,motorola,False,1.0,0.0,,VEHICLE_PROTOCOL_DOCUMENTED,ADAS_ONLY
honda.clarity.gen1.us.hybrid_2018,honda_clarity_hybrid_2018_can_generated.dbc,vehicle_can,STEERING_CONTROL,0xe4,SET_ME_X00_2,,31,8,motorola,False,1.0,0.0,,VEHICLE_PROTOCOL_DOCUMENTED,ADAS_ONLY
honda.clarity.gen1.us.hybrid_2018,honda_clarity_hybrid_2018_can_generated.dbc,vehicle_can,STEERING_CONTROL,0xe4,COUNTER,,37,2,motorola,False,1.0,0.0,,VEHICLE_PROTOCOL_DOCUMENTED,ADAS_ONLY
honda.clarity.gen1.us.hybrid_2018,honda_clarity_hybrid_2018_can_generated.dbc,vehicle_can,STEERING_CONTROL,0xe4,CHECKSUM,,35,4,motorola,False,1.0,0.0,,VEHICLE_PROTOCOL_DOCUMENTED,ADAS_ONLY
honda.clarity.gen1.us.hybrid_2018,honda_clarity_hybrid_2018_can_generated.dbc,vehicle_can,BRAKE_ERROR,0x184,BRAKE_ERROR_1,,32,1,motorola,False,1.0,0.0,,VEHICLE_PROTOCOL_DOCUMENTED,UNKNOWN
honda.clarity.gen1.us.hybrid_2018,honda_clarity_hybrid_2018_can_generated.dbc,vehicle_can,BRAKE_ERROR,0x184,BRAKE_ERROR_2,,34,1,motorola,False,1.0,0.0,,VEHICLE_PROTOCOL_DOCUMENTED,UNKNOWN
honda.clarity.gen1.us.hybrid_2018,honda_clarity_hybrid_2018_can_generated.dbc,vehicle_can,BRAKE_ERROR,0x184,COUNTER,,61,2,motorola,False,1.0,0.0,,VEHICLE_PROTOCOL_DOCUMENTED,UNKNOWN
honda.clarity.gen1.us.hybrid_2018,honda_clarity_hybrid_2018_can_generated.dbc,vehicle_can,BRAKE_ERROR,0x184,CHECKSUM,,59,4,motorola,False,1.0,0.0,,VEHICLE_PROTOCOL_DOCUMENTED,UNKNOWN
honda.clarity.gen1.us.hybrid_2018,honda_clarity_hybrid_2018_can_generated.dbc,vehicle_can,STEER_STATUS,0x18f,STEER_TORQUE_SENSOR,,7,16,motorola,True,-1.0,0.0,tbd,VEHICLE_PROTOCOL_DOCUMENTED,UNKNOWN
honda.clarity.gen1.us.hybrid_2018,honda_clarity_hybrid_2018_can_generated.dbc,vehicle_can,STEER_STATUS,0x18f,STEER_ANGLE_RATE,,23,16,motorola,True,-0.1,0.0,deg/s,VEHICLE_PROTOCOL_DOCUMENTED,UNKNOWN
honda.clarity.gen1.us.hybrid_2018,honda_clarity_hybrid_2018_can_generated.dbc,vehicle_can,STEER_STATUS,0x18f,STEER_STATUS,,39,4,motorola,False,1.0,0.0,,VEHICLE_PROTOCOL_DOCUMENTED,UNKNOWN
honda.clarity.gen1.us.hybrid_2018,honda_clarity_hybrid_2018_can_generated.dbc,vehicle_can,STEER_STATUS,0x18f,STEER_CONTROL_ACTIVE,,35,1,motorola,False,1.0,0.0,,VEHICLE_PROTOCOL_DOCUMENTED,UNKNOWN
honda.clarity.gen1.us.hybrid_2018,honda_clarity_hybrid_2018_can_generated.dbc,vehicle_can,STEER_STATUS,0x18f,STEER_CONFIG_INDEX,,43,4,motorola,False,1.0,0.0,,VEHICLE_PROTOCOL_DOCUMENTED,UNKNOWN
honda.clarity.gen1.us.hybrid_2018,honda_clarity_hybrid_2018_can_generated.dbc,vehicle_can,STEER_STATUS,0x18f,COUNTER,,53,2,motorola,False,1.0,0.0,,VEHICLE_PROTOCOL_DOCUMENTED,UNKNOWN
honda.clarity.gen1.us.hybrid_2018,honda_clarity_hybrid_2018_can_generated.dbc,vehicle_can,STEER_STATUS,0x18f,CHECKSUM,,51,4,motorola,False,1.0,0.0,,VEHICLE_PROTOCOL_DOCUMENTED,UNKNOWN
honda.clarity.gen1.us.hybrid_2018,honda_clarity_hybrid_2018_can_generated.dbc,vehicle_can,GEARBOX,0x1a3,GEAR,,7,8,motorola,False,1.0,0.0,,VEHICLE_PROTOCOL_DOCUMENTED,DISPLAY_RELEVANT
honda.clarity.gen1.us.hybrid_2018,honda_clarity_hybrid_2018_can_generated.dbc,vehicle_can,GEARBOX,0x1a3,GEAR_SHIFTER,transmission.gear,35,4,motorola,False,1.0,0.0,,CLUSTER_RELEVANT_SIGNAL_DOCUMENTED,DISPLAY_RELEVANT
honda.clarity.gen1.us.hybrid_2018,honda_clarity_hybrid_2018_can_generated.dbc,vehicle_can,GEARBOX,0x1a3,COUNTER,,61,2,motorola,False,1.0,0.0,,VEHICLE_PROTOCOL_DOCUMENTED,DISPLAY_RELEVANT
honda.clarity.gen1.us.hybrid_2018,honda_clarity_hybrid_2018_can_generated.dbc,vehicle_can,GEARBOX,0x1a3,CHECKSUM,,59,4,motorola,False,1.0,0.0,,VEHICLE_PROTOCOL_DOCUMENTED,DISPLAY_RELEVANT
honda.clarity.gen1.us.hybrid_2018,honda_clarity_hybrid_2018_can_generated.dbc,vehicle_can,EPB_STATUS,0x1c2,EPB_ACTIVE,brakes.parking_brake,3,1,motorola,False,1.0,0.0,,CLUSTER_RELEVANT_SIGNAL_DOCUMENTED,DISPLAY_RELEVANT
honda.clarity.gen1.us.hybrid_2018,honda_clarity_hybrid_2018_can_generated.dbc,vehicle_can,EPB_STATUS,0x1c2,EPB_STATE,,29,2,motorola,False,1.0,0.0,,VEHICLE_PROTOCOL_DOCUMENTED,DISPLAY_RELEVANT
honda.clarity.gen1.us.hybrid_2018,honda_clarity_hybrid_2018_can_generated.dbc,vehicle_can,EPB_STATUS,0x1c2,COUNTER,,61,2,motorola,False,1.0,0.0,,VEHICLE_PROTOCOL_DOCUMENTED,DISPLAY_RELEVANT
honda.clarity.gen1.us.hybrid_2018,honda_clarity_hybrid_2018_can_generated.dbc,vehicle_can,EPB_STATUS,0x1c2,CHECKSUM,,59,4,motorola,False,1.0,0.0,,VEHICLE_PROTOCOL_DOCUMENTED,DISPLAY_RELEVANT
honda.clarity.gen1.us.hybrid_2018,honda_clarity_hybrid_2018_can_generated.dbc,vehicle_can,ECON_STATUS,0x221,ECON_ON_2,,37,2,motorola,False,1.0,0.0,,VEHICLE_PROTOCOL_DOCUMENTED,UNKNOWN
honda.clarity.gen1.us.hybrid_2018,honda_clarity_hybrid_2018_can_generated.dbc,vehicle_can,ECON_STATUS,0x221,ECON_ON,,23,1,motorola,False,1.0,0.0,,VEHICLE_PROTOCOL_DOCUMENTED,UNKNOWN
honda.clarity.gen1.us.hybrid_2018,honda_clarity_hybrid_2018_can_generated.dbc,vehicle_can,ECON_STATUS,0x221,CHECKSUM,,43,4,motorola,False,1.0,0.0,,VEHICLE_PROTOCOL_DOCUMENTED,UNKNOWN
honda.clarity.gen1.us.hybrid_2018,honda_clarity_hybrid_2018_can_generated.dbc,vehicle_can,ECON_STATUS,0x221,COUNTER,,45,2,motorola,False,1.0,0.0,,VEHICLE_PROTOCOL_DOCUMENTED,UNKNOWN
honda.clarity.gen1.us.hybrid_2018,honda_clarity_hybrid_2018_can_generated.dbc,vehicle_can,SCM_BUTTONS,0x296,CRUISE_BUTTONS,,7,3,motorola,False,1.0,0.0,,VEHICLE_PROTOCOL_DOCUMENTED,BODY_RELEVANT
honda.clarity.gen1.us.hybrid_2018,honda_clarity_hybrid_2018_can_generated.dbc,vehicle_can,SCM_BUTTONS,0x296,CRUISE_SETTING,,3,2,motorola,False,1.0,0.0,,VEHICLE_PROTOCOL_DOCUMENTED,BODY_RELEVANT
honda.clarity.gen1.us.hybrid_2018,honda_clarity_hybrid_2018_can_generated.dbc,vehicle_can,SCM_BUTTONS,0x296,CHECKSUM,,27,4,motorola,False,1.0,0.0,,VEHICLE_PROTOCOL_DOCUMENTED,BODY_RELEVANT
honda.clarity.gen1.us.hybrid_2018,honda_clarity_hybrid_2018_can_generated.dbc,vehicle_can,SCM_BUTTONS,0x296,COUNTER,,29,2,motorola,False,1.0,0.0,,VEHICLE_PROTOCOL_DOCUMENTED,BODY_RELEVANT
honda.clarity.gen1.us.hybrid_2018,honda_clarity_hybrid_2018_can_generated.dbc,vehicle_can,VEHICLE_STATE,0x300,SET_ME_XF9,,7,8,motorola,False,1.0,0.0,,VEHICLE_PROTOCOL_DOCUMENTED,UNKNOWN
honda.clarity.gen1.us.hybrid_2018,honda_clarity_hybrid_2018_can_generated.dbc,vehicle_can,VEHICLE_STATE,0x300,VEHICLE_SPEED,,15,8,motorola,False,1.0,0.0,kph,VEHICLE_PROTOCOL_DOCUMENTED,UNKNOWN
honda.clarity.gen1.us.hybrid_2018,honda_clarity_hybrid_2018_can_generated.dbc,vehicle_can,VEHICLE_STATE,0x300,SET_ME_X8A,,23,8,motorola,False,1.0,0.0,,VEHICLE_PROTOCOL_DOCUMENTED,UNKNOWN
honda.clarity.gen1.us.hybrid_2018,honda_clarity_hybrid_2018_can_generated.dbc,vehicle_can,VEHICLE_STATE,0x300,SET_ME_XD0,,31,8,motorola,False,1.0,0.0,,VEHICLE_PROTOCOL_DOCUMENTED,UNKNOWN
honda.clarity.gen1.us.hybrid_2018,honda_clarity_hybrid_2018_can_generated.dbc,vehicle_can,VEHICLE_STATE,0x300,SALTED_WITH_IDX,,39,8,motorola,False,1.0,0.0,,VEHICLE_PROTOCOL_DOCUMENTED,UNKNOWN
honda.clarity.gen1.us.hybrid_2018,honda_clarity_hybrid_2018_can_generated.dbc,vehicle_can,VEHICLE_STATE,0x300,COUNTER,,61,2,motorola,False,1.0,0.0,,VEHICLE_PROTOCOL_DOCUMENTED,UNKNOWN
honda.clarity.gen1.us.hybrid_2018,honda_clarity_hybrid_2018_can_generated.dbc,vehicle_can,VEHICLE_STATE,0x300,CHECKSUM,,59,4,motorola,False,1.0,0.0,,VEHICLE_PROTOCOL_DOCUMENTED,UNKNOWN
honda.clarity.gen1.us.hybrid_2018,honda_clarity_hybrid_2018_can_generated.dbc,vehicle_can,VEHICLE_STATE2,0x301,SET_ME_X5D,,23,8,motorola,False,1.0,0.0,,VEHICLE_PROTOCOL_DOCUMENTED,UNKNOWN
honda.clarity.gen1.us.hybrid_2018,honda_clarity_hybrid_2018_can_generated.dbc,vehicle_can,VEHICLE_STATE2,0x301,SET_ME_X02,,31,8,motorola,False,1.0,0.0,,VEHICLE_PROTOCOL_DOCUMENTED,UNKNOWN
honda.clarity.gen1.us.hybrid_2018,honda_clarity_hybrid_2018_can_generated.dbc,vehicle_can,VEHICLE_STATE2,0x301,SET_ME_X5F,,39,8,motorola,False,1.0,0.0,,VEHICLE_PROTOCOL_DOCUMENTED,UNKNOWN
honda.clarity.gen1.us.hybrid_2018,honda_clarity_hybrid_2018_can_generated.dbc,vehicle_can,VEHICLE_STATE2,0x301,COUNTER,,61,2,motorola,False,1.0,0.0,,VEHICLE_PROTOCOL_DOCUMENTED,UNKNOWN
honda.clarity.gen1.us.hybrid_2018,honda_clarity_hybrid_2018_can_generated.dbc,vehicle_can,VEHICLE_STATE2,0x301,CHECKSUM,,59,4,motorola,False,1.0,0.0,,VEHICLE_PROTOCOL_DOCUMENTED,UNKNOWN
honda.clarity.gen1.us.hybrid_2018,honda_clarity_hybrid_2018_can_generated.dbc,vehicle_can,SCM_FEEDBACK,0x326,CMBS_BUTTON,,22,2,motorola,False,1.0,0.0,,VEHICLE_PROTOCOL_DOCUMENTED,DISPLAY_RELEVANT
honda.clarity.gen1.us.hybrid_2018,honda_clarity_hybrid_2018_can_generated.dbc,vehicle_can,SCM_FEEDBACK,0x326,MAIN_ON,,28,1,motorola,False,1.0,0.0,,VEHICLE_PROTOCOL_DOCUMENTED,DISPLAY_RELEVANT
honda.clarity.gen1.us.hybrid_2018,honda_clarity_hybrid_2018_can_generated.dbc,vehicle_can,SCM_FEEDBACK,0x326,RIGHT_BLINKER,lighting.right_indicator,27,1,motorola,False,1.0,0.0,,CLUSTER_RELEVANT_SIGNAL_DOCUMENTED,DISPLAY_RELEVANT
honda.clarity.gen1.us.hybrid_2018,honda_clarity_hybrid_2018_can_generated.dbc,vehicle_can,SCM_FEEDBACK,0x326,LEFT_BLINKER,lighting.left_indicator,26,1,motorola,False,1.0,0.0,,CLUSTER_RELEVANT_SIGNAL_DOCUMENTED,DISPLAY_RELEVANT
honda.clarity.gen1.us.hybrid_2018,honda_clarity_hybrid_2018_can_generated.dbc,vehicle_can,SCM_FEEDBACK,0x326,REVERSE_LIGHT,,18,1,motorola,False,1.0,0.0,,VEHICLE_PROTOCOL_DOCUMENTED,DISPLAY_RELEVANT
honda.clarity.gen1.us.hybrid_2018,honda_clarity_hybrid_2018_can_generated.dbc,vehicle_can,SCM_FEEDBACK,0x326,COUNTER,,61,2,motorola,False,1.0,0.0,,VEHICLE_PROTOCOL_DOCUMENTED,DISPLAY_RELEVANT
honda.clarity.gen1.us.hybrid_2018,honda_clarity_hybrid_2018_can_generated.dbc,vehicle_can,SCM_FEEDBACK,0x326,CHECKSUM,,59,4,motorola,False,1.0,0.0,,VEHICLE_PROTOCOL_DOCUMENTED,DISPLAY_RELEVANT
honda.clarity.gen1.us.hybrid_2018,honda_clarity_hybrid_2018_can_generated.dbc,vehicle_can,HIGHBEAM_CONTROL,0x35e,ZEROS_BOH,,7,50,motorola,False,1.0,0.0,,VEHICLE_PROTOCOL_DOCUMENTED,UNKNOWN
honda.clarity.gen1.us.hybrid_2018,honda_clarity_hybrid_2018_can_generated.dbc,vehicle_can,HIGHBEAM_CONTROL,0x35e,ZEROS_BOH_2,,48,4,intel,False,1.0,0.0,,VEHICLE_PROTOCOL_DOCUMENTED,UNKNOWN
honda.clarity.gen1.us.hybrid_2018,honda_clarity_hybrid_2018_can_generated.dbc,vehicle_can,HIGHBEAM_CONTROL,0x35e,HIGHBEAMS_ON,,52,1,motorola,False,1.0,0.0,,VEHICLE_PROTOCOL_DOCUMENTED,UNKNOWN
honda.clarity.gen1.us.hybrid_2018,honda_clarity_hybrid_2018_can_generated.dbc,vehicle_can,HIGHBEAM_CONTROL,0x35e,AUTO_HIGHBEAMS_ACTIVE,,53,1,motorola,False,1.0,0.0,,VEHICLE_PROTOCOL_DOCUMENTED,UNKNOWN
honda.clarity.gen1.us.hybrid_2018,honda_clarity_hybrid_2018_can_generated.dbc,vehicle_can,HIGHBEAM_CONTROL,0x35e,COUNTER,,61,2,motorola,False,1.0,0.0,,VEHICLE_PROTOCOL_DOCUMENTED,UNKNOWN
honda.clarity.gen1.us.hybrid_2018,honda_clarity_hybrid_2018_can_generated.dbc,vehicle_can,HIGHBEAM_CONTROL,0x35e,CHECKSUM,,59,4,motorola,False,1.0,0.0,,VEHICLE_PROTOCOL_DOCUMENTED,UNKNOWN
honda.clarity.gen1.us.hybrid_2018,honda_clarity_hybrid_2018_can_generated.dbc,vehicle_can,RADAR_HUD,0x39f,ZEROS_BOH,,7,17,motorola,False,1.0,0.0,,VEHICLE_PROTOCOL_DOCUMENTED,ADAS_ONLY
honda.clarity.gen1.us.hybrid_2018,honda_clarity_hybrid_2018_can_generated.dbc,vehicle_can,RADAR_HUD,0x39f,APPLY_BRAKES_FOR_CANC,,23,1,motorola,False,1.0,0.0,,VEHICLE_PROTOCOL_DOCUMENTED,ADAS_ONLY
honda.clarity.gen1.us.hybrid_2018,honda_clarity_hybrid_2018_can_generated.dbc,vehicle_can,RADAR_HUD,0x39f,ZEROS_BOH2,,31,8,motorola,False,1.0,0.0,,VEHICLE_PROTOCOL_DOCUMENTED,ADAS_ONLY
honda.clarity.gen1.us.hybrid_2018,honda_clarity_hybrid_2018_can_generated.dbc,vehicle_can,RADAR_HUD,0x39f,RESUME_INSTRUCTION,,21,1,motorola,False,1.0,0.0,,VEHICLE_PROTOCOL_DOCUMENTED,ADAS_ONLY
honda.clarity.gen1.us.hybrid_2018,honda_clarity_hybrid_2018_can_generated.dbc,vehicle_can,RADAR_HUD,0x39f,ACC_ALERTS,,20,5,motorola,False,1.0,0.0,,VEHICLE_PROTOCOL_DOCUMENTED,ADAS_ONLY
honda.clarity.gen1.us.hybrid_2018,honda_clarity_hybrid_2018_can_generated.dbc,vehicle_can,RADAR_HUD,0x39f,LEAD_SPEED,,39,9,motorola,False,1.0,0.0,,VEHICLE_PROTOCOL_DOCUMENTED,ADAS_ONLY
honda.clarity.gen1.us.hybrid_2018,honda_clarity_hybrid_2018_can_generated.dbc,vehicle_can,RADAR_HUD,0x39f,LEAD_STATE,,46,3,motorola,False,1.0,0.0,,VEHICLE_PROTOCOL_DOCUMENTED,ADAS_ONLY
honda.clarity.gen1.us.hybrid_2018,honda_clarity_hybrid_2018_can_generated.dbc,vehicle_can,RADAR_HUD,0x39f,LEAD_DISTANCE,,43,5,motorola,False,1.0,0.0,,VEHICLE_PROTOCOL_DOCUMENTED,ADAS_ONLY
honda.clarity.gen1.us.hybrid_2018,honda_clarity_hybrid_2018_can_generated.dbc,vehicle_can,RADAR_HUD,0x39f,ZEROS_BOH3,,54,7,motorola,False,1.0,0.0,,VEHICLE_PROTOCOL_DOCUMENTED,ADAS_ONLY
honda.clarity.gen1.us.hybrid_2018,honda_clarity_hybrid_2018_can_generated.dbc,vehicle_can,RADAR_HUD,0x39f,COUNTER,,61,2,motorola,False,1.0,0.0,,VEHICLE_PROTOCOL_DOCUMENTED,ADAS_ONLY
honda.clarity.gen1.us.hybrid_2018,honda_clarity_hybrid_2018_can_generated.dbc,vehicle_can,RADAR_HUD,0x39f,CHECKSUM,,59,4,motorola,False,1.0,0.0,,VEHICLE_PROTOCOL_DOCUMENTED,ADAS_ONLY
honda.clarity.gen1.us.hybrid_2018,honda_clarity_hybrid_2018_can_generated.dbc,vehicle_can,XXX_27,0x516,ODOMETER,vehicle.odometer,7,24,motorola,False,1.0,0.0,km,CLUSTER_RELEVANT_SIGNAL_DOCUMENTED,DISPLAY_RELEVANT
honda.clarity.gen1.us.hybrid_2018,honda_clarity_hybrid_2018_can_generated.dbc,vehicle_can,XXX_27,0x516,COUNTER,,61,2,motorola,False,1.0,0.0,,VEHICLE_PROTOCOL_DOCUMENTED,DISPLAY_RELEVANT
honda.clarity.gen1.us.hybrid_2018,honda_clarity_hybrid_2018_can_generated.dbc,vehicle_can,XXX_27,0x516,CHECKSUM,,59,4,motorola,False,1.0,0.0,,VEHICLE_PROTOCOL_DOCUMENTED,DISPLAY_RELEVANT
acura.ilx.gen1.us.2016,acura_ilx_2016_can_generated.dbc,vehicle_can,GAS_COMMAND,0x200,GAS_COMMAND,,7,16,motorola,False,0.253984064,-83.3,,VEHICLE_PROTOCOL_DOCUMENTED,ADAS_ONLY
acura.ilx.gen1.us.2016,acura_ilx_2016_can_generated.dbc,vehicle_can,GAS_COMMAND,0x200,GAS_COMMAND2,,23,16,motorola,False,0.126992032,-83.3,,VEHICLE_PROTOCOL_DOCUMENTED,ADAS_ONLY
acura.ilx.gen1.us.2016,acura_ilx_2016_can_generated.dbc,vehicle_can,GAS_COMMAND,0x200,ENABLE,,39,1,motorola,False,1.0,0.0,,VEHICLE_PROTOCOL_DOCUMENTED,ADAS_ONLY
acura.ilx.gen1.us.2016,acura_ilx_2016_can_generated.dbc,vehicle_can,GAS_COMMAND,0x200,COUNTER_PEDAL,,35,4,motorola,False,1.0,0.0,,VEHICLE_PROTOCOL_DOCUMENTED,ADAS_ONLY
acura.ilx.gen1.us.2016,acura_ilx_2016_can_generated.dbc,vehicle_can,GAS_COMMAND,0x200,CHECKSUM_PEDAL,,47,8,motorola,False,1.0,0.0,,VEHICLE_PROTOCOL_DOCUMENTED,ADAS_ONLY
acura.ilx.gen1.us.2016,acura_ilx_2016_can_generated.dbc,vehicle_can,GAS_SENSOR,0x201,INTERCEPTOR_GAS,,7,16,motorola,False,1.0,0.0,,VEHICLE_PROTOCOL_DOCUMENTED,UNKNOWN
acura.ilx.gen1.us.2016,acura_ilx_2016_can_generated.dbc,vehicle_can,GAS_SENSOR,0x201,INTERCEPTOR_GAS2,,23,16,motorola,False,1.0,0.0,,VEHICLE_PROTOCOL_DOCUMENTED,UNKNOWN
acura.ilx.gen1.us.2016,acura_ilx_2016_can_generated.dbc,vehicle_can,GAS_SENSOR,0x201,STATE,,39,4,motorola,False,1.0,0.0,,VEHICLE_PROTOCOL_DOCUMENTED,UNKNOWN
acura.ilx.gen1.us.2016,acura_ilx_2016_can_generated.dbc,vehicle_can,GAS_SENSOR,0x201,COUNTER_PEDAL,,35,4,motorola,False,1.0,0.0,,VEHICLE_PROTOCOL_DOCUMENTED,UNKNOWN
acura.ilx.gen1.us.2016,acura_ilx_2016_can_generated.dbc,vehicle_can,GAS_SENSOR,0x201,CHECKSUM_PEDAL,,47,8,motorola,False,1.0,0.0,,VEHICLE_PROTOCOL_DOCUMENTED,UNKNOWN
acura.ilx.gen1.us.2016,acura_ilx_2016_can_generated.dbc,vehicle_can,GAS_PEDAL_2,0x130,ENGINE_TORQUE_ESTIMATE,,7,16,motorola,True,1.0,0.0,Nm,VEHICLE_PROTOCOL_DOCUMENTED,POWERTRAIN_ONLY
acura.ilx.gen1.us.2016,acura_ilx_2016_can_generated.dbc,vehicle_can,GAS_PEDAL_2,0x130,ENGINE_TORQUE_REQUEST,,23,16,motorola,True,1.0,0.0,Nm,VEHICLE_PROTOCOL_DOCUMENTED,POWERTRAIN_ONLY
acura.ilx.gen1.us.2016,acura_ilx_2016_can_generated.dbc,vehicle_can,GAS_PEDAL_2,0x130,CAR_GAS,,39,8,motorola,False,1.0,0.0,,VEHICLE_PROTOCOL_DOCUMENTED,POWERTRAIN_ONLY
acura.ilx.gen1.us.2016,acura_ilx_2016_can_generated.dbc,vehicle_can,GAS_PEDAL_2,0x130,COUNTER,,61,2,motorola,False,1.0,0.0,,VEHICLE_PROTOCOL_DOCUMENTED,POWERTRAIN_ONLY
acura.ilx.gen1.us.2016,acura_ilx_2016_can_generated.dbc,vehicle_can,GAS_PEDAL_2,0x130,CHECKSUM,,59,4,motorola,False,1.0,0.0,,VEHICLE_PROTOCOL_DOCUMENTED,POWERTRAIN_ONLY
acura.ilx.gen1.us.2016,acura_ilx_2016_can_generated.dbc,vehicle_can,GAS_PEDAL,0x13c,CAR_GAS,,39,8,motorola,False,1.0,0.0,,VEHICLE_PROTOCOL_DOCUMENTED,POWERTRAIN_ONLY
acura.ilx.gen1.us.2016,acura_ilx_2016_can_generated.dbc,vehicle_can,GAS_PEDAL,0x13c,COUNTER,,61,2,motorola,False,1.0,0.0,,VEHICLE_PROTOCOL_DOCUMENTED,POWERTRAIN_ONLY
acura.ilx.gen1.us.2016,acura_ilx_2016_can_generated.dbc,vehicle_can,GAS_PEDAL,0x13c,CHECKSUM,,59,4,motorola,False,1.0,0.0,,VEHICLE_PROTOCOL_DOCUMENTED,POWERTRAIN_ONLY
acura.ilx.gen1.us.2016,acura_ilx_2016_can_generated.dbc,vehicle_can,ENGINE_DATA,0x158,XMISSION_SPEED,vehicle.speed,7,16,motorola,False,0.01,0.0,kph,CLUSTER_RELEVANT_SIGNAL_DOCUMENTED,DISPLAY_RELEVANT
acura.ilx.gen1.us.2016,acura_ilx_2016_can_generated.dbc,vehicle_can,ENGINE_DATA,0x158,ENGINE_RPM,powertrain.engine_rpm,23,16,motorola,False,1.0,0.0,rpm,CLUSTER_RELEVANT_SIGNAL_DOCUMENTED,DISPLAY_RELEVANT
acura.ilx.gen1.us.2016,acura_ilx_2016_can_generated.dbc,vehicle_can,ENGINE_DATA,0x158,XMISSION_SPEED2,,39,16,motorola,False,0.01,0.0,kph,VEHICLE_PROTOCOL_DOCUMENTED,DISPLAY_RELEVANT
acura.ilx.gen1.us.2016,acura_ilx_2016_can_generated.dbc,vehicle_can,ENGINE_DATA,0x158,ODOMETER,vehicle.odometer,55,8,motorola,False,10.0,0.0,m,CLUSTER_RELEVANT_SIGNAL_DOCUMENTED,DISPLAY_RELEVANT
acura.ilx.gen1.us.2016,acura_ilx_2016_can_generated.dbc,vehicle_can,ENGINE_DATA,0x158,COUNTER,,61,2,motorola,False,1.0,0.0,,VEHICLE_PROTOCOL_DOCUMENTED,DISPLAY_RELEVANT
acura.ilx.gen1.us.2016,acura_ilx_2016_can_generated.dbc,vehicle_can,ENGINE_DATA,0x158,CHECKSUM,,59,4,motorola,False,1.0,0.0,,VEHICLE_PROTOCOL_DOCUMENTED,DISPLAY_RELEVANT
acura.ilx.gen1.us.2016,acura_ilx_2016_can_generated.dbc,vehicle_can,POWERTRAIN_DATA,0x17c,PEDAL_GAS,powertrain.throttle_position,7,8,motorola,False,1.0,0.0,,VEHICLE_PROTOCOL_DOCUMENTED,DISPLAY_RELEVANT
acura.ilx.gen1.us.2016,acura_ilx_2016_can_generated.dbc,vehicle_can,POWERTRAIN_DATA,0x17c,ENGINE_RPM,powertrain.engine_rpm,23,16,motorola,False,1.0,0.0,rpm,CLUSTER_RELEVANT_SIGNAL_DOCUMENTED,DISPLAY_RELEVANT
acura.ilx.gen1.us.2016,acura_ilx_2016_can_generated.dbc,vehicle_can,POWERTRAIN_DATA,0x17c,GAS_PRESSED,,39,1,motorola,False,1.0,0.0,,VEHICLE_PROTOCOL_DOCUMENTED,DISPLAY_RELEVANT
acura.ilx.gen1.us.2016,acura_ilx_2016_can_generated.dbc,vehicle_can,POWERTRAIN_DATA,0x17c,ACC_STATUS,adas.acc_state,38,1,motorola,False,1.0,0.0,,VEHICLE_PROTOCOL_DOCUMENTED,DISPLAY_RELEVANT
acura.ilx.gen1.us.2016,acura_ilx_2016_can_generated.dbc,vehicle_can,POWERTRAIN_DATA,0x17c,BOH_17C,,37,5,motorola,False,1.0,0.0,,VEHICLE_PROTOCOL_DOCUMENTED,DISPLAY_RELEVANT
acura.ilx.gen1.us.2016,acura_ilx_2016_can_generated.dbc,vehicle_can,POWERTRAIN_DATA,0x17c,BRAKE_SWITCH,,32,1,motorola,False,1.0,0.0,,VEHICLE_PROTOCOL_DOCUMENTED,DISPLAY_RELEVANT
acura.ilx.gen1.us.2016,acura_ilx_2016_can_generated.dbc,vehicle_can,POWERTRAIN_DATA,0x17c,BOH2_17C,,47,10,motorola,False,1.0,0.0,,VEHICLE_PROTOCOL_DOCUMENTED,DISPLAY_RELEVANT
acura.ilx.gen1.us.2016,acura_ilx_2016_can_generated.dbc,vehicle_can,POWERTRAIN_DATA,0x17c,BRAKE_PRESSED,brakes.service_brake,53,1,motorola,False,1.0,0.0,,VEHICLE_PROTOCOL_DOCUMENTED,DISPLAY_RELEVANT
acura.ilx.gen1.us.2016,acura_ilx_2016_can_generated.dbc,vehicle_can,POWERTRAIN_DATA,0x17c,BOH3_17C,,52,5,motorola,False,1.0,0.0,,VEHICLE_PROTOCOL_DOCUMENTED,DISPLAY_RELEVANT
acura.ilx.gen1.us.2016,acura_ilx_2016_can_generated.dbc,vehicle_can,POWERTRAIN_DATA,0x17c,COUNTER,,61,2,motorola,False,1.0,0.0,,VEHICLE_PROTOCOL_DOCUMENTED,DISPLAY_RELEVANT
acura.ilx.gen1.us.2016,acura_ilx_2016_can_generated.dbc,vehicle_can,POWERTRAIN_DATA,0x17c,CHECKSUM,,59,4,motorola,False,1.0,0.0,,VEHICLE_PROTOCOL_DOCUMENTED,DISPLAY_RELEVANT
acura.ilx.gen1.us.2016,acura_ilx_2016_can_generated.dbc,vehicle_can,VSA_STATUS,0x1a4,USER_BRAKE,,7,16,motorola,False,0.015625,-1.609375,,VEHICLE_PROTOCOL_DOCUMENTED,DISPLAY_RELEVANT
acura.ilx.gen1.us.2016,acura_ilx_2016_can_generated.dbc,vehicle_can,VSA_STATUS,0x1a4,COMPUTER_BRAKING,,23,1,motorola,False,1.0,0.0,,VEHICLE_PROTOCOL_DOCUMENTED,DISPLAY_RELEVANT
acura.ilx.gen1.us.2016,acura_ilx_2016_can_generated.dbc,vehicle_can,VSA_STATUS,0x1a4,ESP_DISABLED,stability.vsa_warning,28,1,motorola,False,1.0,0.0,,CLUSTER_RELEVANT_SIGNAL_DOCUMENTED,DISPLAY_RELEVANT
acura.ilx.gen1.us.2016,acura_ilx_2016_can_generated.dbc,vehicle_can,VSA_STATUS,0x1a4,BRAKE_HOLD_RELATED,,52,1,motorola,False,1.0,0.0,,VEHICLE_PROTOCOL_DOCUMENTED,DISPLAY_RELEVANT
acura.ilx.gen1.us.2016,acura_ilx_2016_can_generated.dbc,vehicle_can,VSA_STATUS,0x1a4,BRAKE_HOLD_ACTIVE,,46,1,motorola,False,1.0,0.0,,VEHICLE_PROTOCOL_DOCUMENTED,DISPLAY_RELEVANT
acura.ilx.gen1.us.2016,acura_ilx_2016_can_generated.dbc,vehicle_can,VSA_STATUS,0x1a4,BRAKE_HOLD_ENABLED,,45,1,motorola,False,1.0,0.0,,VEHICLE_PROTOCOL_DOCUMENTED,DISPLAY_RELEVANT
acura.ilx.gen1.us.2016,acura_ilx_2016_can_generated.dbc,vehicle_can,VSA_STATUS,0x1a4,COUNTER,,61,2,motorola,False,1.0,0.0,,VEHICLE_PROTOCOL_DOCUMENTED,DISPLAY_RELEVANT
acura.ilx.gen1.us.2016,acura_ilx_2016_can_generated.dbc,vehicle_can,VSA_STATUS,0x1a4,CHECKSUM,,59,4,motorola,False,1.0,0.0,,VEHICLE_PROTOCOL_DOCUMENTED,DISPLAY_RELEVANT
acura.ilx.gen1.us.2016,acura_ilx_2016_can_generated.dbc,vehicle_can,STEER_MOTOR_TORQUE,0x1ab,CONFIG_VALID,,7,1,motorola,False,1.0,0.0,,VEHICLE_PROTOCOL_DOCUMENTED,UNKNOWN
acura.ilx.gen1.us.2016,acura_ilx_2016_can_generated.dbc,vehicle_can,STEER_MOTOR_TORQUE,0x1ab,MOTOR_TORQUE,,1,10,motorola,False,1.0,0.0,,VEHICLE_PROTOCOL_DOCUMENTED,UNKNOWN
acura.ilx.gen1.us.2016,acura_ilx_2016_can_generated.dbc,vehicle_can,STEER_MOTOR_TORQUE,0x1ab,OUTPUT_DISABLED,,22,1,motorola,False,1.0,0.0,,VEHICLE_PROTOCOL_DOCUMENTED,UNKNOWN
acura.ilx.gen1.us.2016,acura_ilx_2016_can_generated.dbc,vehicle_can,STEER_MOTOR_TORQUE,0x1ab,COUNTER,,21,2,motorola,False,1.0,0.0,,VEHICLE_PROTOCOL_DOCUMENTED,UNKNOWN
acura.ilx.gen1.us.2016,acura_ilx_2016_can_generated.dbc,vehicle_can,STEER_MOTOR_TORQUE,0x1ab,CHECKSUM,,19,4,motorola,False,1.0,0.0,,VEHICLE_PROTOCOL_DOCUMENTED,UNKNOWN
acura.ilx.gen1.us.2016,acura_ilx_2016_can_generated.dbc,vehicle_can,WHEEL_SPEEDS,0x1d0,WHEEL_SPEED_FL,,7,15,motorola,False,0.01,0.0,kph,VEHICLE_PROTOCOL_DOCUMENTED,POWERTRAIN_ONLY
acura.ilx.gen1.us.2016,acura_ilx_2016_can_generated.dbc,vehicle_can,WHEEL_SPEEDS,0x1d0,WHEEL_SPEED_FR,,8,15,motorola,False,0.01,0.0,kph,VEHICLE_PROTOCOL_DOCUMENTED,POWERTRAIN_ONLY
acura.ilx.gen1.us.2016,acura_ilx_2016_can_generated.dbc,vehicle_can,WHEEL_SPEEDS,0x1d0,WHEEL_SPEED_RL,,25,15,motorola,False,0.01,0.0,kph,VEHICLE_PROTOCOL_DOCUMENTED,POWERTRAIN_ONLY
acura.ilx.gen1.us.2016,acura_ilx_2016_can_generated.dbc,vehicle_can,WHEEL_SPEEDS,0x1d0,WHEEL_SPEED_RR,,42,15,motorola,False,0.01,0.0,kph,VEHICLE_PROTOCOL_DOCUMENTED,POWERTRAIN_ONLY
acura.ilx.gen1.us.2016,acura_ilx_2016_can_generated.dbc,vehicle_can,WHEEL_SPEEDS,0x1d0,CHECKSUM,,59,4,motorola,False,1.0,0.0,,VEHICLE_PROTOCOL_DOCUMENTED,POWERTRAIN_ONLY
acura.ilx.gen1.us.2016,acura_ilx_2016_can_generated.dbc,vehicle_can,VEHICLE_DYNAMICS,0x1ea,LAT_ACCEL,,7,16,motorola,True,0.0015,0.0,m/s2,VEHICLE_PROTOCOL_DOCUMENTED,UNKNOWN
acura.ilx.gen1.us.2016,acura_ilx_2016_can_generated.dbc,vehicle_can,VEHICLE_DYNAMICS,0x1ea,LONG_ACCEL,,23,16,motorola,True,0.0015,0.0,m/s2,VEHICLE_PROTOCOL_DOCUMENTED,UNKNOWN
acura.ilx.gen1.us.2016,acura_ilx_2016_can_generated.dbc,vehicle_can,VEHICLE_DYNAMICS,0x1ea,COUNTER,,61,2,motorola,False,1.0,0.0,,VEHICLE_PROTOCOL_DOCUMENTED,UNKNOWN
acura.ilx.gen1.us.2016,acura_ilx_2016_can_generated.dbc,vehicle_can,VEHICLE_DYNAMICS,0x1ea,CHECKSUM,,59,4,motorola,False,1.0,0.0,,VEHICLE_PROTOCOL_DOCUMENTED,UNKNOWN
acura.ilx.gen1.us.2016,acura_ilx_2016_can_generated.dbc,vehicle_can,SEATBELT_STATUS,0x305,SEATBELT_DRIVER_LAMP,,7,1,motorola,False,1.0,0.0,,VEHICLE_PROTOCOL_DOCUMENTED,DISPLAY_RELEVANT
acura.ilx.gen1.us.2016,acura_ilx_2016_can_generated.dbc,vehicle_can,SEATBELT_STATUS,0x305,SEATBELT_PASS_UNLATCHED,,10,1,motorola,False,1.0,0.0,,VEHICLE_PROTOCOL_DOCUMENTED,DISPLAY_RELEVANT
acura.ilx.gen1.us.2016,acura_ilx_2016_can_generated.dbc,vehicle_can,SEATBELT_STATUS,0x305,SEATBELT_PASS_LATCHED,safety.seatbelt_passenger,11,1,motorola,False,1.0,0.0,,VEHICLE_PROTOCOL_DOCUMENTED,DISPLAY_RELEVANT
acura.ilx.gen1.us.2016,acura_ilx_2016_can_generated.dbc,vehicle_can,SEATBELT_STATUS,0x305,SEATBELT_DRIVER_UNLATCHED,,12,1,motorola,False,1.0,0.0,,VEHICLE_PROTOCOL_DOCUMENTED,DISPLAY_RELEVANT
acura.ilx.gen1.us.2016,acura_ilx_2016_can_generated.dbc,vehicle_can,SEATBELT_STATUS,0x305,SEATBELT_DRIVER_LATCHED,safety.seatbelt_driver,13,1,motorola,False,1.0,0.0,,CLUSTER_RELEVANT_SIGNAL_DOCUMENTED,DISPLAY_RELEVANT
acura.ilx.gen1.us.2016,acura_ilx_2016_can_generated.dbc,vehicle_can,SEATBELT_STATUS,0x305,PASS_AIRBAG_OFF,,14,1,motorola,False,1.0,0.0,,VEHICLE_PROTOCOL_DOCUMENTED,DISPLAY_RELEVANT
acura.ilx.gen1.us.2016,acura_ilx_2016_can_generated.dbc,vehicle_can,SEATBELT_STATUS,0x305,PASS_AIRBAG_ON,,15,1,motorola,False,1.0,0.0,,VEHICLE_PROTOCOL_DOCUMENTED,DISPLAY_RELEVANT
acura.ilx.gen1.us.2016,acura_ilx_2016_can_generated.dbc,vehicle_can,SEATBELT_STATUS,0x305,COUNTER,,53,2,motorola,False,1.0,0.0,,VEHICLE_PROTOCOL_DOCUMENTED,DISPLAY_RELEVANT
acura.ilx.gen1.us.2016,acura_ilx_2016_can_generated.dbc,vehicle_can,SEATBELT_STATUS,0x305,CHECKSUM,,51,4,motorola,False,1.0,0.0,,VEHICLE_PROTOCOL_DOCUMENTED,DISPLAY_RELEVANT
acura.ilx.gen1.us.2016,acura_ilx_2016_can_generated.dbc,vehicle_can,CAR_SPEED,0x309,ROUGH_CAR_SPEED,,23,8,motorola,False,1.0,0.0,mph,VEHICLE_PROTOCOL_DOCUMENTED,DISPLAY_RELEVANT
acura.ilx.gen1.us.2016,acura_ilx_2016_can_generated.dbc,vehicle_can,CAR_SPEED,0x309,CAR_SPEED,vehicle.speed,7,16,motorola,False,0.01,0.0,kph,CLUSTER_RELEVANT_SIGNAL_DOCUMENTED,DISPLAY_RELEVANT
acura.ilx.gen1.us.2016,acura_ilx_2016_can_generated.dbc,vehicle_can,CAR_SPEED,0x309,ROUGH_CAR_SPEED_3,,39,16,motorola,False,0.01,0.0,kph,VEHICLE_PROTOCOL_DOCUMENTED,DISPLAY_RELEVANT
acura.ilx.gen1.us.2016,acura_ilx_2016_can_generated.dbc,vehicle_can,CAR_SPEED,0x309,ROUGH_CAR_SPEED_2,,31,8,motorola,False,1.0,0.0,mph,VEHICLE_PROTOCOL_DOCUMENTED,DISPLAY_RELEVANT
acura.ilx.gen1.us.2016,acura_ilx_2016_can_generated.dbc,vehicle_can,CAR_SPEED,0x309,LOCK_STATUS,,55,2,motorola,False,1.0,0.0,,VEHICLE_PROTOCOL_DOCUMENTED,DISPLAY_RELEVANT
acura.ilx.gen1.us.2016,acura_ilx_2016_can_generated.dbc,vehicle_can,CAR_SPEED,0x309,COUNTER,,61,2,motorola,False,1.0,0.0,,VEHICLE_PROTOCOL_DOCUMENTED,DISPLAY_RELEVANT
acura.ilx.gen1.us.2016,acura_ilx_2016_can_generated.dbc,vehicle_can,CAR_SPEED,0x309,CHECKSUM,,59,4,motorola,False,1.0,0.0,,VEHICLE_PROTOCOL_DOCUMENTED,DISPLAY_RELEVANT
acura.ilx.gen1.us.2016,acura_ilx_2016_can_generated.dbc,vehicle_can,CAR_SPEED,0x309,IMPERIAL_UNIT,,63,1,motorola,False,1.0,0.0,,VEHICLE_PROTOCOL_DOCUMENTED,DISPLAY_RELEVANT
acura.ilx.gen1.us.2016,acura_ilx_2016_can_generated.dbc,vehicle_can,ACC_HUD,0x30c,PCM_SPEED,,7,16,motorola,False,0.01,0.0,kph,VEHICLE_PROTOCOL_DOCUMENTED,ADAS_ONLY
acura.ilx.gen1.us.2016,acura_ilx_2016_can_generated.dbc,vehicle_can,ACC_HUD,0x30c,PCM_GAS,,23,8,motorola,False,1.0,0.0,,VEHICLE_PROTOCOL_DOCUMENTED,ADAS_ONLY
acura.ilx.gen1.us.2016,acura_ilx_2016_can_generated.dbc,vehicle_can,ACC_HUD,0x30c,CRUISE_SPEED,,31,8,motorola,False,1.0,0.0,kph,VEHICLE_PROTOCOL_DOCUMENTED,ADAS_ONLY
acura.ilx.gen1.us.2016,acura_ilx_2016_can_generated.dbc,vehicle_can,ACC_HUD,0x30c,DTC_MODE,,39,1,motorola,False,1.0,0.0,,VEHICLE_PROTOCOL_DOCUMENTED,ADAS_ONLY
acura.ilx.gen1.us.2016,acura_ilx_2016_can_generated.dbc,vehicle_can,ACC_HUD,0x30c,BOH,,38,1,motorola,False,1.0,0.0,,VEHICLE_PROTOCOL_DOCUMENTED,ADAS_ONLY
acura.ilx.gen1.us.2016,acura_ilx_2016_can_generated.dbc,vehicle_can,ACC_HUD,0x30c,ACC_PROBLEM,,37,1,motorola,False,1.0,0.0,,VEHICLE_PROTOCOL_DOCUMENTED,ADAS_ONLY
acura.ilx.gen1.us.2016,acura_ilx_2016_can_generated.dbc,vehicle_can,ACC_HUD,0x30c,FCM_OFF,,35,1,motorola,False,1.0,0.0,,VEHICLE_PROTOCOL_DOCUMENTED,ADAS_ONLY
acura.ilx.gen1.us.2016,acura_ilx_2016_can_generated.dbc,vehicle_can,ACC_HUD,0x30c,FCM_OFF_2,,36,1,motorola,False,1.0,0.0,,VEHICLE_PROTOCOL_DOCUMENTED,ADAS_ONLY
acura.ilx.gen1.us.2016,acura_ilx_2016_can_generated.dbc,vehicle_can,ACC_HUD,0x30c,FCM_PROBLEM,,34,1,motorola,False,1.0,0.0,,VEHICLE_PROTOCOL_DOCUMENTED,ADAS_ONLY
acura.ilx.gen1.us.2016,acura_ilx_2016_can_generated.dbc,vehicle_can,ACC_HUD,0x30c,RADAR_OBSTRUCTED,,33,1,motorola,False,1.0,0.0,,VEHICLE_PROTOCOL_DOCUMENTED,ADAS_ONLY
acura.ilx.gen1.us.2016,acura_ilx_2016_can_generated.dbc,vehicle_can,ACC_HUD,0x30c,ENABLE_MINI_CAR,,32,1,motorola,False,1.0,0.0,,VEHICLE_PROTOCOL_DOCUMENTED,ADAS_ONLY
acura.ilx.gen1.us.2016,acura_ilx_2016_can_generated.dbc,vehicle_can,ACC_HUD,0x30c,HUD_DISTANCE,,47,2,motorola,False,1.0,0.0,,VEHICLE_PROTOCOL_DOCUMENTED,ADAS_ONLY
acura.ilx.gen1.us.2016,acura_ilx_2016_can_generated.dbc,vehicle_can,ACC_HUD,0x30c,HUD_LEAD,,45,2,motorola,False,1.0,0.0,,VEHICLE_PROTOCOL_DOCUMENTED,ADAS_ONLY
acura.ilx.gen1.us.2016,acura_ilx_2016_can_generated.dbc,vehicle_can,ACC_HUD,0x30c,BOH_3,,43,1,motorola,False,1.0,0.0,,VEHICLE_PROTOCOL_DOCUMENTED,ADAS_ONLY
acura.ilx.gen1.us.2016,acura_ilx_2016_can_generated.dbc,vehicle_can,ACC_HUD,0x30c,BOH_4,,42,1,motorola,False,1.0,0.0,,VEHICLE_PROTOCOL_DOCUMENTED,ADAS_ONLY
acura.ilx.gen1.us.2016,acura_ilx_2016_can_generated.dbc,vehicle_can,ACC_HUD,0x30c,BOH_5,,41,1,motorola,False,1.0,0.0,,VEHICLE_PROTOCOL_DOCUMENTED,ADAS_ONLY
acura.ilx.gen1.us.2016,acura_ilx_2016_can_generated.dbc,vehicle_can,ACC_HUD,0x30c,CRUISE_CONTROL_LABEL,,40,1,motorola,False,1.0,0.0,,VEHICLE_PROTOCOL_DOCUMENTED,ADAS_ONLY
acura.ilx.gen1.us.2016,acura_ilx_2016_can_generated.dbc,vehicle_can,ACC_HUD,0x30c,SET_ME_X01_2,,55,1,motorola,False,1.0,0.0,,VEHICLE_PROTOCOL_DOCUMENTED,ADAS_ONLY
acura.ilx.gen1.us.2016,acura_ilx_2016_can_generated.dbc,vehicle_can,ACC_HUD,0x30c,IMPERIAL_UNIT,,54,1,motorola,False,1.0,0.0,,VEHICLE_PROTOCOL_DOCUMENTED,ADAS_ONLY
acura.ilx.gen1.us.2016,acura_ilx_2016_can_generated.dbc,vehicle_can,ACC_HUD,0x30c,ACC_ON,,52,1,motorola,False,1.0,0.0,,VEHICLE_PROTOCOL_DOCUMENTED,ADAS_ONLY
acura.ilx.gen1.us.2016,acura_ilx_2016_can_generated.dbc,vehicle_can,ACC_HUD,0x30c,CHIME,,51,3,motorola,False,1.0,0.0,,VEHICLE_PROTOCOL_DOCUMENTED,ADAS_ONLY
acura.ilx.gen1.us.2016,acura_ilx_2016_can_generated.dbc,vehicle_can,ACC_HUD,0x30c,SET_ME_X01,,48,1,motorola,False,1.0,0.0,,VEHICLE_PROTOCOL_DOCUMENTED,ADAS_ONLY
acura.ilx.gen1.us.2016,acura_ilx_2016_can_generated.dbc,vehicle_can,ACC_HUD,0x30c,ICONS,,63,2,motorola,False,1.0,0.0,,VEHICLE_PROTOCOL_DOCUMENTED,ADAS_ONLY
acura.ilx.gen1.us.2016,acura_ilx_2016_can_generated.dbc,vehicle_can,ACC_HUD,0x30c,COUNTER,,61,2,motorola,False,1.0,0.0,,VEHICLE_PROTOCOL_DOCUMENTED,ADAS_ONLY
acura.ilx.gen1.us.2016,acura_ilx_2016_can_generated.dbc,vehicle_can,ACC_HUD,0x30c,CHECKSUM,,59,4,motorola,False,1.0,0.0,,VEHICLE_PROTOCOL_DOCUMENTED,ADAS_ONLY
acura.ilx.gen1.us.2016,acura_ilx_2016_can_generated.dbc,vehicle_can,CRUISE,0x324,HUD_SPEED_KPH,,7,8,motorola,False,1.0,0.0,kph,VEHICLE_PROTOCOL_DOCUMENTED,POWERTRAIN_ONLY
acura.ilx.gen1.us.2016,acura_ilx_2016_can_generated.dbc,vehicle_can,CRUISE,0x324,HUD_SPEED_MPH,,15,8,motorola,False,1.0,0.0,mph,VEHICLE_PROTOCOL_DOCUMENTED,POWERTRAIN_ONLY
acura.ilx.gen1.us.2016,acura_ilx_2016_can_generated.dbc,vehicle_can,CRUISE,0x324,TRIP_FUEL_CONSUMED,,23,16,motorola,False,1.0,0.0,,VEHICLE_PROTOCOL_DOCUMENTED,POWERTRAIN_ONLY
acura.ilx.gen1.us.2016,acura_ilx_2016_can_generated.dbc,vehicle_can,CRUISE,0x324,CRUISE_SPEED_PCM,,39,8,motorola,False,1.0,0.0,,VEHICLE_PROTOCOL_DOCUMENTED,POWERTRAIN_ONLY
acura.ilx.gen1.us.2016,acura_ilx_2016_can_generated.dbc,vehicle_can,CRUISE,0x324,BOH2,,47,8,motorola,True,1.0,0.0,,VEHICLE_PROTOCOL_DOCUMENTED,POWERTRAIN_ONLY
acura.ilx.gen1.us.2016,acura_ilx_2016_can_generated.dbc,vehicle_can,CRUISE,0x324,BOH3,,55,8,motorola,False,1.0,0.0,,VEHICLE_PROTOCOL_DOCUMENTED,POWERTRAIN_ONLY
acura.ilx.gen1.us.2016,acura_ilx_2016_can_generated.dbc,vehicle_can,CRUISE,0x324,COUNTER,,61,2,motorola,False,1.0,0.0,,VEHICLE_PROTOCOL_DOCUMENTED,POWERTRAIN_ONLY
acura.ilx.gen1.us.2016,acura_ilx_2016_can_generated.dbc,vehicle_can,CRUISE,0x324,CHECKSUM,,59,4,motorola,False,1.0,0.0,,VEHICLE_PROTOCOL_DOCUMENTED,POWERTRAIN_ONLY
acura.ilx.gen1.us.2016,acura_ilx_2016_can_generated.dbc,vehicle_can,STALK_STATUS,0x374,DASHBOARD_ALERT,,39,8,motorola,False,1.0,0.0,,VEHICLE_PROTOCOL_DOCUMENTED,BODY_RELEVANT
acura.ilx.gen1.us.2016,acura_ilx_2016_can_generated.dbc,vehicle_can,STALK_STATUS,0x374,AUTO_HEADLIGHTS,,46,1,motorola,False,1.0,0.0,,VEHICLE_PROTOCOL_DOCUMENTED,BODY_RELEVANT
acura.ilx.gen1.us.2016,acura_ilx_2016_can_generated.dbc,vehicle_can,STALK_STATUS,0x374,HIGH_BEAM_HOLD,,47,1,motorola,False,1.0,0.0,,VEHICLE_PROTOCOL_DOCUMENTED,BODY_RELEVANT
acura.ilx.gen1.us.2016,acura_ilx_2016_can_generated.dbc,vehicle_can,STALK_STATUS,0x374,HIGH_BEAM_FLASH,,45,1,motorola,False,1.0,0.0,,VEHICLE_PROTOCOL_DOCUMENTED,BODY_RELEVANT
acura.ilx.gen1.us.2016,acura_ilx_2016_can_generated.dbc,vehicle_can,STALK_STATUS,0x374,HEADLIGHTS_ON,lighting.headlights_on,54,1,motorola,False,1.0,0.0,,VEHICLE_PROTOCOL_DOCUMENTED,BODY_RELEVANT
acura.ilx.gen1.us.2016,acura_ilx_2016_can_generated.dbc,vehicle_can,STALK_STATUS,0x374,WIPER_SWITCH,,53,2,motorola,False,1.0,0.0,,VEHICLE_PROTOCOL_DOCUMENTED,BODY_RELEVANT
acura.ilx.gen1.us.2016,acura_ilx_2016_can_generated.dbc,vehicle_can,STALK_STATUS,0x374,COUNTER,,61,2,motorola,False,1.0,0.0,,VEHICLE_PROTOCOL_DOCUMENTED,BODY_RELEVANT
acura.ilx.gen1.us.2016,acura_ilx_2016_can_generated.dbc,vehicle_can,STALK_STATUS,0x374,CHECKSUM,,59,4,motorola,False,1.0,0.0,,VEHICLE_PROTOCOL_DOCUMENTED,BODY_RELEVANT
acura.ilx.gen1.us.2016,acura_ilx_2016_can_generated.dbc,vehicle_can,STALK_STATUS_2,0x37b,WIPERS,,17,2,motorola,False,1.0,0.0,,VEHICLE_PROTOCOL_DOCUMENTED,DISPLAY_RELEVANT
acura.ilx.gen1.us.2016,acura_ilx_2016_can_generated.dbc,vehicle_can,STALK_STATUS_2,0x37b,LOW_BEAMS,lighting.low_beam,35,1,motorola,False,1.0,0.0,,CLUSTER_RELEVANT_SIGNAL_DOCUMENTED,DISPLAY_RELEVANT
acura.ilx.gen1.us.2016,acura_ilx_2016_can_generated.dbc,vehicle_can,STALK_STATUS_2,0x37b,HIGH_BEAMS,lighting.high_beam,34,1,motorola,False,1.0,0.0,,CLUSTER_RELEVANT_SIGNAL_DOCUMENTED,DISPLAY_RELEVANT
acura.ilx.gen1.us.2016,acura_ilx_2016_can_generated.dbc,vehicle_can,STALK_STATUS_2,0x37b,PARK_LIGHTS,,36,1,motorola,False,1.0,0.0,,VEHICLE_PROTOCOL_DOCUMENTED,DISPLAY_RELEVANT
acura.ilx.gen1.us.2016,acura_ilx_2016_can_generated.dbc,vehicle_can,STALK_STATUS_2,0x37b,COUNTER,,61,2,motorola,False,1.0,0.0,,VEHICLE_PROTOCOL_DOCUMENTED,DISPLAY_RELEVANT
acura.ilx.gen1.us.2016,acura_ilx_2016_can_generated.dbc,vehicle_can,STALK_STATUS_2,0x37b,CHECKSUM,,59,4,motorola,False,1.0,0.0,,VEHICLE_PROTOCOL_DOCUMENTED,DISPLAY_RELEVANT
acura.ilx.gen1.us.2016,acura_ilx_2016_can_generated.dbc,vehicle_can,DOORS_STATUS,0x405,DOOR_OPEN_FL,body.driver_door,37,1,motorola,False,1.0,0.0,,CLUSTER_RELEVANT_SIGNAL_DOCUMENTED,DISPLAY_RELEVANT
acura.ilx.gen1.us.2016,acura_ilx_2016_can_generated.dbc,vehicle_can,DOORS_STATUS,0x405,DOOR_OPEN_FR,body.passenger_door,38,1,motorola,False,1.0,0.0,,CLUSTER_RELEVANT_SIGNAL_DOCUMENTED,DISPLAY_RELEVANT
acura.ilx.gen1.us.2016,acura_ilx_2016_can_generated.dbc,vehicle_can,DOORS_STATUS,0x405,DOOR_OPEN_RL,body.rear_left_door,39,1,motorola,False,1.0,0.0,,VEHICLE_PROTOCOL_DOCUMENTED,DISPLAY_RELEVANT
acura.ilx.gen1.us.2016,acura_ilx_2016_can_generated.dbc,vehicle_can,DOORS_STATUS,0x405,DOOR_OPEN_RR,body.rear_right_door,40,1,motorola,False,1.0,0.0,,VEHICLE_PROTOCOL_DOCUMENTED,DISPLAY_RELEVANT
acura.ilx.gen1.us.2016,acura_ilx_2016_can_generated.dbc,vehicle_can,DOORS_STATUS,0x405,TRUNK_OPEN,body.trunk,41,1,motorola,False,1.0,0.0,,CLUSTER_RELEVANT_SIGNAL_DOCUMENTED,DISPLAY_RELEVANT
acura.ilx.gen1.us.2016,acura_ilx_2016_can_generated.dbc,vehicle_can,DOORS_STATUS,0x405,COUNTER,,61,2,motorola,False,1.0,0.0,,VEHICLE_PROTOCOL_DOCUMENTED,DISPLAY_RELEVANT
acura.ilx.gen1.us.2016,acura_ilx_2016_can_generated.dbc,vehicle_can,DOORS_STATUS,0x405,CHECKSUM,,59,4,motorola,False,1.0,0.0,,VEHICLE_PROTOCOL_DOCUMENTED,DISPLAY_RELEVANT
acura.ilx.gen1.us.2016,acura_ilx_2016_can_generated.dbc,vehicle_can,KINEMATICS,0x91,LAT_ACCEL,,7,10,motorola,False,0.02,-512.0,m/s2,VEHICLE_PROTOCOL_DOCUMENTED,UNKNOWN
acura.ilx.gen1.us.2016,acura_ilx_2016_can_generated.dbc,vehicle_can,KINEMATICS,0x91,COUNTER,,61,2,motorola,False,1.0,0.0,,VEHICLE_PROTOCOL_DOCUMENTED,UNKNOWN
acura.ilx.gen1.us.2016,acura_ilx_2016_can_generated.dbc,vehicle_can,KINEMATICS,0x91,CHECKSUM,,59,4,motorola,False,1.0,0.0,,VEHICLE_PROTOCOL_DOCUMENTED,UNKNOWN
acura.ilx.gen1.us.2016,acura_ilx_2016_can_generated.dbc,vehicle_can,KINEMATICS_ALT,0x94,LAT_ACCEL,,7,10,motorola,False,0.02,-512.0,m/s2,VEHICLE_PROTOCOL_DOCUMENTED,UNKNOWN
acura.ilx.gen1.us.2016,acura_ilx_2016_can_generated.dbc,vehicle_can,KINEMATICS_ALT,0x94,LONG_ACCEL,,24,9,motorola,True,-0.02,0.0,m/s2,VEHICLE_PROTOCOL_DOCUMENTED,UNKNOWN
acura.ilx.gen1.us.2016,acura_ilx_2016_can_generated.dbc,vehicle_can,KINEMATICS_ALT,0x94,CHECKSUM,,59,4,motorola,False,1.0,0.0,,VEHICLE_PROTOCOL_DOCUMENTED,UNKNOWN
acura.ilx.gen1.us.2016,acura_ilx_2016_can_generated.dbc,vehicle_can,KINEMATICS_ALT,0x94,COUNTER,,61,2,motorola,False,1.0,0.0,,VEHICLE_PROTOCOL_DOCUMENTED,UNKNOWN
acura.ilx.gen1.us.2016,acura_ilx_2016_can_generated.dbc,vehicle_can,STANDSTILL,0x1b0,CONTROLLED_STANDSTILL,,0,1,motorola,False,1.0,0.0,,VEHICLE_PROTOCOL_DOCUMENTED,POWERTRAIN_ONLY
acura.ilx.gen1.us.2016,acura_ilx_2016_can_generated.dbc,vehicle_can,STANDSTILL,0x1b0,WHEELS_MOVING,,12,1,motorola,False,1.0,0.0,,VEHICLE_PROTOCOL_DOCUMENTED,POWERTRAIN_ONLY
acura.ilx.gen1.us.2016,acura_ilx_2016_can_generated.dbc,vehicle_can,STANDSTILL,0x1b0,BRAKE_ERROR_1,,11,1,motorola,False,1.0,0.0,,VEHICLE_PROTOCOL_DOCUMENTED,POWERTRAIN_ONLY
acura.ilx.gen1.us.2016,acura_ilx_2016_can_generated.dbc,vehicle_can,STANDSTILL,0x1b0,BRAKE_ERROR_2,,9,1,motorola,False,1.0,0.0,,VEHICLE_PROTOCOL_DOCUMENTED,POWERTRAIN_ONLY
acura.ilx.gen1.us.2016,acura_ilx_2016_can_generated.dbc,vehicle_can,STANDSTILL,0x1b0,COUNTER,,53,2,motorola,False,1.0,0.0,,VEHICLE_PROTOCOL_DOCUMENTED,POWERTRAIN_ONLY
acura.ilx.gen1.us.2016,acura_ilx_2016_can_generated.dbc,vehicle_can,STANDSTILL,0x1b0,CHECKSUM,,51,4,motorola,False,1.0,0.0,,VEHICLE_PROTOCOL_DOCUMENTED,POWERTRAIN_ONLY
acura.ilx.gen1.us.2016,acura_ilx_2016_can_generated.dbc,vehicle_can,BRAKE_PRESSURE,0x1e7,BRAKE_PRESSURE1,,7,10,motorola,False,0.015625,-103.0,,VEHICLE_PROTOCOL_DOCUMENTED,UNKNOWN
acura.ilx.gen1.us.2016,acura_ilx_2016_can_generated.dbc,vehicle_can,BRAKE_PRESSURE,0x1e7,BRAKE_PRESSURE2,,9,10,motorola,False,0.015625,-103.0,,VEHICLE_PROTOCOL_DOCUMENTED,UNKNOWN
acura.ilx.gen1.us.2016,acura_ilx_2016_can_generated.dbc,vehicle_can,BRAKE_PRESSURE,0x1e7,CHECKSUM,,27,4,motorola,False,1.0,0.0,,VEHICLE_PROTOCOL_DOCUMENTED,UNKNOWN
acura.ilx.gen1.us.2016,acura_ilx_2016_can_generated.dbc,vehicle_can,BRAKE_PRESSURE,0x1e7,COUNTER,,29,2,motorola,False,1.0,0.0,,VEHICLE_PROTOCOL_DOCUMENTED,UNKNOWN
acura.ilx.gen1.us.2016,acura_ilx_2016_can_generated.dbc,vehicle_can,BRAKE_COMMAND,0x1fa,COMPUTER_BRAKE,,7,10,motorola,False,1.0,0.0,,VEHICLE_PROTOCOL_DOCUMENTED,ADAS_ONLY
acura.ilx.gen1.us.2016,acura_ilx_2016_can_generated.dbc,vehicle_can,BRAKE_COMMAND,0x1fa,BRAKE_PUMP_REQUEST,,8,1,motorola,False,1.0,0.0,,VEHICLE_PROTOCOL_DOCUMENTED,ADAS_ONLY
acura.ilx.gen1.us.2016,acura_ilx_2016_can_generated.dbc,vehicle_can,BRAKE_COMMAND,0x1fa,BRAKE_PUMP_REQUEST_ALT,,11,1,motorola,False,1.0,0.0,,VEHICLE_PROTOCOL_DOCUMENTED,ADAS_ONLY
acura.ilx.gen1.us.2016,acura_ilx_2016_can_generated.dbc,vehicle_can,BRAKE_COMMAND,0x1fa,SET_ME_X00,,23,3,motorola,False,1.0,0.0,,VEHICLE_PROTOCOL_DOCUMENTED,ADAS_ONLY
acura.ilx.gen1.us.2016,acura_ilx_2016_can_generated.dbc,vehicle_can,BRAKE_COMMAND,0x1fa,CRUISE_OVERRIDE,,20,1,motorola,False,1.0,0.0,,VEHICLE_PROTOCOL_DOCUMENTED,ADAS_ONLY
acura.ilx.gen1.us.2016,acura_ilx_2016_can_generated.dbc,vehicle_can,BRAKE_COMMAND,0x1fa,SET_ME_X00_2,,19,1,motorola,False,1.0,0.0,,VEHICLE_PROTOCOL_DOCUMENTED,ADAS_ONLY
acura.ilx.gen1.us.2016,acura_ilx_2016_can_generated.dbc,vehicle_can,BRAKE_COMMAND,0x1fa,CRUISE_FAULT_CMD,,18,1,motorola,False,1.0,0.0,,VEHICLE_PROTOCOL_DOCUMENTED,ADAS_ONLY
acura.ilx.gen1.us.2016,acura_ilx_2016_can_generated.dbc,vehicle_can,BRAKE_COMMAND,0x1fa,CRUISE_CANCEL_CMD,,17,1,motorola,False,1.0,0.0,,VEHICLE_PROTOCOL_DOCUMENTED,ADAS_ONLY
acura.ilx.gen1.us.2016,acura_ilx_2016_can_generated.dbc,vehicle_can,BRAKE_COMMAND,0x1fa,COMPUTER_BRAKE_REQUEST,,16,1,motorola,False,1.0,0.0,,VEHICLE_PROTOCOL_DOCUMENTED,ADAS_ONLY
acura.ilx.gen1.us.2016,acura_ilx_2016_can_generated.dbc,vehicle_can,BRAKE_COMMAND,0x1fa,SET_ME_1,,31,1,motorola,False,1.0,0.0,,VEHICLE_PROTOCOL_DOCUMENTED,ADAS_ONLY
acura.ilx.gen1.us.2016,acura_ilx_2016_can_generated.dbc,vehicle_can,BRAKE_COMMAND,0x1fa,AEB_REQ_1,,29,1,motorola,False,1.0,0.0,,VEHICLE_PROTOCOL_DOCUMENTED,ADAS_ONLY
acura.ilx.gen1.us.2016,acura_ilx_2016_can_generated.dbc,vehicle_can,BRAKE_COMMAND,0x1fa,AEB_REQ_2,,26,3,motorola,False,1.0,0.0,,VEHICLE_PROTOCOL_DOCUMENTED,ADAS_ONLY
acura.ilx.gen1.us.2016,acura_ilx_2016_can_generated.dbc,vehicle_can,BRAKE_COMMAND,0x1fa,BRAKE_LIGHTS,,39,1,motorola,False,1.0,0.0,,VEHICLE_PROTOCOL_DOCUMENTED,ADAS_ONLY
acura.ilx.gen1.us.2016,acura_ilx_2016_can_generated.dbc,vehicle_can,BRAKE_COMMAND,0x1fa,CRUISE_STATES,,38,7,motorola,False,1.0,0.0,,VEHICLE_PROTOCOL_DOCUMENTED,ADAS_ONLY
acura.ilx.gen1.us.2016,acura_ilx_2016_can_generated.dbc,vehicle_can,BRAKE_COMMAND,0x1fa,CHIME,,47,3,motorola,False,1.0,0.0,,VEHICLE_PROTOCOL_DOCUMENTED,ADAS_ONLY
acura.ilx.gen1.us.2016,acura_ilx_2016_can_generated.dbc,vehicle_can,BRAKE_COMMAND,0x1fa,SET_ME_X00_3,,44,1,motorola,False,1.0,0.0,,VEHICLE_PROTOCOL_DOCUMENTED,ADAS_ONLY
acura.ilx.gen1.us.2016,acura_ilx_2016_can_generated.dbc,vehicle_can,BRAKE_COMMAND,0x1fa,FCW,,43,2,motorola,False,1.0,0.0,,VEHICLE_PROTOCOL_DOCUMENTED,ADAS_ONLY
acura.ilx.gen1.us.2016,acura_ilx_2016_can_generated.dbc,vehicle_can,BRAKE_COMMAND,0x1fa,AEB_STATUS,,41,2,motorola,False,1.0,0.0,,VEHICLE_PROTOCOL_DOCUMENTED,ADAS_ONLY
acura.ilx.gen1.us.2016,acura_ilx_2016_can_generated.dbc,vehicle_can,BRAKE_COMMAND,0x1fa,COMPUTER_BRAKE_ALT,,55,10,motorola,False,1.0,0.0,,VEHICLE_PROTOCOL_DOCUMENTED,ADAS_ONLY
acura.ilx.gen1.us.2016,acura_ilx_2016_can_generated.dbc,vehicle_can,BRAKE_COMMAND,0x1fa,COUNTER,,61,2,motorola,False,1.0,0.0,,VEHICLE_PROTOCOL_DOCUMENTED,ADAS_ONLY
acura.ilx.gen1.us.2016,acura_ilx_2016_can_generated.dbc,vehicle_can,BRAKE_COMMAND,0x1fa,CHECKSUM,,59,4,motorola,False,1.0,0.0,,VEHICLE_PROTOCOL_DOCUMENTED,ADAS_ONLY
acura.ilx.gen1.us.2016,acura_ilx_2016_can_generated.dbc,vehicle_can,ROUGH_WHEEL_SPEED,0x255,WHEEL_SPEED_FL,,7,8,motorola,False,1.0,0.0,mph,VEHICLE_PROTOCOL_DOCUMENTED,POWERTRAIN_ONLY
acura.ilx.gen1.us.2016,acura_ilx_2016_can_generated.dbc,vehicle_can,ROUGH_WHEEL_SPEED,0x255,WHEEL_SPEED_FR,,15,8,motorola,False,1.0,0.0,mph,VEHICLE_PROTOCOL_DOCUMENTED,POWERTRAIN_ONLY
acura.ilx.gen1.us.2016,acura_ilx_2016_can_generated.dbc,vehicle_can,ROUGH_WHEEL_SPEED,0x255,WHEEL_SPEED_RL,,23,8,motorola,False,1.0,0.0,mph,VEHICLE_PROTOCOL_DOCUMENTED,POWERTRAIN_ONLY
acura.ilx.gen1.us.2016,acura_ilx_2016_can_generated.dbc,vehicle_can,ROUGH_WHEEL_SPEED,0x255,WHEEL_SPEED_RR,,31,8,motorola,False,1.0,0.0,mph,VEHICLE_PROTOCOL_DOCUMENTED,POWERTRAIN_ONLY
acura.ilx.gen1.us.2016,acura_ilx_2016_can_generated.dbc,vehicle_can,ROUGH_WHEEL_SPEED,0x255,SET_TO_X55,,39,8,motorola,False,1.0,0.0,,VEHICLE_PROTOCOL_DOCUMENTED,POWERTRAIN_ONLY
acura.ilx.gen1.us.2016,acura_ilx_2016_can_generated.dbc,vehicle_can,ROUGH_WHEEL_SPEED,0x255,SET_TO_X55_2,,47,8,motorola,False,1.0,0.0,,VEHICLE_PROTOCOL_DOCUMENTED,POWERTRAIN_ONLY
acura.ilx.gen1.us.2016,acura_ilx_2016_can_generated.dbc,vehicle_can,ROUGH_WHEEL_SPEED,0x255,COUNTER,,61,2,motorola,False,1.0,0.0,,VEHICLE_PROTOCOL_DOCUMENTED,POWERTRAIN_ONLY
acura.ilx.gen1.us.2016,acura_ilx_2016_can_generated.dbc,vehicle_can,ROUGH_WHEEL_SPEED,0x255,CHECKSUM,,59,4,motorola,False,1.0,0.0,,VEHICLE_PROTOCOL_DOCUMENTED,POWERTRAIN_ONLY
acura.ilx.gen1.us.2016,acura_ilx_2016_can_generated.dbc,vehicle_can,LKAS_HUD,0x33d,CAM_TEMP_HIGH,,7,1,motorola,False,1.0,0.0,,VEHICLE_PROTOCOL_DOCUMENTED,ADAS_ONLY
acura.ilx.gen1.us.2016,acura_ilx_2016_can_generated.dbc,vehicle_can,LKAS_HUD,0x33d,SET_ME_X41,,6,7,motorola,False,1.0,0.0,,VEHICLE_PROTOCOL_DOCUMENTED,ADAS_ONLY
acura.ilx.gen1.us.2016,acura_ilx_2016_can_generated.dbc,vehicle_can,LKAS_HUD,0x33d,BOH,,6,7,motorola,False,1.0,0.0,,VEHICLE_PROTOCOL_DOCUMENTED,ADAS_ONLY
acura.ilx.gen1.us.2016,acura_ilx_2016_can_generated.dbc,vehicle_can,LKAS_HUD,0x33d,DASHED_LANES,,14,1,motorola,False,1.0,0.0,,VEHICLE_PROTOCOL_DOCUMENTED,ADAS_ONLY
acura.ilx.gen1.us.2016,acura_ilx_2016_can_generated.dbc,vehicle_can,LKAS_HUD,0x33d,DTC,,13,1,motorola,False,1.0,0.0,,VEHICLE_PROTOCOL_DOCUMENTED,ADAS_ONLY
acura.ilx.gen1.us.2016,acura_ilx_2016_can_generated.dbc,vehicle_can,LKAS_HUD,0x33d,LKAS_PROBLEM,,12,1,motorola,False,1.0,0.0,,VEHICLE_PROTOCOL_DOCUMENTED,ADAS_ONLY
acura.ilx.gen1.us.2016,acura_ilx_2016_can_generated.dbc,vehicle_can,LKAS_HUD,0x33d,LKAS_OFF,,11,1,motorola,False,1.0,0.0,,VEHICLE_PROTOCOL_DOCUMENTED,ADAS_ONLY
acura.ilx.gen1.us.2016,acura_ilx_2016_can_generated.dbc,vehicle_can,LKAS_HUD,0x33d,SOLID_LANES,,10,1,motorola,False,1.0,0.0,,VEHICLE_PROTOCOL_DOCUMENTED,ADAS_ONLY
acura.ilx.gen1.us.2016,acura_ilx_2016_can_generated.dbc,vehicle_can,LKAS_HUD,0x33d,LDW_RIGHT,,9,1,motorola,False,1.0,0.0,,VEHICLE_PROTOCOL_DOCUMENTED,ADAS_ONLY
acura.ilx.gen1.us.2016,acura_ilx_2016_can_generated.dbc,vehicle_can,LKAS_HUD,0x33d,STEERING_REQUIRED,,8,1,motorola,False,1.0,0.0,,VEHICLE_PROTOCOL_DOCUMENTED,ADAS_ONLY
acura.ilx.gen1.us.2016,acura_ilx_2016_can_generated.dbc,vehicle_can,LKAS_HUD,0x33d,BOH_2,,23,2,motorola,False,1.0,0.0,,VEHICLE_PROTOCOL_DOCUMENTED,ADAS_ONLY
acura.ilx.gen1.us.2016,acura_ilx_2016_can_generated.dbc,vehicle_can,LKAS_HUD,0x33d,LDW_PROBLEM,,21,1,motorola,False,1.0,0.0,,VEHICLE_PROTOCOL_DOCUMENTED,ADAS_ONLY
acura.ilx.gen1.us.2016,acura_ilx_2016_can_generated.dbc,vehicle_can,LKAS_HUD,0x33d,BEEP,,17,2,motorola,False,1.0,0.0,,VEHICLE_PROTOCOL_DOCUMENTED,ADAS_ONLY
acura.ilx.gen1.us.2016,acura_ilx_2016_can_generated.dbc,vehicle_can,LKAS_HUD,0x33d,LDW_ON,,28,1,motorola,False,1.0,0.0,,VEHICLE_PROTOCOL_DOCUMENTED,ADAS_ONLY
acura.ilx.gen1.us.2016,acura_ilx_2016_can_generated.dbc,vehicle_can,LKAS_HUD,0x33d,LDW_OFF,,27,1,motorola,False,1.0,0.0,,VEHICLE_PROTOCOL_DOCUMENTED,ADAS_ONLY
acura.ilx.gen1.us.2016,acura_ilx_2016_can_generated.dbc,vehicle_can,LKAS_HUD,0x33d,CLEAN_WINDSHIELD,,26,1,motorola,False,1.0,0.0,,VEHICLE_PROTOCOL_DOCUMENTED,ADAS_ONLY
acura.ilx.gen1.us.2016,acura_ilx_2016_can_generated.dbc,vehicle_can,LKAS_HUD,0x33d,SET_ME_X48,,31,8,motorola,False,1.0,0.0,,VEHICLE_PROTOCOL_DOCUMENTED,ADAS_ONLY
acura.ilx.gen1.us.2016,acura_ilx_2016_can_generated.dbc,vehicle_can,LKAS_HUD,0x33d,COUNTER,,37,2,motorola,False,1.0,0.0,,VEHICLE_PROTOCOL_DOCUMENTED,ADAS_ONLY
acura.ilx.gen1.us.2016,acura_ilx_2016_can_generated.dbc,vehicle_can,LKAS_HUD,0x33d,CHECKSUM,,35,4,motorola,False,1.0,0.0,,VEHICLE_PROTOCOL_DOCUMENTED,ADAS_ONLY
acura.ilx.gen1.us.2016,acura_ilx_2016_can_generated.dbc,vehicle_can,CRUISE_PARAMS,0x37c,CRUISE_SPEED_OFFSET,,31,8,motorola,True,0.1,0.0,kph,VEHICLE_PROTOCOL_DOCUMENTED,POWERTRAIN_ONLY
acura.ilx.gen1.us.2016,acura_ilx_2016_can_generated.dbc,vehicle_can,CRUISE_PARAMS,0x37c,CHECKSUM,,59,4,motorola,False,1.0,0.0,,VEHICLE_PROTOCOL_DOCUMENTED,POWERTRAIN_ONLY
acura.ilx.gen1.us.2016,acura_ilx_2016_can_generated.dbc,vehicle_can,CRUISE_PARAMS,0x37c,COUNTER,,61,2,motorola,False,1.0,0.0,,VEHICLE_PROTOCOL_DOCUMENTED,POWERTRAIN_ONLY
acura.ilx.gen1.us.2016,acura_ilx_2016_can_generated.dbc,vehicle_can,STEERING_SENSORS,0x156,STEER_ANGLE,chassis.steering_angle,7,16,motorola,True,-0.1,0.0,deg,VEHICLE_PROTOCOL_DOCUMENTED,UNKNOWN
acura.ilx.gen1.us.2016,acura_ilx_2016_can_generated.dbc,vehicle_can,STEERING_SENSORS,0x156,STEER_ANGLE_RATE,,23,16,motorola,True,-1.0,0.0,deg/s,VEHICLE_PROTOCOL_DOCUMENTED,UNKNOWN
acura.ilx.gen1.us.2016,acura_ilx_2016_can_generated.dbc,vehicle_can,STEERING_SENSORS,0x156,COUNTER,,45,2,motorola,False,1.0,0.0,,VEHICLE_PROTOCOL_DOCUMENTED,UNKNOWN
acura.ilx.gen1.us.2016,acura_ilx_2016_can_generated.dbc,vehicle_can,STEERING_SENSORS,0x156,CHECKSUM,,43,4,motorola,False,1.0,0.0,,VEHICLE_PROTOCOL_DOCUMENTED,UNKNOWN
acura.ilx.gen1.us.2016,acura_ilx_2016_can_generated.dbc,vehicle_can,STEERING_CONTROL,0xe4,STEER_TORQUE,,7,16,motorola,True,1.0,0.0,,VEHICLE_PROTOCOL_DOCUMENTED,ADAS_ONLY
acura.ilx.gen1.us.2016,acura_ilx_2016_can_generated.dbc,vehicle_can,STEERING_CONTROL,0xe4,STEER_TORQUE_REQUEST,,23,1,motorola,False,1.0,0.0,,VEHICLE_PROTOCOL_DOCUMENTED,ADAS_ONLY
acura.ilx.gen1.us.2016,acura_ilx_2016_can_generated.dbc,vehicle_can,STEERING_CONTROL,0xe4,SET_ME_X00,,31,8,motorola,False,1.0,0.0,,VEHICLE_PROTOCOL_DOCUMENTED,ADAS_ONLY
acura.ilx.gen1.us.2016,acura_ilx_2016_can_generated.dbc,vehicle_can,STEERING_CONTROL,0xe4,COUNTER,,37,2,motorola,False,1.0,0.0,,VEHICLE_PROTOCOL_DOCUMENTED,ADAS_ONLY
acura.ilx.gen1.us.2016,acura_ilx_2016_can_generated.dbc,vehicle_can,STEERING_CONTROL,0xe4,CHECKSUM,,35,4,motorola,False,1.0,0.0,,VEHICLE_PROTOCOL_DOCUMENTED,ADAS_ONLY
acura.ilx.gen1.us.2016,acura_ilx_2016_can_generated.dbc,vehicle_can,STEER_STATUS,0x18f,STEER_TORQUE_SENSOR,,7,16,motorola,True,-1.0,0.0,tbd,VEHICLE_PROTOCOL_DOCUMENTED,UNKNOWN
acura.ilx.gen1.us.2016,acura_ilx_2016_can_generated.dbc,vehicle_can,STEER_STATUS,0x18f,STEER_ANGLE_RATE,,23,16,motorola,True,-0.1,0.0,deg/s,VEHICLE_PROTOCOL_DOCUMENTED,UNKNOWN
acura.ilx.gen1.us.2016,acura_ilx_2016_can_generated.dbc,vehicle_can,STEER_STATUS,0x18f,STEER_STATUS,,39,4,motorola,False,1.0,0.0,,VEHICLE_PROTOCOL_DOCUMENTED,UNKNOWN
acura.ilx.gen1.us.2016,acura_ilx_2016_can_generated.dbc,vehicle_can,STEER_STATUS,0x18f,STEER_CONTROL_ACTIVE,,35,1,motorola,False,1.0,0.0,,VEHICLE_PROTOCOL_DOCUMENTED,UNKNOWN
acura.ilx.gen1.us.2016,acura_ilx_2016_can_generated.dbc,vehicle_can,STEER_STATUS,0x18f,STEER_CONFIG_INDEX,,43,4,motorola,False,1.0,0.0,,VEHICLE_PROTOCOL_DOCUMENTED,UNKNOWN
acura.ilx.gen1.us.2016,acura_ilx_2016_can_generated.dbc,vehicle_can,STEER_STATUS,0x18f,COUNTER,,53,2,motorola,False,1.0,0.0,,VEHICLE_PROTOCOL_DOCUMENTED,UNKNOWN
acura.ilx.gen1.us.2016,acura_ilx_2016_can_generated.dbc,vehicle_can,STEER_STATUS,0x18f,CHECKSUM,,51,4,motorola,False,1.0,0.0,,VEHICLE_PROTOCOL_DOCUMENTED,UNKNOWN
acura.ilx.gen1.us.2016,acura_ilx_2016_can_generated.dbc,vehicle_can,GEARBOX,0x1a3,GEAR,,7,8,motorola,False,1.0,0.0,,VEHICLE_PROTOCOL_DOCUMENTED,DISPLAY_RELEVANT
acura.ilx.gen1.us.2016,acura_ilx_2016_can_generated.dbc,vehicle_can,GEARBOX,0x1a3,GEAR_SHIFTER,transmission.gear,35,4,motorola,False,1.0,0.0,,CLUSTER_RELEVANT_SIGNAL_DOCUMENTED,DISPLAY_RELEVANT
acura.ilx.gen1.us.2016,acura_ilx_2016_can_generated.dbc,vehicle_can,GEARBOX,0x1a3,COUNTER,,61,2,motorola,False,1.0,0.0,,VEHICLE_PROTOCOL_DOCUMENTED,DISPLAY_RELEVANT
acura.ilx.gen1.us.2016,acura_ilx_2016_can_generated.dbc,vehicle_can,GEARBOX,0x1a3,CHECKSUM,,59,4,motorola,False,1.0,0.0,,VEHICLE_PROTOCOL_DOCUMENTED,DISPLAY_RELEVANT
acura.ilx.gen1.us.2016,acura_ilx_2016_can_generated.dbc,vehicle_can,SCM_BUTTONS,0x1a6,CRUISE_BUTTONS,,7,3,motorola,False,1.0,0.0,,VEHICLE_PROTOCOL_DOCUMENTED,BODY_RELEVANT
acura.ilx.gen1.us.2016,acura_ilx_2016_can_generated.dbc,vehicle_can,SCM_BUTTONS,0x1a6,LIGHTS_SETTING,,1,2,motorola,False,1.0,0.0,,VEHICLE_PROTOCOL_DOCUMENTED,BODY_RELEVANT
acura.ilx.gen1.us.2016,acura_ilx_2016_can_generated.dbc,vehicle_can,SCM_BUTTONS,0x1a6,MAIN_ON,,47,1,motorola,False,1.0,0.0,,VEHICLE_PROTOCOL_DOCUMENTED,BODY_RELEVANT
acura.ilx.gen1.us.2016,acura_ilx_2016_can_generated.dbc,vehicle_can,SCM_BUTTONS,0x1a6,CRUISE_SETTING,,43,2,motorola,False,1.0,0.0,,VEHICLE_PROTOCOL_DOCUMENTED,BODY_RELEVANT
acura.ilx.gen1.us.2016,acura_ilx_2016_can_generated.dbc,vehicle_can,SCM_BUTTONS,0x1a6,COUNTER,,61,2,motorola,False,1.0,0.0,,VEHICLE_PROTOCOL_DOCUMENTED,BODY_RELEVANT
acura.ilx.gen1.us.2016,acura_ilx_2016_can_generated.dbc,vehicle_can,SCM_BUTTONS,0x1a6,CHECKSUM,,59,4,motorola,False,1.0,0.0,,VEHICLE_PROTOCOL_DOCUMENTED,BODY_RELEVANT
acura.ilx.gen1.us.2016,acura_ilx_2016_can_generated.dbc,vehicle_can,SCM_FEEDBACK,0x294,RIGHT_BLINKER,lighting.right_indicator,6,1,motorola,False,1.0,0.0,,CLUSTER_RELEVANT_SIGNAL_DOCUMENTED,DISPLAY_RELEVANT
acura.ilx.gen1.us.2016,acura_ilx_2016_can_generated.dbc,vehicle_can,SCM_FEEDBACK,0x294,LEFT_BLINKER,lighting.left_indicator,5,1,motorola,False,1.0,0.0,,CLUSTER_RELEVANT_SIGNAL_DOCUMENTED,DISPLAY_RELEVANT
acura.ilx.gen1.us.2016,acura_ilx_2016_can_generated.dbc,vehicle_can,SCM_FEEDBACK,0x294,WIPERS_SPEED,,4,2,motorola,False,1.0,0.0,,VEHICLE_PROTOCOL_DOCUMENTED,DISPLAY_RELEVANT
acura.rdx.gen2.us.2018,acura_rdx_2018_can_generated.dbc,vehicle_can,GAS_COMMAND,0x200,GAS_COMMAND,,7,16,motorola,False,0.253984064,-83.3,,VEHICLE_PROTOCOL_DOCUMENTED,ADAS_ONLY
acura.rdx.gen2.us.2018,acura_rdx_2018_can_generated.dbc,vehicle_can,GAS_COMMAND,0x200,GAS_COMMAND2,,23,16,motorola,False,0.126992032,-83.3,,VEHICLE_PROTOCOL_DOCUMENTED,ADAS_ONLY
acura.rdx.gen2.us.2018,acura_rdx_2018_can_generated.dbc,vehicle_can,GAS_COMMAND,0x200,ENABLE,,39,1,motorola,False,1.0,0.0,,VEHICLE_PROTOCOL_DOCUMENTED,ADAS_ONLY
acura.rdx.gen2.us.2018,acura_rdx_2018_can_generated.dbc,vehicle_can,GAS_COMMAND,0x200,COUNTER_PEDAL,,35,4,motorola,False,1.0,0.0,,VEHICLE_PROTOCOL_DOCUMENTED,ADAS_ONLY
acura.rdx.gen2.us.2018,acura_rdx_2018_can_generated.dbc,vehicle_can,GAS_COMMAND,0x200,CHECKSUM_PEDAL,,47,8,motorola,False,1.0,0.0,,VEHICLE_PROTOCOL_DOCUMENTED,ADAS_ONLY
acura.rdx.gen2.us.2018,acura_rdx_2018_can_generated.dbc,vehicle_can,GAS_SENSOR,0x201,INTERCEPTOR_GAS,,7,16,motorola,False,1.0,0.0,,VEHICLE_PROTOCOL_DOCUMENTED,UNKNOWN
acura.rdx.gen2.us.2018,acura_rdx_2018_can_generated.dbc,vehicle_can,GAS_SENSOR,0x201,INTERCEPTOR_GAS2,,23,16,motorola,False,1.0,0.0,,VEHICLE_PROTOCOL_DOCUMENTED,UNKNOWN
acura.rdx.gen2.us.2018,acura_rdx_2018_can_generated.dbc,vehicle_can,GAS_SENSOR,0x201,STATE,,39,4,motorola,False,1.0,0.0,,VEHICLE_PROTOCOL_DOCUMENTED,UNKNOWN
acura.rdx.gen2.us.2018,acura_rdx_2018_can_generated.dbc,vehicle_can,GAS_SENSOR,0x201,COUNTER_PEDAL,,35,4,motorola,False,1.0,0.0,,VEHICLE_PROTOCOL_DOCUMENTED,UNKNOWN
acura.rdx.gen2.us.2018,acura_rdx_2018_can_generated.dbc,vehicle_can,GAS_SENSOR,0x201,CHECKSUM_PEDAL,,47,8,motorola,False,1.0,0.0,,VEHICLE_PROTOCOL_DOCUMENTED,UNKNOWN
acura.rdx.gen2.us.2018,acura_rdx_2018_can_generated.dbc,vehicle_can,GAS_PEDAL_2,0x130,ENGINE_TORQUE_ESTIMATE,,7,16,motorola,True,1.0,0.0,Nm,VEHICLE_PROTOCOL_DOCUMENTED,POWERTRAIN_ONLY
acura.rdx.gen2.us.2018,acura_rdx_2018_can_generated.dbc,vehicle_can,GAS_PEDAL_2,0x130,ENGINE_TORQUE_REQUEST,,23,16,motorola,True,1.0,0.0,Nm,VEHICLE_PROTOCOL_DOCUMENTED,POWERTRAIN_ONLY
acura.rdx.gen2.us.2018,acura_rdx_2018_can_generated.dbc,vehicle_can,GAS_PEDAL_2,0x130,CAR_GAS,,39,8,motorola,False,1.0,0.0,,VEHICLE_PROTOCOL_DOCUMENTED,POWERTRAIN_ONLY
acura.rdx.gen2.us.2018,acura_rdx_2018_can_generated.dbc,vehicle_can,GAS_PEDAL_2,0x130,COUNTER,,61,2,motorola,False,1.0,0.0,,VEHICLE_PROTOCOL_DOCUMENTED,POWERTRAIN_ONLY
acura.rdx.gen2.us.2018,acura_rdx_2018_can_generated.dbc,vehicle_can,GAS_PEDAL_2,0x130,CHECKSUM,,59,4,motorola,False,1.0,0.0,,VEHICLE_PROTOCOL_DOCUMENTED,POWERTRAIN_ONLY
acura.rdx.gen2.us.2018,acura_rdx_2018_can_generated.dbc,vehicle_can,GAS_PEDAL,0x13c,CAR_GAS,,39,8,motorola,False,1.0,0.0,,VEHICLE_PROTOCOL_DOCUMENTED,POWERTRAIN_ONLY
acura.rdx.gen2.us.2018,acura_rdx_2018_can_generated.dbc,vehicle_can,GAS_PEDAL,0x13c,COUNTER,,61,2,motorola,False,1.0,0.0,,VEHICLE_PROTOCOL_DOCUMENTED,POWERTRAIN_ONLY
acura.rdx.gen2.us.2018,acura_rdx_2018_can_generated.dbc,vehicle_can,GAS_PEDAL,0x13c,CHECKSUM,,59,4,motorola,False,1.0,0.0,,VEHICLE_PROTOCOL_DOCUMENTED,POWERTRAIN_ONLY
acura.rdx.gen2.us.2018,acura_rdx_2018_can_generated.dbc,vehicle_can,ENGINE_DATA,0x158,XMISSION_SPEED,vehicle.speed,7,16,motorola,False,0.01,0.0,kph,CLUSTER_RELEVANT_SIGNAL_DOCUMENTED,DISPLAY_RELEVANT
acura.rdx.gen2.us.2018,acura_rdx_2018_can_generated.dbc,vehicle_can,ENGINE_DATA,0x158,ENGINE_RPM,powertrain.engine_rpm,23,16,motorola,False,1.0,0.0,rpm,CLUSTER_RELEVANT_SIGNAL_DOCUMENTED,DISPLAY_RELEVANT
acura.rdx.gen2.us.2018,acura_rdx_2018_can_generated.dbc,vehicle_can,ENGINE_DATA,0x158,XMISSION_SPEED2,,39,16,motorola,False,0.01,0.0,kph,VEHICLE_PROTOCOL_DOCUMENTED,DISPLAY_RELEVANT
acura.rdx.gen2.us.2018,acura_rdx_2018_can_generated.dbc,vehicle_can,ENGINE_DATA,0x158,ODOMETER,vehicle.odometer,55,8,motorola,False,10.0,0.0,m,CLUSTER_RELEVANT_SIGNAL_DOCUMENTED,DISPLAY_RELEVANT
acura.rdx.gen2.us.2018,acura_rdx_2018_can_generated.dbc,vehicle_can,ENGINE_DATA,0x158,COUNTER,,61,2,motorola,False,1.0,0.0,,VEHICLE_PROTOCOL_DOCUMENTED,DISPLAY_RELEVANT
acura.rdx.gen2.us.2018,acura_rdx_2018_can_generated.dbc,vehicle_can,ENGINE_DATA,0x158,CHECKSUM,,59,4,motorola,False,1.0,0.0,,VEHICLE_PROTOCOL_DOCUMENTED,DISPLAY_RELEVANT
acura.rdx.gen2.us.2018,acura_rdx_2018_can_generated.dbc,vehicle_can,POWERTRAIN_DATA,0x17c,PEDAL_GAS,powertrain.throttle_position,7,8,motorola,False,1.0,0.0,,VEHICLE_PROTOCOL_DOCUMENTED,DISPLAY_RELEVANT
acura.rdx.gen2.us.2018,acura_rdx_2018_can_generated.dbc,vehicle_can,POWERTRAIN_DATA,0x17c,ENGINE_RPM,powertrain.engine_rpm,23,16,motorola,False,1.0,0.0,rpm,CLUSTER_RELEVANT_SIGNAL_DOCUMENTED,DISPLAY_RELEVANT
acura.rdx.gen2.us.2018,acura_rdx_2018_can_generated.dbc,vehicle_can,POWERTRAIN_DATA,0x17c,GAS_PRESSED,,39,1,motorola,False,1.0,0.0,,VEHICLE_PROTOCOL_DOCUMENTED,DISPLAY_RELEVANT
acura.rdx.gen2.us.2018,acura_rdx_2018_can_generated.dbc,vehicle_can,POWERTRAIN_DATA,0x17c,ACC_STATUS,adas.acc_state,38,1,motorola,False,1.0,0.0,,VEHICLE_PROTOCOL_DOCUMENTED,DISPLAY_RELEVANT
acura.rdx.gen2.us.2018,acura_rdx_2018_can_generated.dbc,vehicle_can,POWERTRAIN_DATA,0x17c,BOH_17C,,37,5,motorola,False,1.0,0.0,,VEHICLE_PROTOCOL_DOCUMENTED,DISPLAY_RELEVANT
acura.rdx.gen2.us.2018,acura_rdx_2018_can_generated.dbc,vehicle_can,POWERTRAIN_DATA,0x17c,BRAKE_SWITCH,,32,1,motorola,False,1.0,0.0,,VEHICLE_PROTOCOL_DOCUMENTED,DISPLAY_RELEVANT
acura.rdx.gen2.us.2018,acura_rdx_2018_can_generated.dbc,vehicle_can,POWERTRAIN_DATA,0x17c,BOH2_17C,,47,10,motorola,False,1.0,0.0,,VEHICLE_PROTOCOL_DOCUMENTED,DISPLAY_RELEVANT
acura.rdx.gen2.us.2018,acura_rdx_2018_can_generated.dbc,vehicle_can,POWERTRAIN_DATA,0x17c,BRAKE_PRESSED,brakes.service_brake,53,1,motorola,False,1.0,0.0,,VEHICLE_PROTOCOL_DOCUMENTED,DISPLAY_RELEVANT
acura.rdx.gen2.us.2018,acura_rdx_2018_can_generated.dbc,vehicle_can,POWERTRAIN_DATA,0x17c,BOH3_17C,,52,5,motorola,False,1.0,0.0,,VEHICLE_PROTOCOL_DOCUMENTED,DISPLAY_RELEVANT
acura.rdx.gen2.us.2018,acura_rdx_2018_can_generated.dbc,vehicle_can,POWERTRAIN_DATA,0x17c,COUNTER,,61,2,motorola,False,1.0,0.0,,VEHICLE_PROTOCOL_DOCUMENTED,DISPLAY_RELEVANT
acura.rdx.gen2.us.2018,acura_rdx_2018_can_generated.dbc,vehicle_can,POWERTRAIN_DATA,0x17c,CHECKSUM,,59,4,motorola,False,1.0,0.0,,VEHICLE_PROTOCOL_DOCUMENTED,DISPLAY_RELEVANT
acura.rdx.gen2.us.2018,acura_rdx_2018_can_generated.dbc,vehicle_can,VSA_STATUS,0x1a4,USER_BRAKE,,7,16,motorola,False,0.015625,-1.609375,,VEHICLE_PROTOCOL_DOCUMENTED,DISPLAY_RELEVANT
acura.rdx.gen2.us.2018,acura_rdx_2018_can_generated.dbc,vehicle_can,VSA_STATUS,0x1a4,COMPUTER_BRAKING,,23,1,motorola,False,1.0,0.0,,VEHICLE_PROTOCOL_DOCUMENTED,DISPLAY_RELEVANT
acura.rdx.gen2.us.2018,acura_rdx_2018_can_generated.dbc,vehicle_can,VSA_STATUS,0x1a4,ESP_DISABLED,stability.vsa_warning,28,1,motorola,False,1.0,0.0,,CLUSTER_RELEVANT_SIGNAL_DOCUMENTED,DISPLAY_RELEVANT
acura.rdx.gen2.us.2018,acura_rdx_2018_can_generated.dbc,vehicle_can,VSA_STATUS,0x1a4,BRAKE_HOLD_RELATED,,52,1,motorola,False,1.0,0.0,,VEHICLE_PROTOCOL_DOCUMENTED,DISPLAY_RELEVANT
acura.rdx.gen2.us.2018,acura_rdx_2018_can_generated.dbc,vehicle_can,VSA_STATUS,0x1a4,BRAKE_HOLD_ACTIVE,,46,1,motorola,False,1.0,0.0,,VEHICLE_PROTOCOL_DOCUMENTED,DISPLAY_RELEVANT
acura.rdx.gen2.us.2018,acura_rdx_2018_can_generated.dbc,vehicle_can,VSA_STATUS,0x1a4,BRAKE_HOLD_ENABLED,,45,1,motorola,False,1.0,0.0,,VEHICLE_PROTOCOL_DOCUMENTED,DISPLAY_RELEVANT
acura.rdx.gen2.us.2018,acura_rdx_2018_can_generated.dbc,vehicle_can,VSA_STATUS,0x1a4,COUNTER,,61,2,motorola,False,1.0,0.0,,VEHICLE_PROTOCOL_DOCUMENTED,DISPLAY_RELEVANT
acura.rdx.gen2.us.2018,acura_rdx_2018_can_generated.dbc,vehicle_can,VSA_STATUS,0x1a4,CHECKSUM,,59,4,motorola,False,1.0,0.0,,VEHICLE_PROTOCOL_DOCUMENTED,DISPLAY_RELEVANT
acura.rdx.gen2.us.2018,acura_rdx_2018_can_generated.dbc,vehicle_can,STEER_MOTOR_TORQUE,0x1ab,CONFIG_VALID,,7,1,motorola,False,1.0,0.0,,VEHICLE_PROTOCOL_DOCUMENTED,UNKNOWN
acura.rdx.gen2.us.2018,acura_rdx_2018_can_generated.dbc,vehicle_can,STEER_MOTOR_TORQUE,0x1ab,MOTOR_TORQUE,,1,10,motorola,False,1.0,0.0,,VEHICLE_PROTOCOL_DOCUMENTED,UNKNOWN
acura.rdx.gen2.us.2018,acura_rdx_2018_can_generated.dbc,vehicle_can,STEER_MOTOR_TORQUE,0x1ab,OUTPUT_DISABLED,,22,1,motorola,False,1.0,0.0,,VEHICLE_PROTOCOL_DOCUMENTED,UNKNOWN
acura.rdx.gen2.us.2018,acura_rdx_2018_can_generated.dbc,vehicle_can,STEER_MOTOR_TORQUE,0x1ab,COUNTER,,21,2,motorola,False,1.0,0.0,,VEHICLE_PROTOCOL_DOCUMENTED,UNKNOWN
acura.rdx.gen2.us.2018,acura_rdx_2018_can_generated.dbc,vehicle_can,STEER_MOTOR_TORQUE,0x1ab,CHECKSUM,,19,4,motorola,False,1.0,0.0,,VEHICLE_PROTOCOL_DOCUMENTED,UNKNOWN
acura.rdx.gen2.us.2018,acura_rdx_2018_can_generated.dbc,vehicle_can,WHEEL_SPEEDS,0x1d0,WHEEL_SPEED_FL,,7,15,motorola,False,0.01,0.0,kph,VEHICLE_PROTOCOL_DOCUMENTED,POWERTRAIN_ONLY
acura.rdx.gen2.us.2018,acura_rdx_2018_can_generated.dbc,vehicle_can,WHEEL_SPEEDS,0x1d0,WHEEL_SPEED_FR,,8,15,motorola,False,0.01,0.0,kph,VEHICLE_PROTOCOL_DOCUMENTED,POWERTRAIN_ONLY
acura.rdx.gen2.us.2018,acura_rdx_2018_can_generated.dbc,vehicle_can,WHEEL_SPEEDS,0x1d0,WHEEL_SPEED_RL,,25,15,motorola,False,0.01,0.0,kph,VEHICLE_PROTOCOL_DOCUMENTED,POWERTRAIN_ONLY
acura.rdx.gen2.us.2018,acura_rdx_2018_can_generated.dbc,vehicle_can,WHEEL_SPEEDS,0x1d0,WHEEL_SPEED_RR,,42,15,motorola,False,0.01,0.0,kph,VEHICLE_PROTOCOL_DOCUMENTED,POWERTRAIN_ONLY
acura.rdx.gen2.us.2018,acura_rdx_2018_can_generated.dbc,vehicle_can,WHEEL_SPEEDS,0x1d0,CHECKSUM,,59,4,motorola,False,1.0,0.0,,VEHICLE_PROTOCOL_DOCUMENTED,POWERTRAIN_ONLY
acura.rdx.gen2.us.2018,acura_rdx_2018_can_generated.dbc,vehicle_can,VEHICLE_DYNAMICS,0x1ea,LAT_ACCEL,,7,16,motorola,True,0.0015,0.0,m/s2,VEHICLE_PROTOCOL_DOCUMENTED,UNKNOWN
acura.rdx.gen2.us.2018,acura_rdx_2018_can_generated.dbc,vehicle_can,VEHICLE_DYNAMICS,0x1ea,LONG_ACCEL,,23,16,motorola,True,0.0015,0.0,m/s2,VEHICLE_PROTOCOL_DOCUMENTED,UNKNOWN
acura.rdx.gen2.us.2018,acura_rdx_2018_can_generated.dbc,vehicle_can,VEHICLE_DYNAMICS,0x1ea,COUNTER,,61,2,motorola,False,1.0,0.0,,VEHICLE_PROTOCOL_DOCUMENTED,UNKNOWN
acura.rdx.gen2.us.2018,acura_rdx_2018_can_generated.dbc,vehicle_can,VEHICLE_DYNAMICS,0x1ea,CHECKSUM,,59,4,motorola,False,1.0,0.0,,VEHICLE_PROTOCOL_DOCUMENTED,UNKNOWN
acura.rdx.gen2.us.2018,acura_rdx_2018_can_generated.dbc,vehicle_can,SEATBELT_STATUS,0x305,SEATBELT_DRIVER_LAMP,,7,1,motorola,False,1.0,0.0,,VEHICLE_PROTOCOL_DOCUMENTED,DISPLAY_RELEVANT
acura.rdx.gen2.us.2018,acura_rdx_2018_can_generated.dbc,vehicle_can,SEATBELT_STATUS,0x305,SEATBELT_PASS_UNLATCHED,,10,1,motorola,False,1.0,0.0,,VEHICLE_PROTOCOL_DOCUMENTED,DISPLAY_RELEVANT
acura.rdx.gen2.us.2018,acura_rdx_2018_can_generated.dbc,vehicle_can,SEATBELT_STATUS,0x305,SEATBELT_PASS_LATCHED,safety.seatbelt_passenger,11,1,motorola,False,1.0,0.0,,VEHICLE_PROTOCOL_DOCUMENTED,DISPLAY_RELEVANT
acura.rdx.gen2.us.2018,acura_rdx_2018_can_generated.dbc,vehicle_can,SEATBELT_STATUS,0x305,SEATBELT_DRIVER_UNLATCHED,,12,1,motorola,False,1.0,0.0,,VEHICLE_PROTOCOL_DOCUMENTED,DISPLAY_RELEVANT
acura.rdx.gen2.us.2018,acura_rdx_2018_can_generated.dbc,vehicle_can,SEATBELT_STATUS,0x305,SEATBELT_DRIVER_LATCHED,safety.seatbelt_driver,13,1,motorola,False,1.0,0.0,,CLUSTER_RELEVANT_SIGNAL_DOCUMENTED,DISPLAY_RELEVANT
acura.rdx.gen2.us.2018,acura_rdx_2018_can_generated.dbc,vehicle_can,SEATBELT_STATUS,0x305,PASS_AIRBAG_OFF,,14,1,motorola,False,1.0,0.0,,VEHICLE_PROTOCOL_DOCUMENTED,DISPLAY_RELEVANT
acura.rdx.gen2.us.2018,acura_rdx_2018_can_generated.dbc,vehicle_can,SEATBELT_STATUS,0x305,PASS_AIRBAG_ON,,15,1,motorola,False,1.0,0.0,,VEHICLE_PROTOCOL_DOCUMENTED,DISPLAY_RELEVANT
acura.rdx.gen2.us.2018,acura_rdx_2018_can_generated.dbc,vehicle_can,SEATBELT_STATUS,0x305,COUNTER,,53,2,motorola,False,1.0,0.0,,VEHICLE_PROTOCOL_DOCUMENTED,DISPLAY_RELEVANT
acura.rdx.gen2.us.2018,acura_rdx_2018_can_generated.dbc,vehicle_can,SEATBELT_STATUS,0x305,CHECKSUM,,51,4,motorola,False,1.0,0.0,,VEHICLE_PROTOCOL_DOCUMENTED,DISPLAY_RELEVANT
acura.rdx.gen2.us.2018,acura_rdx_2018_can_generated.dbc,vehicle_can,CAR_SPEED,0x309,ROUGH_CAR_SPEED,,23,8,motorola,False,1.0,0.0,mph,VEHICLE_PROTOCOL_DOCUMENTED,DISPLAY_RELEVANT
acura.rdx.gen2.us.2018,acura_rdx_2018_can_generated.dbc,vehicle_can,CAR_SPEED,0x309,CAR_SPEED,vehicle.speed,7,16,motorola,False,0.01,0.0,kph,CLUSTER_RELEVANT_SIGNAL_DOCUMENTED,DISPLAY_RELEVANT
acura.rdx.gen2.us.2018,acura_rdx_2018_can_generated.dbc,vehicle_can,CAR_SPEED,0x309,ROUGH_CAR_SPEED_3,,39,16,motorola,False,0.01,0.0,kph,VEHICLE_PROTOCOL_DOCUMENTED,DISPLAY_RELEVANT
acura.rdx.gen2.us.2018,acura_rdx_2018_can_generated.dbc,vehicle_can,CAR_SPEED,0x309,ROUGH_CAR_SPEED_2,,31,8,motorola,False,1.0,0.0,mph,VEHICLE_PROTOCOL_DOCUMENTED,DISPLAY_RELEVANT
acura.rdx.gen2.us.2018,acura_rdx_2018_can_generated.dbc,vehicle_can,CAR_SPEED,0x309,LOCK_STATUS,,55,2,motorola,False,1.0,0.0,,VEHICLE_PROTOCOL_DOCUMENTED,DISPLAY_RELEVANT
acura.rdx.gen2.us.2018,acura_rdx_2018_can_generated.dbc,vehicle_can,CAR_SPEED,0x309,COUNTER,,61,2,motorola,False,1.0,0.0,,VEHICLE_PROTOCOL_DOCUMENTED,DISPLAY_RELEVANT
acura.rdx.gen2.us.2018,acura_rdx_2018_can_generated.dbc,vehicle_can,CAR_SPEED,0x309,CHECKSUM,,59,4,motorola,False,1.0,0.0,,VEHICLE_PROTOCOL_DOCUMENTED,DISPLAY_RELEVANT
acura.rdx.gen2.us.2018,acura_rdx_2018_can_generated.dbc,vehicle_can,CAR_SPEED,0x309,IMPERIAL_UNIT,,63,1,motorola,False,1.0,0.0,,VEHICLE_PROTOCOL_DOCUMENTED,DISPLAY_RELEVANT
acura.rdx.gen2.us.2018,acura_rdx_2018_can_generated.dbc,vehicle_can,ACC_HUD,0x30c,PCM_SPEED,,7,16,motorola,False,0.01,0.0,kph,VEHICLE_PROTOCOL_DOCUMENTED,ADAS_ONLY
acura.rdx.gen2.us.2018,acura_rdx_2018_can_generated.dbc,vehicle_can,ACC_HUD,0x30c,PCM_GAS,,23,8,motorola,False,1.0,0.0,,VEHICLE_PROTOCOL_DOCUMENTED,ADAS_ONLY
acura.rdx.gen2.us.2018,acura_rdx_2018_can_generated.dbc,vehicle_can,ACC_HUD,0x30c,CRUISE_SPEED,,31,8,motorola,False,1.0,0.0,kph,VEHICLE_PROTOCOL_DOCUMENTED,ADAS_ONLY
acura.rdx.gen2.us.2018,acura_rdx_2018_can_generated.dbc,vehicle_can,ACC_HUD,0x30c,DTC_MODE,,39,1,motorola,False,1.0,0.0,,VEHICLE_PROTOCOL_DOCUMENTED,ADAS_ONLY
acura.rdx.gen2.us.2018,acura_rdx_2018_can_generated.dbc,vehicle_can,ACC_HUD,0x30c,BOH,,38,1,motorola,False,1.0,0.0,,VEHICLE_PROTOCOL_DOCUMENTED,ADAS_ONLY
acura.rdx.gen2.us.2018,acura_rdx_2018_can_generated.dbc,vehicle_can,ACC_HUD,0x30c,ACC_PROBLEM,,37,1,motorola,False,1.0,0.0,,VEHICLE_PROTOCOL_DOCUMENTED,ADAS_ONLY
acura.rdx.gen2.us.2018,acura_rdx_2018_can_generated.dbc,vehicle_can,ACC_HUD,0x30c,FCM_OFF,,35,1,motorola,False,1.0,0.0,,VEHICLE_PROTOCOL_DOCUMENTED,ADAS_ONLY
acura.rdx.gen2.us.2018,acura_rdx_2018_can_generated.dbc,vehicle_can,ACC_HUD,0x30c,FCM_OFF_2,,36,1,motorola,False,1.0,0.0,,VEHICLE_PROTOCOL_DOCUMENTED,ADAS_ONLY
acura.rdx.gen2.us.2018,acura_rdx_2018_can_generated.dbc,vehicle_can,ACC_HUD,0x30c,FCM_PROBLEM,,34,1,motorola,False,1.0,0.0,,VEHICLE_PROTOCOL_DOCUMENTED,ADAS_ONLY
acura.rdx.gen2.us.2018,acura_rdx_2018_can_generated.dbc,vehicle_can,ACC_HUD,0x30c,RADAR_OBSTRUCTED,,33,1,motorola,False,1.0,0.0,,VEHICLE_PROTOCOL_DOCUMENTED,ADAS_ONLY
acura.rdx.gen2.us.2018,acura_rdx_2018_can_generated.dbc,vehicle_can,ACC_HUD,0x30c,ENABLE_MINI_CAR,,32,1,motorola,False,1.0,0.0,,VEHICLE_PROTOCOL_DOCUMENTED,ADAS_ONLY
acura.rdx.gen2.us.2018,acura_rdx_2018_can_generated.dbc,vehicle_can,ACC_HUD,0x30c,HUD_DISTANCE,,47,2,motorola,False,1.0,0.0,,VEHICLE_PROTOCOL_DOCUMENTED,ADAS_ONLY
acura.rdx.gen2.us.2018,acura_rdx_2018_can_generated.dbc,vehicle_can,ACC_HUD,0x30c,HUD_LEAD,,45,2,motorola,False,1.0,0.0,,VEHICLE_PROTOCOL_DOCUMENTED,ADAS_ONLY
acura.rdx.gen2.us.2018,acura_rdx_2018_can_generated.dbc,vehicle_can,ACC_HUD,0x30c,BOH_3,,43,1,motorola,False,1.0,0.0,,VEHICLE_PROTOCOL_DOCUMENTED,ADAS_ONLY
acura.rdx.gen2.us.2018,acura_rdx_2018_can_generated.dbc,vehicle_can,ACC_HUD,0x30c,BOH_4,,42,1,motorola,False,1.0,0.0,,VEHICLE_PROTOCOL_DOCUMENTED,ADAS_ONLY
acura.rdx.gen2.us.2018,acura_rdx_2018_can_generated.dbc,vehicle_can,ACC_HUD,0x30c,BOH_5,,41,1,motorola,False,1.0,0.0,,VEHICLE_PROTOCOL_DOCUMENTED,ADAS_ONLY
acura.rdx.gen2.us.2018,acura_rdx_2018_can_generated.dbc,vehicle_can,ACC_HUD,0x30c,CRUISE_CONTROL_LABEL,,40,1,motorola,False,1.0,0.0,,VEHICLE_PROTOCOL_DOCUMENTED,ADAS_ONLY
acura.rdx.gen2.us.2018,acura_rdx_2018_can_generated.dbc,vehicle_can,ACC_HUD,0x30c,SET_ME_X01_2,,55,1,motorola,False,1.0,0.0,,VEHICLE_PROTOCOL_DOCUMENTED,ADAS_ONLY
acura.rdx.gen2.us.2018,acura_rdx_2018_can_generated.dbc,vehicle_can,ACC_HUD,0x30c,IMPERIAL_UNIT,,54,1,motorola,False,1.0,0.0,,VEHICLE_PROTOCOL_DOCUMENTED,ADAS_ONLY
acura.rdx.gen2.us.2018,acura_rdx_2018_can_generated.dbc,vehicle_can,ACC_HUD,0x30c,ACC_ON,,52,1,motorola,False,1.0,0.0,,VEHICLE_PROTOCOL_DOCUMENTED,ADAS_ONLY
acura.rdx.gen2.us.2018,acura_rdx_2018_can_generated.dbc,vehicle_can,ACC_HUD,0x30c,CHIME,,51,3,motorola,False,1.0,0.0,,VEHICLE_PROTOCOL_DOCUMENTED,ADAS_ONLY
acura.rdx.gen2.us.2018,acura_rdx_2018_can_generated.dbc,vehicle_can,ACC_HUD,0x30c,SET_ME_X01,,48,1,motorola,False,1.0,0.0,,VEHICLE_PROTOCOL_DOCUMENTED,ADAS_ONLY
acura.rdx.gen2.us.2018,acura_rdx_2018_can_generated.dbc,vehicle_can,ACC_HUD,0x30c,ICONS,,63,2,motorola,False,1.0,0.0,,VEHICLE_PROTOCOL_DOCUMENTED,ADAS_ONLY
acura.rdx.gen2.us.2018,acura_rdx_2018_can_generated.dbc,vehicle_can,ACC_HUD,0x30c,COUNTER,,61,2,motorola,False,1.0,0.0,,VEHICLE_PROTOCOL_DOCUMENTED,ADAS_ONLY
acura.rdx.gen2.us.2018,acura_rdx_2018_can_generated.dbc,vehicle_can,ACC_HUD,0x30c,CHECKSUM,,59,4,motorola,False,1.0,0.0,,VEHICLE_PROTOCOL_DOCUMENTED,ADAS_ONLY
acura.rdx.gen2.us.2018,acura_rdx_2018_can_generated.dbc,vehicle_can,CRUISE,0x324,HUD_SPEED_KPH,,7,8,motorola,False,1.0,0.0,kph,VEHICLE_PROTOCOL_DOCUMENTED,POWERTRAIN_ONLY
acura.rdx.gen2.us.2018,acura_rdx_2018_can_generated.dbc,vehicle_can,CRUISE,0x324,HUD_SPEED_MPH,,15,8,motorola,False,1.0,0.0,mph,VEHICLE_PROTOCOL_DOCUMENTED,POWERTRAIN_ONLY
acura.rdx.gen2.us.2018,acura_rdx_2018_can_generated.dbc,vehicle_can,CRUISE,0x324,TRIP_FUEL_CONSUMED,,23,16,motorola,False,1.0,0.0,,VEHICLE_PROTOCOL_DOCUMENTED,POWERTRAIN_ONLY
acura.rdx.gen2.us.2018,acura_rdx_2018_can_generated.dbc,vehicle_can,CRUISE,0x324,CRUISE_SPEED_PCM,,39,8,motorola,False,1.0,0.0,,VEHICLE_PROTOCOL_DOCUMENTED,POWERTRAIN_ONLY
acura.rdx.gen2.us.2018,acura_rdx_2018_can_generated.dbc,vehicle_can,CRUISE,0x324,BOH2,,47,8,motorola,True,1.0,0.0,,VEHICLE_PROTOCOL_DOCUMENTED,POWERTRAIN_ONLY
acura.rdx.gen2.us.2018,acura_rdx_2018_can_generated.dbc,vehicle_can,CRUISE,0x324,BOH3,,55,8,motorola,False,1.0,0.0,,VEHICLE_PROTOCOL_DOCUMENTED,POWERTRAIN_ONLY
acura.rdx.gen2.us.2018,acura_rdx_2018_can_generated.dbc,vehicle_can,CRUISE,0x324,COUNTER,,61,2,motorola,False,1.0,0.0,,VEHICLE_PROTOCOL_DOCUMENTED,POWERTRAIN_ONLY
acura.rdx.gen2.us.2018,acura_rdx_2018_can_generated.dbc,vehicle_can,CRUISE,0x324,CHECKSUM,,59,4,motorola,False,1.0,0.0,,VEHICLE_PROTOCOL_DOCUMENTED,POWERTRAIN_ONLY
acura.rdx.gen2.us.2018,acura_rdx_2018_can_generated.dbc,vehicle_can,STALK_STATUS,0x374,DASHBOARD_ALERT,,39,8,motorola,False,1.0,0.0,,VEHICLE_PROTOCOL_DOCUMENTED,BODY_RELEVANT
acura.rdx.gen2.us.2018,acura_rdx_2018_can_generated.dbc,vehicle_can,STALK_STATUS,0x374,AUTO_HEADLIGHTS,,46,1,motorola,False,1.0,0.0,,VEHICLE_PROTOCOL_DOCUMENTED,BODY_RELEVANT
acura.rdx.gen2.us.2018,acura_rdx_2018_can_generated.dbc,vehicle_can,STALK_STATUS,0x374,HIGH_BEAM_HOLD,,47,1,motorola,False,1.0,0.0,,VEHICLE_PROTOCOL_DOCUMENTED,BODY_RELEVANT
acura.rdx.gen2.us.2018,acura_rdx_2018_can_generated.dbc,vehicle_can,STALK_STATUS,0x374,HIGH_BEAM_FLASH,,45,1,motorola,False,1.0,0.0,,VEHICLE_PROTOCOL_DOCUMENTED,BODY_RELEVANT
acura.rdx.gen2.us.2018,acura_rdx_2018_can_generated.dbc,vehicle_can,STALK_STATUS,0x374,HEADLIGHTS_ON,lighting.headlights_on,54,1,motorola,False,1.0,0.0,,VEHICLE_PROTOCOL_DOCUMENTED,BODY_RELEVANT
acura.rdx.gen2.us.2018,acura_rdx_2018_can_generated.dbc,vehicle_can,STALK_STATUS,0x374,WIPER_SWITCH,,53,2,motorola,False,1.0,0.0,,VEHICLE_PROTOCOL_DOCUMENTED,BODY_RELEVANT
acura.rdx.gen2.us.2018,acura_rdx_2018_can_generated.dbc,vehicle_can,STALK_STATUS,0x374,COUNTER,,61,2,motorola,False,1.0,0.0,,VEHICLE_PROTOCOL_DOCUMENTED,BODY_RELEVANT
acura.rdx.gen2.us.2018,acura_rdx_2018_can_generated.dbc,vehicle_can,STALK_STATUS,0x374,CHECKSUM,,59,4,motorola,False,1.0,0.0,,VEHICLE_PROTOCOL_DOCUMENTED,BODY_RELEVANT
acura.rdx.gen2.us.2018,acura_rdx_2018_can_generated.dbc,vehicle_can,STALK_STATUS_2,0x37b,WIPERS,,17,2,motorola,False,1.0,0.0,,VEHICLE_PROTOCOL_DOCUMENTED,DISPLAY_RELEVANT
acura.rdx.gen2.us.2018,acura_rdx_2018_can_generated.dbc,vehicle_can,STALK_STATUS_2,0x37b,LOW_BEAMS,lighting.low_beam,35,1,motorola,False,1.0,0.0,,CLUSTER_RELEVANT_SIGNAL_DOCUMENTED,DISPLAY_RELEVANT
acura.rdx.gen2.us.2018,acura_rdx_2018_can_generated.dbc,vehicle_can,STALK_STATUS_2,0x37b,HIGH_BEAMS,lighting.high_beam,34,1,motorola,False,1.0,0.0,,CLUSTER_RELEVANT_SIGNAL_DOCUMENTED,DISPLAY_RELEVANT
acura.rdx.gen2.us.2018,acura_rdx_2018_can_generated.dbc,vehicle_can,STALK_STATUS_2,0x37b,PARK_LIGHTS,,36,1,motorola,False,1.0,0.0,,VEHICLE_PROTOCOL_DOCUMENTED,DISPLAY_RELEVANT
acura.rdx.gen2.us.2018,acura_rdx_2018_can_generated.dbc,vehicle_can,STALK_STATUS_2,0x37b,COUNTER,,61,2,motorola,False,1.0,0.0,,VEHICLE_PROTOCOL_DOCUMENTED,DISPLAY_RELEVANT
acura.rdx.gen2.us.2018,acura_rdx_2018_can_generated.dbc,vehicle_can,STALK_STATUS_2,0x37b,CHECKSUM,,59,4,motorola,False,1.0,0.0,,VEHICLE_PROTOCOL_DOCUMENTED,DISPLAY_RELEVANT
acura.rdx.gen2.us.2018,acura_rdx_2018_can_generated.dbc,vehicle_can,DOORS_STATUS,0x405,DOOR_OPEN_FL,body.driver_door,37,1,motorola,False,1.0,0.0,,CLUSTER_RELEVANT_SIGNAL_DOCUMENTED,DISPLAY_RELEVANT
acura.rdx.gen2.us.2018,acura_rdx_2018_can_generated.dbc,vehicle_can,DOORS_STATUS,0x405,DOOR_OPEN_FR,body.passenger_door,38,1,motorola,False,1.0,0.0,,CLUSTER_RELEVANT_SIGNAL_DOCUMENTED,DISPLAY_RELEVANT
acura.rdx.gen2.us.2018,acura_rdx_2018_can_generated.dbc,vehicle_can,DOORS_STATUS,0x405,DOOR_OPEN_RL,body.rear_left_door,39,1,motorola,False,1.0,0.0,,VEHICLE_PROTOCOL_DOCUMENTED,DISPLAY_RELEVANT
acura.rdx.gen2.us.2018,acura_rdx_2018_can_generated.dbc,vehicle_can,DOORS_STATUS,0x405,DOOR_OPEN_RR,body.rear_right_door,40,1,motorola,False,1.0,0.0,,VEHICLE_PROTOCOL_DOCUMENTED,DISPLAY_RELEVANT
acura.rdx.gen2.us.2018,acura_rdx_2018_can_generated.dbc,vehicle_can,DOORS_STATUS,0x405,TRUNK_OPEN,body.trunk,41,1,motorola,False,1.0,0.0,,CLUSTER_RELEVANT_SIGNAL_DOCUMENTED,DISPLAY_RELEVANT
acura.rdx.gen2.us.2018,acura_rdx_2018_can_generated.dbc,vehicle_can,DOORS_STATUS,0x405,COUNTER,,61,2,motorola,False,1.0,0.0,,VEHICLE_PROTOCOL_DOCUMENTED,DISPLAY_RELEVANT
acura.rdx.gen2.us.2018,acura_rdx_2018_can_generated.dbc,vehicle_can,DOORS_STATUS,0x405,CHECKSUM,,59,4,motorola,False,1.0,0.0,,VEHICLE_PROTOCOL_DOCUMENTED,DISPLAY_RELEVANT
acura.rdx.gen2.us.2018,acura_rdx_2018_can_generated.dbc,vehicle_can,KINEMATICS,0x91,LAT_ACCEL,,7,10,motorola,False,0.02,-512.0,m/s2,VEHICLE_PROTOCOL_DOCUMENTED,UNKNOWN
acura.rdx.gen2.us.2018,acura_rdx_2018_can_generated.dbc,vehicle_can,KINEMATICS,0x91,COUNTER,,61,2,motorola,False,1.0,0.0,,VEHICLE_PROTOCOL_DOCUMENTED,UNKNOWN
acura.rdx.gen2.us.2018,acura_rdx_2018_can_generated.dbc,vehicle_can,KINEMATICS,0x91,CHECKSUM,,59,4,motorola,False,1.0,0.0,,VEHICLE_PROTOCOL_DOCUMENTED,UNKNOWN
acura.rdx.gen2.us.2018,acura_rdx_2018_can_generated.dbc,vehicle_can,KINEMATICS_ALT,0x94,LAT_ACCEL,,7,10,motorola,False,0.02,-512.0,m/s2,VEHICLE_PROTOCOL_DOCUMENTED,UNKNOWN
acura.rdx.gen2.us.2018,acura_rdx_2018_can_generated.dbc,vehicle_can,KINEMATICS_ALT,0x94,LONG_ACCEL,,24,9,motorola,True,-0.02,0.0,m/s2,VEHICLE_PROTOCOL_DOCUMENTED,UNKNOWN
acura.rdx.gen2.us.2018,acura_rdx_2018_can_generated.dbc,vehicle_can,KINEMATICS_ALT,0x94,CHECKSUM,,59,4,motorola,False,1.0,0.0,,VEHICLE_PROTOCOL_DOCUMENTED,UNKNOWN
acura.rdx.gen2.us.2018,acura_rdx_2018_can_generated.dbc,vehicle_can,KINEMATICS_ALT,0x94,COUNTER,,61,2,motorola,False,1.0,0.0,,VEHICLE_PROTOCOL_DOCUMENTED,UNKNOWN
acura.rdx.gen2.us.2018,acura_rdx_2018_can_generated.dbc,vehicle_can,STANDSTILL,0x1b0,CONTROLLED_STANDSTILL,,0,1,motorola,False,1.0,0.0,,VEHICLE_PROTOCOL_DOCUMENTED,POWERTRAIN_ONLY
acura.rdx.gen2.us.2018,acura_rdx_2018_can_generated.dbc,vehicle_can,STANDSTILL,0x1b0,WHEELS_MOVING,,12,1,motorola,False,1.0,0.0,,VEHICLE_PROTOCOL_DOCUMENTED,POWERTRAIN_ONLY
acura.rdx.gen2.us.2018,acura_rdx_2018_can_generated.dbc,vehicle_can,STANDSTILL,0x1b0,BRAKE_ERROR_1,,11,1,motorola,False,1.0,0.0,,VEHICLE_PROTOCOL_DOCUMENTED,POWERTRAIN_ONLY
acura.rdx.gen2.us.2018,acura_rdx_2018_can_generated.dbc,vehicle_can,STANDSTILL,0x1b0,BRAKE_ERROR_2,,9,1,motorola,False,1.0,0.0,,VEHICLE_PROTOCOL_DOCUMENTED,POWERTRAIN_ONLY
acura.rdx.gen2.us.2018,acura_rdx_2018_can_generated.dbc,vehicle_can,STANDSTILL,0x1b0,COUNTER,,53,2,motorola,False,1.0,0.0,,VEHICLE_PROTOCOL_DOCUMENTED,POWERTRAIN_ONLY
acura.rdx.gen2.us.2018,acura_rdx_2018_can_generated.dbc,vehicle_can,STANDSTILL,0x1b0,CHECKSUM,,51,4,motorola,False,1.0,0.0,,VEHICLE_PROTOCOL_DOCUMENTED,POWERTRAIN_ONLY
acura.rdx.gen2.us.2018,acura_rdx_2018_can_generated.dbc,vehicle_can,BRAKE_PRESSURE,0x1e7,BRAKE_PRESSURE1,,7,10,motorola,False,0.015625,-103.0,,VEHICLE_PROTOCOL_DOCUMENTED,UNKNOWN
acura.rdx.gen2.us.2018,acura_rdx_2018_can_generated.dbc,vehicle_can,BRAKE_PRESSURE,0x1e7,BRAKE_PRESSURE2,,9,10,motorola,False,0.015625,-103.0,,VEHICLE_PROTOCOL_DOCUMENTED,UNKNOWN
acura.rdx.gen2.us.2018,acura_rdx_2018_can_generated.dbc,vehicle_can,BRAKE_PRESSURE,0x1e7,CHECKSUM,,27,4,motorola,False,1.0,0.0,,VEHICLE_PROTOCOL_DOCUMENTED,UNKNOWN
acura.rdx.gen2.us.2018,acura_rdx_2018_can_generated.dbc,vehicle_can,BRAKE_PRESSURE,0x1e7,COUNTER,,29,2,motorola,False,1.0,0.0,,VEHICLE_PROTOCOL_DOCUMENTED,UNKNOWN
acura.rdx.gen2.us.2018,acura_rdx_2018_can_generated.dbc,vehicle_can,BRAKE_COMMAND,0x1fa,COMPUTER_BRAKE,,7,10,motorola,False,1.0,0.0,,VEHICLE_PROTOCOL_DOCUMENTED,ADAS_ONLY
acura.rdx.gen2.us.2018,acura_rdx_2018_can_generated.dbc,vehicle_can,BRAKE_COMMAND,0x1fa,BRAKE_PUMP_REQUEST,,8,1,motorola,False,1.0,0.0,,VEHICLE_PROTOCOL_DOCUMENTED,ADAS_ONLY
acura.rdx.gen2.us.2018,acura_rdx_2018_can_generated.dbc,vehicle_can,BRAKE_COMMAND,0x1fa,BRAKE_PUMP_REQUEST_ALT,,11,1,motorola,False,1.0,0.0,,VEHICLE_PROTOCOL_DOCUMENTED,ADAS_ONLY
acura.rdx.gen2.us.2018,acura_rdx_2018_can_generated.dbc,vehicle_can,BRAKE_COMMAND,0x1fa,SET_ME_X00,,23,3,motorola,False,1.0,0.0,,VEHICLE_PROTOCOL_DOCUMENTED,ADAS_ONLY
acura.rdx.gen2.us.2018,acura_rdx_2018_can_generated.dbc,vehicle_can,BRAKE_COMMAND,0x1fa,CRUISE_OVERRIDE,,20,1,motorola,False,1.0,0.0,,VEHICLE_PROTOCOL_DOCUMENTED,ADAS_ONLY
acura.rdx.gen2.us.2018,acura_rdx_2018_can_generated.dbc,vehicle_can,BRAKE_COMMAND,0x1fa,SET_ME_X00_2,,19,1,motorola,False,1.0,0.0,,VEHICLE_PROTOCOL_DOCUMENTED,ADAS_ONLY
acura.rdx.gen2.us.2018,acura_rdx_2018_can_generated.dbc,vehicle_can,BRAKE_COMMAND,0x1fa,CRUISE_FAULT_CMD,,18,1,motorola,False,1.0,0.0,,VEHICLE_PROTOCOL_DOCUMENTED,ADAS_ONLY
acura.rdx.gen2.us.2018,acura_rdx_2018_can_generated.dbc,vehicle_can,BRAKE_COMMAND,0x1fa,CRUISE_CANCEL_CMD,,17,1,motorola,False,1.0,0.0,,VEHICLE_PROTOCOL_DOCUMENTED,ADAS_ONLY
acura.rdx.gen2.us.2018,acura_rdx_2018_can_generated.dbc,vehicle_can,BRAKE_COMMAND,0x1fa,COMPUTER_BRAKE_REQUEST,,16,1,motorola,False,1.0,0.0,,VEHICLE_PROTOCOL_DOCUMENTED,ADAS_ONLY
acura.rdx.gen2.us.2018,acura_rdx_2018_can_generated.dbc,vehicle_can,BRAKE_COMMAND,0x1fa,SET_ME_1,,31,1,motorola,False,1.0,0.0,,VEHICLE_PROTOCOL_DOCUMENTED,ADAS_ONLY
acura.rdx.gen2.us.2018,acura_rdx_2018_can_generated.dbc,vehicle_can,BRAKE_COMMAND,0x1fa,AEB_REQ_1,,29,1,motorola,False,1.0,0.0,,VEHICLE_PROTOCOL_DOCUMENTED,ADAS_ONLY
acura.rdx.gen2.us.2018,acura_rdx_2018_can_generated.dbc,vehicle_can,BRAKE_COMMAND,0x1fa,AEB_REQ_2,,26,3,motorola,False,1.0,0.0,,VEHICLE_PROTOCOL_DOCUMENTED,ADAS_ONLY
acura.rdx.gen2.us.2018,acura_rdx_2018_can_generated.dbc,vehicle_can,BRAKE_COMMAND,0x1fa,BRAKE_LIGHTS,,39,1,motorola,False,1.0,0.0,,VEHICLE_PROTOCOL_DOCUMENTED,ADAS_ONLY
acura.rdx.gen2.us.2018,acura_rdx_2018_can_generated.dbc,vehicle_can,BRAKE_COMMAND,0x1fa,CRUISE_STATES,,38,7,motorola,False,1.0,0.0,,VEHICLE_PROTOCOL_DOCUMENTED,ADAS_ONLY
acura.rdx.gen2.us.2018,acura_rdx_2018_can_generated.dbc,vehicle_can,BRAKE_COMMAND,0x1fa,CHIME,,47,3,motorola,False,1.0,0.0,,VEHICLE_PROTOCOL_DOCUMENTED,ADAS_ONLY
acura.rdx.gen2.us.2018,acura_rdx_2018_can_generated.dbc,vehicle_can,BRAKE_COMMAND,0x1fa,SET_ME_X00_3,,44,1,motorola,False,1.0,0.0,,VEHICLE_PROTOCOL_DOCUMENTED,ADAS_ONLY
acura.rdx.gen2.us.2018,acura_rdx_2018_can_generated.dbc,vehicle_can,BRAKE_COMMAND,0x1fa,FCW,,43,2,motorola,False,1.0,0.0,,VEHICLE_PROTOCOL_DOCUMENTED,ADAS_ONLY
acura.rdx.gen2.us.2018,acura_rdx_2018_can_generated.dbc,vehicle_can,BRAKE_COMMAND,0x1fa,AEB_STATUS,,41,2,motorola,False,1.0,0.0,,VEHICLE_PROTOCOL_DOCUMENTED,ADAS_ONLY
acura.rdx.gen2.us.2018,acura_rdx_2018_can_generated.dbc,vehicle_can,BRAKE_COMMAND,0x1fa,COMPUTER_BRAKE_ALT,,55,10,motorola,False,1.0,0.0,,VEHICLE_PROTOCOL_DOCUMENTED,ADAS_ONLY
acura.rdx.gen2.us.2018,acura_rdx_2018_can_generated.dbc,vehicle_can,BRAKE_COMMAND,0x1fa,COUNTER,,61,2,motorola,False,1.0,0.0,,VEHICLE_PROTOCOL_DOCUMENTED,ADAS_ONLY
acura.rdx.gen2.us.2018,acura_rdx_2018_can_generated.dbc,vehicle_can,BRAKE_COMMAND,0x1fa,CHECKSUM,,59,4,motorola,False,1.0,0.0,,VEHICLE_PROTOCOL_DOCUMENTED,ADAS_ONLY
acura.rdx.gen2.us.2018,acura_rdx_2018_can_generated.dbc,vehicle_can,ROUGH_WHEEL_SPEED,0x255,WHEEL_SPEED_FL,,7,8,motorola,False,1.0,0.0,mph,VEHICLE_PROTOCOL_DOCUMENTED,POWERTRAIN_ONLY
acura.rdx.gen2.us.2018,acura_rdx_2018_can_generated.dbc,vehicle_can,ROUGH_WHEEL_SPEED,0x255,WHEEL_SPEED_FR,,15,8,motorola,False,1.0,0.0,mph,VEHICLE_PROTOCOL_DOCUMENTED,POWERTRAIN_ONLY
acura.rdx.gen2.us.2018,acura_rdx_2018_can_generated.dbc,vehicle_can,ROUGH_WHEEL_SPEED,0x255,WHEEL_SPEED_RL,,23,8,motorola,False,1.0,0.0,mph,VEHICLE_PROTOCOL_DOCUMENTED,POWERTRAIN_ONLY
acura.rdx.gen2.us.2018,acura_rdx_2018_can_generated.dbc,vehicle_can,ROUGH_WHEEL_SPEED,0x255,WHEEL_SPEED_RR,,31,8,motorola,False,1.0,0.0,mph,VEHICLE_PROTOCOL_DOCUMENTED,POWERTRAIN_ONLY
acura.rdx.gen2.us.2018,acura_rdx_2018_can_generated.dbc,vehicle_can,ROUGH_WHEEL_SPEED,0x255,SET_TO_X55,,39,8,motorola,False,1.0,0.0,,VEHICLE_PROTOCOL_DOCUMENTED,POWERTRAIN_ONLY
acura.rdx.gen2.us.2018,acura_rdx_2018_can_generated.dbc,vehicle_can,ROUGH_WHEEL_SPEED,0x255,SET_TO_X55_2,,47,8,motorola,False,1.0,0.0,,VEHICLE_PROTOCOL_DOCUMENTED,POWERTRAIN_ONLY
acura.rdx.gen2.us.2018,acura_rdx_2018_can_generated.dbc,vehicle_can,ROUGH_WHEEL_SPEED,0x255,COUNTER,,61,2,motorola,False,1.0,0.0,,VEHICLE_PROTOCOL_DOCUMENTED,POWERTRAIN_ONLY
acura.rdx.gen2.us.2018,acura_rdx_2018_can_generated.dbc,vehicle_can,ROUGH_WHEEL_SPEED,0x255,CHECKSUM,,59,4,motorola,False,1.0,0.0,,VEHICLE_PROTOCOL_DOCUMENTED,POWERTRAIN_ONLY
acura.rdx.gen2.us.2018,acura_rdx_2018_can_generated.dbc,vehicle_can,LKAS_HUD,0x33d,CAM_TEMP_HIGH,,7,1,motorola,False,1.0,0.0,,VEHICLE_PROTOCOL_DOCUMENTED,ADAS_ONLY
acura.rdx.gen2.us.2018,acura_rdx_2018_can_generated.dbc,vehicle_can,LKAS_HUD,0x33d,SET_ME_X41,,6,7,motorola,False,1.0,0.0,,VEHICLE_PROTOCOL_DOCUMENTED,ADAS_ONLY
acura.rdx.gen2.us.2018,acura_rdx_2018_can_generated.dbc,vehicle_can,LKAS_HUD,0x33d,BOH,,6,7,motorola,False,1.0,0.0,,VEHICLE_PROTOCOL_DOCUMENTED,ADAS_ONLY
acura.rdx.gen2.us.2018,acura_rdx_2018_can_generated.dbc,vehicle_can,LKAS_HUD,0x33d,DASHED_LANES,,14,1,motorola,False,1.0,0.0,,VEHICLE_PROTOCOL_DOCUMENTED,ADAS_ONLY
acura.rdx.gen2.us.2018,acura_rdx_2018_can_generated.dbc,vehicle_can,LKAS_HUD,0x33d,DTC,,13,1,motorola,False,1.0,0.0,,VEHICLE_PROTOCOL_DOCUMENTED,ADAS_ONLY
acura.rdx.gen2.us.2018,acura_rdx_2018_can_generated.dbc,vehicle_can,LKAS_HUD,0x33d,LKAS_PROBLEM,,12,1,motorola,False,1.0,0.0,,VEHICLE_PROTOCOL_DOCUMENTED,ADAS_ONLY
acura.rdx.gen2.us.2018,acura_rdx_2018_can_generated.dbc,vehicle_can,LKAS_HUD,0x33d,LKAS_OFF,,11,1,motorola,False,1.0,0.0,,VEHICLE_PROTOCOL_DOCUMENTED,ADAS_ONLY
acura.rdx.gen2.us.2018,acura_rdx_2018_can_generated.dbc,vehicle_can,LKAS_HUD,0x33d,SOLID_LANES,,10,1,motorola,False,1.0,0.0,,VEHICLE_PROTOCOL_DOCUMENTED,ADAS_ONLY
acura.rdx.gen2.us.2018,acura_rdx_2018_can_generated.dbc,vehicle_can,LKAS_HUD,0x33d,LDW_RIGHT,,9,1,motorola,False,1.0,0.0,,VEHICLE_PROTOCOL_DOCUMENTED,ADAS_ONLY
acura.rdx.gen2.us.2018,acura_rdx_2018_can_generated.dbc,vehicle_can,LKAS_HUD,0x33d,STEERING_REQUIRED,,8,1,motorola,False,1.0,0.0,,VEHICLE_PROTOCOL_DOCUMENTED,ADAS_ONLY
acura.rdx.gen2.us.2018,acura_rdx_2018_can_generated.dbc,vehicle_can,LKAS_HUD,0x33d,BOH_2,,23,2,motorola,False,1.0,0.0,,VEHICLE_PROTOCOL_DOCUMENTED,ADAS_ONLY
acura.rdx.gen2.us.2018,acura_rdx_2018_can_generated.dbc,vehicle_can,LKAS_HUD,0x33d,LDW_PROBLEM,,21,1,motorola,False,1.0,0.0,,VEHICLE_PROTOCOL_DOCUMENTED,ADAS_ONLY
acura.rdx.gen2.us.2018,acura_rdx_2018_can_generated.dbc,vehicle_can,LKAS_HUD,0x33d,BEEP,,17,2,motorola,False,1.0,0.0,,VEHICLE_PROTOCOL_DOCUMENTED,ADAS_ONLY
acura.rdx.gen2.us.2018,acura_rdx_2018_can_generated.dbc,vehicle_can,LKAS_HUD,0x33d,LDW_ON,,28,1,motorola,False,1.0,0.0,,VEHICLE_PROTOCOL_DOCUMENTED,ADAS_ONLY
acura.rdx.gen2.us.2018,acura_rdx_2018_can_generated.dbc,vehicle_can,LKAS_HUD,0x33d,LDW_OFF,,27,1,motorola,False,1.0,0.0,,VEHICLE_PROTOCOL_DOCUMENTED,ADAS_ONLY
acura.rdx.gen2.us.2018,acura_rdx_2018_can_generated.dbc,vehicle_can,LKAS_HUD,0x33d,CLEAN_WINDSHIELD,,26,1,motorola,False,1.0,0.0,,VEHICLE_PROTOCOL_DOCUMENTED,ADAS_ONLY
acura.rdx.gen2.us.2018,acura_rdx_2018_can_generated.dbc,vehicle_can,LKAS_HUD,0x33d,SET_ME_X48,,31,8,motorola,False,1.0,0.0,,VEHICLE_PROTOCOL_DOCUMENTED,ADAS_ONLY
acura.rdx.gen2.us.2018,acura_rdx_2018_can_generated.dbc,vehicle_can,LKAS_HUD,0x33d,COUNTER,,37,2,motorola,False,1.0,0.0,,VEHICLE_PROTOCOL_DOCUMENTED,ADAS_ONLY
acura.rdx.gen2.us.2018,acura_rdx_2018_can_generated.dbc,vehicle_can,LKAS_HUD,0x33d,CHECKSUM,,35,4,motorola,False,1.0,0.0,,VEHICLE_PROTOCOL_DOCUMENTED,ADAS_ONLY
acura.rdx.gen2.us.2018,acura_rdx_2018_can_generated.dbc,vehicle_can,CRUISE_PARAMS,0x37c,CRUISE_SPEED_OFFSET,,31,8,motorola,True,0.1,0.0,kph,VEHICLE_PROTOCOL_DOCUMENTED,POWERTRAIN_ONLY
acura.rdx.gen2.us.2018,acura_rdx_2018_can_generated.dbc,vehicle_can,CRUISE_PARAMS,0x37c,CHECKSUM,,59,4,motorola,False,1.0,0.0,,VEHICLE_PROTOCOL_DOCUMENTED,POWERTRAIN_ONLY
acura.rdx.gen2.us.2018,acura_rdx_2018_can_generated.dbc,vehicle_can,CRUISE_PARAMS,0x37c,COUNTER,,61,2,motorola,False,1.0,0.0,,VEHICLE_PROTOCOL_DOCUMENTED,POWERTRAIN_ONLY
acura.rdx.gen2.us.2018,acura_rdx_2018_can_generated.dbc,vehicle_can,STEERING_SENSORS,0x156,STEER_ANGLE,chassis.steering_angle,7,16,motorola,True,-0.1,0.0,deg,VEHICLE_PROTOCOL_DOCUMENTED,UNKNOWN
acura.rdx.gen2.us.2018,acura_rdx_2018_can_generated.dbc,vehicle_can,STEERING_SENSORS,0x156,STEER_ANGLE_RATE,,23,16,motorola,True,-1.0,0.0,deg/s,VEHICLE_PROTOCOL_DOCUMENTED,UNKNOWN
acura.rdx.gen2.us.2018,acura_rdx_2018_can_generated.dbc,vehicle_can,STEERING_SENSORS,0x156,COUNTER,,45,2,motorola,False,1.0,0.0,,VEHICLE_PROTOCOL_DOCUMENTED,UNKNOWN
acura.rdx.gen2.us.2018,acura_rdx_2018_can_generated.dbc,vehicle_can,STEERING_SENSORS,0x156,CHECKSUM,,43,4,motorola,False,1.0,0.0,,VEHICLE_PROTOCOL_DOCUMENTED,UNKNOWN
acura.rdx.gen2.us.2018,acura_rdx_2018_can_generated.dbc,vehicle_can,GEARBOX,0x188,CHECKSUM,,43,4,motorola,False,1.0,0.0,,VEHICLE_PROTOCOL_DOCUMENTED,DISPLAY_RELEVANT
acura.rdx.gen2.us.2018,acura_rdx_2018_can_generated.dbc,vehicle_can,GEARBOX,0x188,COUNTER,,45,2,motorola,False,1.0,0.0,,VEHICLE_PROTOCOL_DOCUMENTED,DISPLAY_RELEVANT
acura.rdx.gen2.us.2018,acura_rdx_2018_can_generated.dbc,vehicle_can,GEARBOX,0x188,GEAR_SHIFTER,transmission.gear,27,4,motorola,False,1.0,0.0,,CLUSTER_RELEVANT_SIGNAL_DOCUMENTED,DISPLAY_RELEVANT
acura.rdx.gen2.us.2018,acura_rdx_2018_can_generated.dbc,vehicle_can,GEARBOX,0x188,GEAR,,36,5,motorola,False,1.0,0.0,,VEHICLE_PROTOCOL_DOCUMENTED,DISPLAY_RELEVANT
acura.rdx.gen2.us.2018,acura_rdx_2018_can_generated.dbc,vehicle_can,STEER_STATUS,0x18f,STEER_TORQUE_SENSOR,,7,12,motorola,True,-1.0,0.0,tbd,VEHICLE_PROTOCOL_DOCUMENTED,UNKNOWN
acura.rdx.gen2.us.2018,acura_rdx_2018_can_generated.dbc,vehicle_can,STEER_STATUS,0x18f,STEER_ANGLE_RATE,,23,16,motorola,True,-0.1,0.0,deg/s,VEHICLE_PROTOCOL_DOCUMENTED,UNKNOWN
acura.rdx.gen2.us.2018,acura_rdx_2018_can_generated.dbc,vehicle_can,STEER_STATUS,0x18f,STEER_STATUS,,35,4,motorola,False,1.0,0.0,,VEHICLE_PROTOCOL_DOCUMENTED,UNKNOWN
acura.rdx.gen2.us.2018,acura_rdx_2018_can_generated.dbc,vehicle_can,STEER_STATUS,0x18f,STEER_CONTROL_ACTIVE,,36,1,motorola,False,1.0,0.0,,VEHICLE_PROTOCOL_DOCUMENTED,UNKNOWN
acura.rdx.gen2.us.2018,acura_rdx_2018_can_generated.dbc,vehicle_can,STEER_STATUS,0x18f,COUNTER,,45,2,motorola,False,1.0,0.0,,VEHICLE_PROTOCOL_DOCUMENTED,UNKNOWN
acura.rdx.gen2.us.2018,acura_rdx_2018_can_generated.dbc,vehicle_can,STEER_STATUS,0x18f,CHECKSUM,,43,4,motorola,False,1.0,0.0,,VEHICLE_PROTOCOL_DOCUMENTED,UNKNOWN
acura.rdx.gen2.us.2018,acura_rdx_2018_can_generated.dbc,vehicle_can,STEERING_CONTROL,0x194,STEER_TORQUE,,7,12,motorola,True,1.0,0.0,,VEHICLE_PROTOCOL_DOCUMENTED,ADAS_ONLY
acura.rdx.gen2.us.2018,acura_rdx_2018_can_generated.dbc,vehicle_can,STEERING_CONTROL,0x194,SET_ME_X00,,22,7,motorola,False,1.0,0.0,,VEHICLE_PROTOCOL_DOCUMENTED,ADAS_ONLY
acura.rdx.gen2.us.2018,acura_rdx_2018_can_generated.dbc,vehicle_can,STEERING_CONTROL,0x194,STEER_TORQUE_REQUEST,,23,1,motorola,False,1.0,0.0,,VEHICLE_PROTOCOL_DOCUMENTED,ADAS_ONLY
acura.rdx.gen2.us.2018,acura_rdx_2018_can_generated.dbc,vehicle_can,STEERING_CONTROL,0x194,COUNTER,,29,2,motorola,False,1.0,0.0,,VEHICLE_PROTOCOL_DOCUMENTED,ADAS_ONLY
acura.rdx.gen2.us.2018,acura_rdx_2018_can_generated.dbc,vehicle_can,STEERING_CONTROL,0x194,CHECKSUM,,27,4,motorola,False,1.0,0.0,,VEHICLE_PROTOCOL_DOCUMENTED,ADAS_ONLY
acura.rdx.gen2.us.2018,acura_rdx_2018_can_generated.dbc,vehicle_can,SCM_BUTTONS,0x1a6,CRUISE_BUTTONS,,7,3,motorola,False,1.0,0.0,,VEHICLE_PROTOCOL_DOCUMENTED,BODY_RELEVANT
acura.rdx.gen2.us.2018,acura_rdx_2018_can_generated.dbc,vehicle_can,SCM_BUTTONS,0x1a6,LIGHTS_SETTING,,1,2,motorola,False,1.0,0.0,,VEHICLE_PROTOCOL_DOCUMENTED,BODY_RELEVANT
acura.rdx.gen2.us.2018,acura_rdx_2018_can_generated.dbc,vehicle_can,SCM_BUTTONS,0x1a6,PARKING_BRAKE_LIGHT,,2,1,motorola,False,1.0,0.0,,VEHICLE_PROTOCOL_DOCUMENTED,BODY_RELEVANT
acura.rdx.gen2.us.2018,acura_rdx_2018_can_generated.dbc,vehicle_can,SCM_BUTTONS,0x1a6,MAIN_ON,,47,1,motorola,False,1.0,0.0,,VEHICLE_PROTOCOL_DOCUMENTED,BODY_RELEVANT
acura.rdx.gen2.us.2018,acura_rdx_2018_can_generated.dbc,vehicle_can,SCM_BUTTONS,0x1a6,CRUISE_SETTING,,43,2,motorola,False,1.0,0.0,,VEHICLE_PROTOCOL_DOCUMENTED,BODY_RELEVANT
acura.rdx.gen2.us.2018,acura_rdx_2018_can_generated.dbc,vehicle_can,SCM_BUTTONS,0x1a6,COUNTER,,61,2,motorola,False,1.0,0.0,,VEHICLE_PROTOCOL_DOCUMENTED,BODY_RELEVANT
acura.rdx.gen2.us.2018,acura_rdx_2018_can_generated.dbc,vehicle_can,SCM_BUTTONS,0x1a6,CHECKSUM,,59,4,motorola,False,1.0,0.0,,VEHICLE_PROTOCOL_DOCUMENTED,BODY_RELEVANT
acura.rdx.gen2.us.2018,acura_rdx_2018_can_generated.dbc,vehicle_can,SCM_FEEDBACK,0x294,RIGHT_BLINKER,lighting.right_indicator,6,1,motorola,False,1.0,0.0,,CLUSTER_RELEVANT_SIGNAL_DOCUMENTED,DISPLAY_RELEVANT
acura.rdx.gen2.us.2018,acura_rdx_2018_can_generated.dbc,vehicle_can,SCM_FEEDBACK,0x294,LEFT_BLINKER,lighting.left_indicator,5,1,motorola,False,1.0,0.0,,CLUSTER_RELEVANT_SIGNAL_DOCUMENTED,DISPLAY_RELEVANT
acura.rdx.gen2.us.2018,acura_rdx_2018_can_generated.dbc,vehicle_can,SCM_FEEDBACK,0x294,WIPERS_SPEED,,4,2,motorola,False,1.0,0.0,,VEHICLE_PROTOCOL_DOCUMENTED,DISPLAY_RELEVANT
acura.rdx.gen2.us.2018,acura_rdx_2018_can_generated.dbc,vehicle_can,SCM_FEEDBACK,0x294,COUNTER,,61,2,motorola,False,1.0,0.0,,VEHICLE_PROTOCOL_DOCUMENTED,DISPLAY_RELEVANT
acura.rdx.gen2.us.2018,acura_rdx_2018_can_generated.dbc,vehicle_can,SCM_FEEDBACK,0x294,CHECKSUM,,59,4,motorola,False,1.0,0.0,,VEHICLE_PROTOCOL_DOCUMENTED,DISPLAY_RELEVANT
acura.rdx.gen3.us.2020,acura_rdx_2020_can_generated.dbc,vehicle_can,GAS_PEDAL_2,0x130,ENGINE_TORQUE_ESTIMATE,,7,16,motorola,True,1.0,0.0,Nm,VEHICLE_PROTOCOL_DOCUMENTED,POWERTRAIN_ONLY
acura.rdx.gen3.us.2020,acura_rdx_2020_can_generated.dbc,vehicle_can,GAS_PEDAL_2,0x130,ENGINE_TORQUE_REQUEST,,23,16,motorola,True,1.0,0.0,Nm,VEHICLE_PROTOCOL_DOCUMENTED,POWERTRAIN_ONLY
acura.rdx.gen3.us.2020,acura_rdx_2020_can_generated.dbc,vehicle_can,GAS_PEDAL_2,0x130,CAR_GAS,,39,8,motorola,False,1.0,0.0,,VEHICLE_PROTOCOL_DOCUMENTED,POWERTRAIN_ONLY
acura.rdx.gen3.us.2020,acura_rdx_2020_can_generated.dbc,vehicle_can,GAS_PEDAL_2,0x130,COUNTER,,61,2,motorola,False,1.0,0.0,,VEHICLE_PROTOCOL_DOCUMENTED,POWERTRAIN_ONLY
acura.rdx.gen3.us.2020,acura_rdx_2020_can_generated.dbc,vehicle_can,GAS_PEDAL_2,0x130,CHECKSUM,,59,4,motorola,False,1.0,0.0,,VEHICLE_PROTOCOL_DOCUMENTED,POWERTRAIN_ONLY
acura.rdx.gen3.us.2020,acura_rdx_2020_can_generated.dbc,vehicle_can,GAS_PEDAL,0x13c,CAR_GAS,,39,8,motorola,False,1.0,0.0,,VEHICLE_PROTOCOL_DOCUMENTED,POWERTRAIN_ONLY
acura.rdx.gen3.us.2020,acura_rdx_2020_can_generated.dbc,vehicle_can,GAS_PEDAL,0x13c,COUNTER,,61,2,motorola,False,1.0,0.0,,VEHICLE_PROTOCOL_DOCUMENTED,POWERTRAIN_ONLY
acura.rdx.gen3.us.2020,acura_rdx_2020_can_generated.dbc,vehicle_can,GAS_PEDAL,0x13c,CHECKSUM,,59,4,motorola,False,1.0,0.0,,VEHICLE_PROTOCOL_DOCUMENTED,POWERTRAIN_ONLY
acura.rdx.gen3.us.2020,acura_rdx_2020_can_generated.dbc,vehicle_can,ENGINE_DATA,0x158,XMISSION_SPEED,vehicle.speed,7,16,motorola,False,0.01,0.0,kph,CLUSTER_RELEVANT_SIGNAL_DOCUMENTED,DISPLAY_RELEVANT
acura.rdx.gen3.us.2020,acura_rdx_2020_can_generated.dbc,vehicle_can,ENGINE_DATA,0x158,ENGINE_RPM,powertrain.engine_rpm,23,16,motorola,False,1.0,0.0,rpm,CLUSTER_RELEVANT_SIGNAL_DOCUMENTED,DISPLAY_RELEVANT
acura.rdx.gen3.us.2020,acura_rdx_2020_can_generated.dbc,vehicle_can,ENGINE_DATA,0x158,XMISSION_SPEED2,,39,16,motorola,False,0.01,0.0,kph,VEHICLE_PROTOCOL_DOCUMENTED,DISPLAY_RELEVANT
acura.rdx.gen3.us.2020,acura_rdx_2020_can_generated.dbc,vehicle_can,ENGINE_DATA,0x158,ODOMETER,vehicle.odometer,55,8,motorola,False,10.0,0.0,m,CLUSTER_RELEVANT_SIGNAL_DOCUMENTED,DISPLAY_RELEVANT
acura.rdx.gen3.us.2020,acura_rdx_2020_can_generated.dbc,vehicle_can,ENGINE_DATA,0x158,COUNTER,,61,2,motorola,False,1.0,0.0,,VEHICLE_PROTOCOL_DOCUMENTED,DISPLAY_RELEVANT
acura.rdx.gen3.us.2020,acura_rdx_2020_can_generated.dbc,vehicle_can,ENGINE_DATA,0x158,CHECKSUM,,59,4,motorola,False,1.0,0.0,,VEHICLE_PROTOCOL_DOCUMENTED,DISPLAY_RELEVANT
acura.rdx.gen3.us.2020,acura_rdx_2020_can_generated.dbc,vehicle_can,POWERTRAIN_DATA,0x17c,PEDAL_GAS,powertrain.throttle_position,7,8,motorola,False,1.0,0.0,,VEHICLE_PROTOCOL_DOCUMENTED,DISPLAY_RELEVANT
acura.rdx.gen3.us.2020,acura_rdx_2020_can_generated.dbc,vehicle_can,POWERTRAIN_DATA,0x17c,ENGINE_RPM,powertrain.engine_rpm,23,16,motorola,False,1.0,0.0,rpm,CLUSTER_RELEVANT_SIGNAL_DOCUMENTED,DISPLAY_RELEVANT
acura.rdx.gen3.us.2020,acura_rdx_2020_can_generated.dbc,vehicle_can,POWERTRAIN_DATA,0x17c,GAS_PRESSED,,39,1,motorola,False,1.0,0.0,,VEHICLE_PROTOCOL_DOCUMENTED,DISPLAY_RELEVANT
acura.rdx.gen3.us.2020,acura_rdx_2020_can_generated.dbc,vehicle_can,POWERTRAIN_DATA,0x17c,ACC_STATUS,adas.acc_state,38,1,motorola,False,1.0,0.0,,VEHICLE_PROTOCOL_DOCUMENTED,DISPLAY_RELEVANT
acura.rdx.gen3.us.2020,acura_rdx_2020_can_generated.dbc,vehicle_can,POWERTRAIN_DATA,0x17c,BOH_17C,,37,5,motorola,False,1.0,0.0,,VEHICLE_PROTOCOL_DOCUMENTED,DISPLAY_RELEVANT
acura.rdx.gen3.us.2020,acura_rdx_2020_can_generated.dbc,vehicle_can,POWERTRAIN_DATA,0x17c,BRAKE_SWITCH,,32,1,motorola,False,1.0,0.0,,VEHICLE_PROTOCOL_DOCUMENTED,DISPLAY_RELEVANT
acura.rdx.gen3.us.2020,acura_rdx_2020_can_generated.dbc,vehicle_can,POWERTRAIN_DATA,0x17c,BOH2_17C,,47,10,motorola,False,1.0,0.0,,VEHICLE_PROTOCOL_DOCUMENTED,DISPLAY_RELEVANT
acura.rdx.gen3.us.2020,acura_rdx_2020_can_generated.dbc,vehicle_can,POWERTRAIN_DATA,0x17c,BRAKE_PRESSED,brakes.service_brake,53,1,motorola,False,1.0,0.0,,VEHICLE_PROTOCOL_DOCUMENTED,DISPLAY_RELEVANT
acura.rdx.gen3.us.2020,acura_rdx_2020_can_generated.dbc,vehicle_can,POWERTRAIN_DATA,0x17c,BOH3_17C,,52,5,motorola,False,1.0,0.0,,VEHICLE_PROTOCOL_DOCUMENTED,DISPLAY_RELEVANT
acura.rdx.gen3.us.2020,acura_rdx_2020_can_generated.dbc,vehicle_can,POWERTRAIN_DATA,0x17c,COUNTER,,61,2,motorola,False,1.0,0.0,,VEHICLE_PROTOCOL_DOCUMENTED,DISPLAY_RELEVANT
acura.rdx.gen3.us.2020,acura_rdx_2020_can_generated.dbc,vehicle_can,POWERTRAIN_DATA,0x17c,CHECKSUM,,59,4,motorola,False,1.0,0.0,,VEHICLE_PROTOCOL_DOCUMENTED,DISPLAY_RELEVANT
acura.rdx.gen3.us.2020,acura_rdx_2020_can_generated.dbc,vehicle_can,VSA_STATUS,0x1a4,USER_BRAKE,,7,16,motorola,False,0.015625,-1.609375,,VEHICLE_PROTOCOL_DOCUMENTED,DISPLAY_RELEVANT
acura.rdx.gen3.us.2020,acura_rdx_2020_can_generated.dbc,vehicle_can,VSA_STATUS,0x1a4,COMPUTER_BRAKING,,23,1,motorola,False,1.0,0.0,,VEHICLE_PROTOCOL_DOCUMENTED,DISPLAY_RELEVANT
acura.rdx.gen3.us.2020,acura_rdx_2020_can_generated.dbc,vehicle_can,VSA_STATUS,0x1a4,ESP_DISABLED,stability.vsa_warning,28,1,motorola,False,1.0,0.0,,CLUSTER_RELEVANT_SIGNAL_DOCUMENTED,DISPLAY_RELEVANT
acura.rdx.gen3.us.2020,acura_rdx_2020_can_generated.dbc,vehicle_can,VSA_STATUS,0x1a4,BRAKE_HOLD_RELATED,,52,1,motorola,False,1.0,0.0,,VEHICLE_PROTOCOL_DOCUMENTED,DISPLAY_RELEVANT
acura.rdx.gen3.us.2020,acura_rdx_2020_can_generated.dbc,vehicle_can,VSA_STATUS,0x1a4,BRAKE_HOLD_ACTIVE,,46,1,motorola,False,1.0,0.0,,VEHICLE_PROTOCOL_DOCUMENTED,DISPLAY_RELEVANT
acura.rdx.gen3.us.2020,acura_rdx_2020_can_generated.dbc,vehicle_can,VSA_STATUS,0x1a4,BRAKE_HOLD_ENABLED,,45,1,motorola,False,1.0,0.0,,VEHICLE_PROTOCOL_DOCUMENTED,DISPLAY_RELEVANT
acura.rdx.gen3.us.2020,acura_rdx_2020_can_generated.dbc,vehicle_can,VSA_STATUS,0x1a4,COUNTER,,61,2,motorola,False,1.0,0.0,,VEHICLE_PROTOCOL_DOCUMENTED,DISPLAY_RELEVANT
acura.rdx.gen3.us.2020,acura_rdx_2020_can_generated.dbc,vehicle_can,VSA_STATUS,0x1a4,CHECKSUM,,59,4,motorola,False,1.0,0.0,,VEHICLE_PROTOCOL_DOCUMENTED,DISPLAY_RELEVANT
acura.rdx.gen3.us.2020,acura_rdx_2020_can_generated.dbc,vehicle_can,STEER_MOTOR_TORQUE,0x1ab,CONFIG_VALID,,7,1,motorola,False,1.0,0.0,,VEHICLE_PROTOCOL_DOCUMENTED,UNKNOWN
acura.rdx.gen3.us.2020,acura_rdx_2020_can_generated.dbc,vehicle_can,STEER_MOTOR_TORQUE,0x1ab,MOTOR_TORQUE,,1,10,motorola,False,1.0,0.0,,VEHICLE_PROTOCOL_DOCUMENTED,UNKNOWN
acura.rdx.gen3.us.2020,acura_rdx_2020_can_generated.dbc,vehicle_can,STEER_MOTOR_TORQUE,0x1ab,OUTPUT_DISABLED,,22,1,motorola,False,1.0,0.0,,VEHICLE_PROTOCOL_DOCUMENTED,UNKNOWN
acura.rdx.gen3.us.2020,acura_rdx_2020_can_generated.dbc,vehicle_can,STEER_MOTOR_TORQUE,0x1ab,COUNTER,,21,2,motorola,False,1.0,0.0,,VEHICLE_PROTOCOL_DOCUMENTED,UNKNOWN
acura.rdx.gen3.us.2020,acura_rdx_2020_can_generated.dbc,vehicle_can,STEER_MOTOR_TORQUE,0x1ab,CHECKSUM,,19,4,motorola,False,1.0,0.0,,VEHICLE_PROTOCOL_DOCUMENTED,UNKNOWN
acura.rdx.gen3.us.2020,acura_rdx_2020_can_generated.dbc,vehicle_can,WHEEL_SPEEDS,0x1d0,WHEEL_SPEED_FL,,7,15,motorola,False,0.01,0.0,kph,VEHICLE_PROTOCOL_DOCUMENTED,POWERTRAIN_ONLY
acura.rdx.gen3.us.2020,acura_rdx_2020_can_generated.dbc,vehicle_can,WHEEL_SPEEDS,0x1d0,WHEEL_SPEED_FR,,8,15,motorola,False,0.01,0.0,kph,VEHICLE_PROTOCOL_DOCUMENTED,POWERTRAIN_ONLY
acura.rdx.gen3.us.2020,acura_rdx_2020_can_generated.dbc,vehicle_can,WHEEL_SPEEDS,0x1d0,WHEEL_SPEED_RL,,25,15,motorola,False,0.01,0.0,kph,VEHICLE_PROTOCOL_DOCUMENTED,POWERTRAIN_ONLY
acura.rdx.gen3.us.2020,acura_rdx_2020_can_generated.dbc,vehicle_can,WHEEL_SPEEDS,0x1d0,WHEEL_SPEED_RR,,42,15,motorola,False,0.01,0.0,kph,VEHICLE_PROTOCOL_DOCUMENTED,POWERTRAIN_ONLY
acura.rdx.gen3.us.2020,acura_rdx_2020_can_generated.dbc,vehicle_can,WHEEL_SPEEDS,0x1d0,CHECKSUM,,59,4,motorola,False,1.0,0.0,,VEHICLE_PROTOCOL_DOCUMENTED,POWERTRAIN_ONLY
acura.rdx.gen3.us.2020,acura_rdx_2020_can_generated.dbc,vehicle_can,VEHICLE_DYNAMICS,0x1ea,LAT_ACCEL,,7,16,motorola,True,0.0015,0.0,m/s2,VEHICLE_PROTOCOL_DOCUMENTED,UNKNOWN
acura.rdx.gen3.us.2020,acura_rdx_2020_can_generated.dbc,vehicle_can,VEHICLE_DYNAMICS,0x1ea,LONG_ACCEL,,23,16,motorola,True,0.0015,0.0,m/s2,VEHICLE_PROTOCOL_DOCUMENTED,UNKNOWN
acura.rdx.gen3.us.2020,acura_rdx_2020_can_generated.dbc,vehicle_can,VEHICLE_DYNAMICS,0x1ea,COUNTER,,61,2,motorola,False,1.0,0.0,,VEHICLE_PROTOCOL_DOCUMENTED,UNKNOWN
acura.rdx.gen3.us.2020,acura_rdx_2020_can_generated.dbc,vehicle_can,VEHICLE_DYNAMICS,0x1ea,CHECKSUM,,59,4,motorola,False,1.0,0.0,,VEHICLE_PROTOCOL_DOCUMENTED,UNKNOWN
acura.rdx.gen3.us.2020,acura_rdx_2020_can_generated.dbc,vehicle_can,SEATBELT_STATUS,0x305,SEATBELT_DRIVER_LAMP,,7,1,motorola,False,1.0,0.0,,VEHICLE_PROTOCOL_DOCUMENTED,DISPLAY_RELEVANT
acura.rdx.gen3.us.2020,acura_rdx_2020_can_generated.dbc,vehicle_can,SEATBELT_STATUS,0x305,SEATBELT_PASS_UNLATCHED,,10,1,motorola,False,1.0,0.0,,VEHICLE_PROTOCOL_DOCUMENTED,DISPLAY_RELEVANT
acura.rdx.gen3.us.2020,acura_rdx_2020_can_generated.dbc,vehicle_can,SEATBELT_STATUS,0x305,SEATBELT_PASS_LATCHED,safety.seatbelt_passenger,11,1,motorola,False,1.0,0.0,,VEHICLE_PROTOCOL_DOCUMENTED,DISPLAY_RELEVANT
acura.rdx.gen3.us.2020,acura_rdx_2020_can_generated.dbc,vehicle_can,SEATBELT_STATUS,0x305,SEATBELT_DRIVER_UNLATCHED,,12,1,motorola,False,1.0,0.0,,VEHICLE_PROTOCOL_DOCUMENTED,DISPLAY_RELEVANT
acura.rdx.gen3.us.2020,acura_rdx_2020_can_generated.dbc,vehicle_can,SEATBELT_STATUS,0x305,SEATBELT_DRIVER_LATCHED,safety.seatbelt_driver,13,1,motorola,False,1.0,0.0,,CLUSTER_RELEVANT_SIGNAL_DOCUMENTED,DISPLAY_RELEVANT
acura.rdx.gen3.us.2020,acura_rdx_2020_can_generated.dbc,vehicle_can,SEATBELT_STATUS,0x305,PASS_AIRBAG_OFF,,14,1,motorola,False,1.0,0.0,,VEHICLE_PROTOCOL_DOCUMENTED,DISPLAY_RELEVANT
acura.rdx.gen3.us.2020,acura_rdx_2020_can_generated.dbc,vehicle_can,SEATBELT_STATUS,0x305,PASS_AIRBAG_ON,,15,1,motorola,False,1.0,0.0,,VEHICLE_PROTOCOL_DOCUMENTED,DISPLAY_RELEVANT
acura.rdx.gen3.us.2020,acura_rdx_2020_can_generated.dbc,vehicle_can,SEATBELT_STATUS,0x305,COUNTER,,53,2,motorola,False,1.0,0.0,,VEHICLE_PROTOCOL_DOCUMENTED,DISPLAY_RELEVANT
acura.rdx.gen3.us.2020,acura_rdx_2020_can_generated.dbc,vehicle_can,SEATBELT_STATUS,0x305,CHECKSUM,,51,4,motorola,False,1.0,0.0,,VEHICLE_PROTOCOL_DOCUMENTED,DISPLAY_RELEVANT
acura.rdx.gen3.us.2020,acura_rdx_2020_can_generated.dbc,vehicle_can,CAR_SPEED,0x309,ROUGH_CAR_SPEED,,23,8,motorola,False,1.0,0.0,mph,VEHICLE_PROTOCOL_DOCUMENTED,DISPLAY_RELEVANT
acura.rdx.gen3.us.2020,acura_rdx_2020_can_generated.dbc,vehicle_can,CAR_SPEED,0x309,CAR_SPEED,vehicle.speed,7,16,motorola,False,0.01,0.0,kph,CLUSTER_RELEVANT_SIGNAL_DOCUMENTED,DISPLAY_RELEVANT
acura.rdx.gen3.us.2020,acura_rdx_2020_can_generated.dbc,vehicle_can,CAR_SPEED,0x309,ROUGH_CAR_SPEED_3,,39,16,motorola,False,0.01,0.0,kph,VEHICLE_PROTOCOL_DOCUMENTED,DISPLAY_RELEVANT
acura.rdx.gen3.us.2020,acura_rdx_2020_can_generated.dbc,vehicle_can,CAR_SPEED,0x309,ROUGH_CAR_SPEED_2,,31,8,motorola,False,1.0,0.0,mph,VEHICLE_PROTOCOL_DOCUMENTED,DISPLAY_RELEVANT
acura.rdx.gen3.us.2020,acura_rdx_2020_can_generated.dbc,vehicle_can,CAR_SPEED,0x309,LOCK_STATUS,,55,2,motorola,False,1.0,0.0,,VEHICLE_PROTOCOL_DOCUMENTED,DISPLAY_RELEVANT
acura.rdx.gen3.us.2020,acura_rdx_2020_can_generated.dbc,vehicle_can,CAR_SPEED,0x309,COUNTER,,61,2,motorola,False,1.0,0.0,,VEHICLE_PROTOCOL_DOCUMENTED,DISPLAY_RELEVANT
acura.rdx.gen3.us.2020,acura_rdx_2020_can_generated.dbc,vehicle_can,CAR_SPEED,0x309,CHECKSUM,,59,4,motorola,False,1.0,0.0,,VEHICLE_PROTOCOL_DOCUMENTED,DISPLAY_RELEVANT
acura.rdx.gen3.us.2020,acura_rdx_2020_can_generated.dbc,vehicle_can,CAR_SPEED,0x309,IMPERIAL_UNIT,,63,1,motorola,False,1.0,0.0,,VEHICLE_PROTOCOL_DOCUMENTED,DISPLAY_RELEVANT
acura.rdx.gen3.us.2020,acura_rdx_2020_can_generated.dbc,vehicle_can,ACC_HUD,0x30c,PCM_SPEED,,7,16,motorola,False,0.01,0.0,kph,VEHICLE_PROTOCOL_DOCUMENTED,ADAS_ONLY
acura.rdx.gen3.us.2020,acura_rdx_2020_can_generated.dbc,vehicle_can,ACC_HUD,0x30c,PCM_GAS,,23,8,motorola,False,1.0,0.0,,VEHICLE_PROTOCOL_DOCUMENTED,ADAS_ONLY
acura.rdx.gen3.us.2020,acura_rdx_2020_can_generated.dbc,vehicle_can,ACC_HUD,0x30c,CRUISE_SPEED,,31,8,motorola,False,1.0,0.0,kph,VEHICLE_PROTOCOL_DOCUMENTED,ADAS_ONLY
acura.rdx.gen3.us.2020,acura_rdx_2020_can_generated.dbc,vehicle_can,ACC_HUD,0x30c,DTC_MODE,,39,1,motorola,False,1.0,0.0,,VEHICLE_PROTOCOL_DOCUMENTED,ADAS_ONLY
acura.rdx.gen3.us.2020,acura_rdx_2020_can_generated.dbc,vehicle_can,ACC_HUD,0x30c,BOH,,38,1,motorola,False,1.0,0.0,,VEHICLE_PROTOCOL_DOCUMENTED,ADAS_ONLY
acura.rdx.gen3.us.2020,acura_rdx_2020_can_generated.dbc,vehicle_can,ACC_HUD,0x30c,ACC_PROBLEM,,37,1,motorola,False,1.0,0.0,,VEHICLE_PROTOCOL_DOCUMENTED,ADAS_ONLY
acura.rdx.gen3.us.2020,acura_rdx_2020_can_generated.dbc,vehicle_can,ACC_HUD,0x30c,FCM_OFF,,35,1,motorola,False,1.0,0.0,,VEHICLE_PROTOCOL_DOCUMENTED,ADAS_ONLY
acura.rdx.gen3.us.2020,acura_rdx_2020_can_generated.dbc,vehicle_can,ACC_HUD,0x30c,FCM_OFF_2,,36,1,motorola,False,1.0,0.0,,VEHICLE_PROTOCOL_DOCUMENTED,ADAS_ONLY
acura.rdx.gen3.us.2020,acura_rdx_2020_can_generated.dbc,vehicle_can,ACC_HUD,0x30c,FCM_PROBLEM,,34,1,motorola,False,1.0,0.0,,VEHICLE_PROTOCOL_DOCUMENTED,ADAS_ONLY
acura.rdx.gen3.us.2020,acura_rdx_2020_can_generated.dbc,vehicle_can,ACC_HUD,0x30c,RADAR_OBSTRUCTED,,33,1,motorola,False,1.0,0.0,,VEHICLE_PROTOCOL_DOCUMENTED,ADAS_ONLY
acura.rdx.gen3.us.2020,acura_rdx_2020_can_generated.dbc,vehicle_can,ACC_HUD,0x30c,ENABLE_MINI_CAR,,32,1,motorola,False,1.0,0.0,,VEHICLE_PROTOCOL_DOCUMENTED,ADAS_ONLY
acura.rdx.gen3.us.2020,acura_rdx_2020_can_generated.dbc,vehicle_can,ACC_HUD,0x30c,HUD_DISTANCE,,47,2,motorola,False,1.0,0.0,,VEHICLE_PROTOCOL_DOCUMENTED,ADAS_ONLY
acura.rdx.gen3.us.2020,acura_rdx_2020_can_generated.dbc,vehicle_can,ACC_HUD,0x30c,HUD_LEAD,,45,2,motorola,False,1.0,0.0,,VEHICLE_PROTOCOL_DOCUMENTED,ADAS_ONLY
acura.rdx.gen3.us.2020,acura_rdx_2020_can_generated.dbc,vehicle_can,ACC_HUD,0x30c,BOH_3,,43,1,motorola,False,1.0,0.0,,VEHICLE_PROTOCOL_DOCUMENTED,ADAS_ONLY
acura.rdx.gen3.us.2020,acura_rdx_2020_can_generated.dbc,vehicle_can,ACC_HUD,0x30c,BOH_4,,42,1,motorola,False,1.0,0.0,,VEHICLE_PROTOCOL_DOCUMENTED,ADAS_ONLY
acura.rdx.gen3.us.2020,acura_rdx_2020_can_generated.dbc,vehicle_can,ACC_HUD,0x30c,BOH_5,,41,1,motorola,False,1.0,0.0,,VEHICLE_PROTOCOL_DOCUMENTED,ADAS_ONLY
acura.rdx.gen3.us.2020,acura_rdx_2020_can_generated.dbc,vehicle_can,ACC_HUD,0x30c,CRUISE_CONTROL_LABEL,,40,1,motorola,False,1.0,0.0,,VEHICLE_PROTOCOL_DOCUMENTED,ADAS_ONLY
acura.rdx.gen3.us.2020,acura_rdx_2020_can_generated.dbc,vehicle_can,ACC_HUD,0x30c,SET_ME_X01_2,,55,1,motorola,False,1.0,0.0,,VEHICLE_PROTOCOL_DOCUMENTED,ADAS_ONLY
acura.rdx.gen3.us.2020,acura_rdx_2020_can_generated.dbc,vehicle_can,ACC_HUD,0x30c,IMPERIAL_UNIT,,54,1,motorola,False,1.0,0.0,,VEHICLE_PROTOCOL_DOCUMENTED,ADAS_ONLY
acura.rdx.gen3.us.2020,acura_rdx_2020_can_generated.dbc,vehicle_can,ACC_HUD,0x30c,ACC_ON,,52,1,motorola,False,1.0,0.0,,VEHICLE_PROTOCOL_DOCUMENTED,ADAS_ONLY
acura.rdx.gen3.us.2020,acura_rdx_2020_can_generated.dbc,vehicle_can,ACC_HUD,0x30c,CHIME,,51,3,motorola,False,1.0,0.0,,VEHICLE_PROTOCOL_DOCUMENTED,ADAS_ONLY
acura.rdx.gen3.us.2020,acura_rdx_2020_can_generated.dbc,vehicle_can,ACC_HUD,0x30c,SET_ME_X01,,48,1,motorola,False,1.0,0.0,,VEHICLE_PROTOCOL_DOCUMENTED,ADAS_ONLY
acura.rdx.gen3.us.2020,acura_rdx_2020_can_generated.dbc,vehicle_can,ACC_HUD,0x30c,ICONS,,63,2,motorola,False,1.0,0.0,,VEHICLE_PROTOCOL_DOCUMENTED,ADAS_ONLY
acura.rdx.gen3.us.2020,acura_rdx_2020_can_generated.dbc,vehicle_can,ACC_HUD,0x30c,COUNTER,,61,2,motorola,False,1.0,0.0,,VEHICLE_PROTOCOL_DOCUMENTED,ADAS_ONLY
acura.rdx.gen3.us.2020,acura_rdx_2020_can_generated.dbc,vehicle_can,ACC_HUD,0x30c,CHECKSUM,,59,4,motorola,False,1.0,0.0,,VEHICLE_PROTOCOL_DOCUMENTED,ADAS_ONLY
acura.rdx.gen3.us.2020,acura_rdx_2020_can_generated.dbc,vehicle_can,CRUISE,0x324,HUD_SPEED_KPH,,7,8,motorola,False,1.0,0.0,kph,VEHICLE_PROTOCOL_DOCUMENTED,POWERTRAIN_ONLY
acura.rdx.gen3.us.2020,acura_rdx_2020_can_generated.dbc,vehicle_can,CRUISE,0x324,HUD_SPEED_MPH,,15,8,motorola,False,1.0,0.0,mph,VEHICLE_PROTOCOL_DOCUMENTED,POWERTRAIN_ONLY
acura.rdx.gen3.us.2020,acura_rdx_2020_can_generated.dbc,vehicle_can,CRUISE,0x324,TRIP_FUEL_CONSUMED,,23,16,motorola,False,1.0,0.0,,VEHICLE_PROTOCOL_DOCUMENTED,POWERTRAIN_ONLY
acura.rdx.gen3.us.2020,acura_rdx_2020_can_generated.dbc,vehicle_can,CRUISE,0x324,CRUISE_SPEED_PCM,,39,8,motorola,False,1.0,0.0,,VEHICLE_PROTOCOL_DOCUMENTED,POWERTRAIN_ONLY
acura.rdx.gen3.us.2020,acura_rdx_2020_can_generated.dbc,vehicle_can,CRUISE,0x324,BOH2,,47,8,motorola,True,1.0,0.0,,VEHICLE_PROTOCOL_DOCUMENTED,POWERTRAIN_ONLY
acura.rdx.gen3.us.2020,acura_rdx_2020_can_generated.dbc,vehicle_can,CRUISE,0x324,BOH3,,55,8,motorola,False,1.0,0.0,,VEHICLE_PROTOCOL_DOCUMENTED,POWERTRAIN_ONLY
acura.rdx.gen3.us.2020,acura_rdx_2020_can_generated.dbc,vehicle_can,CRUISE,0x324,COUNTER,,61,2,motorola,False,1.0,0.0,,VEHICLE_PROTOCOL_DOCUMENTED,POWERTRAIN_ONLY
acura.rdx.gen3.us.2020,acura_rdx_2020_can_generated.dbc,vehicle_can,CRUISE,0x324,CHECKSUM,,59,4,motorola,False,1.0,0.0,,VEHICLE_PROTOCOL_DOCUMENTED,POWERTRAIN_ONLY
acura.rdx.gen3.us.2020,acura_rdx_2020_can_generated.dbc,vehicle_can,STALK_STATUS,0x374,DASHBOARD_ALERT,,39,8,motorola,False,1.0,0.0,,VEHICLE_PROTOCOL_DOCUMENTED,BODY_RELEVANT
acura.rdx.gen3.us.2020,acura_rdx_2020_can_generated.dbc,vehicle_can,STALK_STATUS,0x374,AUTO_HEADLIGHTS,,46,1,motorola,False,1.0,0.0,,VEHICLE_PROTOCOL_DOCUMENTED,BODY_RELEVANT
acura.rdx.gen3.us.2020,acura_rdx_2020_can_generated.dbc,vehicle_can,STALK_STATUS,0x374,HIGH_BEAM_HOLD,,47,1,motorola,False,1.0,0.0,,VEHICLE_PROTOCOL_DOCUMENTED,BODY_RELEVANT
acura.rdx.gen3.us.2020,acura_rdx_2020_can_generated.dbc,vehicle_can,STALK_STATUS,0x374,HIGH_BEAM_FLASH,,45,1,motorola,False,1.0,0.0,,VEHICLE_PROTOCOL_DOCUMENTED,BODY_RELEVANT
acura.rdx.gen3.us.2020,acura_rdx_2020_can_generated.dbc,vehicle_can,STALK_STATUS,0x374,HEADLIGHTS_ON,lighting.headlights_on,54,1,motorola,False,1.0,0.0,,VEHICLE_PROTOCOL_DOCUMENTED,BODY_RELEVANT
acura.rdx.gen3.us.2020,acura_rdx_2020_can_generated.dbc,vehicle_can,STALK_STATUS,0x374,WIPER_SWITCH,,53,2,motorola,False,1.0,0.0,,VEHICLE_PROTOCOL_DOCUMENTED,BODY_RELEVANT
acura.rdx.gen3.us.2020,acura_rdx_2020_can_generated.dbc,vehicle_can,STALK_STATUS,0x374,COUNTER,,61,2,motorola,False,1.0,0.0,,VEHICLE_PROTOCOL_DOCUMENTED,BODY_RELEVANT
acura.rdx.gen3.us.2020,acura_rdx_2020_can_generated.dbc,vehicle_can,STALK_STATUS,0x374,CHECKSUM,,59,4,motorola,False,1.0,0.0,,VEHICLE_PROTOCOL_DOCUMENTED,BODY_RELEVANT
acura.rdx.gen3.us.2020,acura_rdx_2020_can_generated.dbc,vehicle_can,STALK_STATUS_2,0x37b,WIPERS,,17,2,motorola,False,1.0,0.0,,VEHICLE_PROTOCOL_DOCUMENTED,DISPLAY_RELEVANT
acura.rdx.gen3.us.2020,acura_rdx_2020_can_generated.dbc,vehicle_can,STALK_STATUS_2,0x37b,LOW_BEAMS,lighting.low_beam,35,1,motorola,False,1.0,0.0,,CLUSTER_RELEVANT_SIGNAL_DOCUMENTED,DISPLAY_RELEVANT
acura.rdx.gen3.us.2020,acura_rdx_2020_can_generated.dbc,vehicle_can,STALK_STATUS_2,0x37b,HIGH_BEAMS,lighting.high_beam,34,1,motorola,False,1.0,0.0,,CLUSTER_RELEVANT_SIGNAL_DOCUMENTED,DISPLAY_RELEVANT
acura.rdx.gen3.us.2020,acura_rdx_2020_can_generated.dbc,vehicle_can,STALK_STATUS_2,0x37b,PARK_LIGHTS,,36,1,motorola,False,1.0,0.0,,VEHICLE_PROTOCOL_DOCUMENTED,DISPLAY_RELEVANT
acura.rdx.gen3.us.2020,acura_rdx_2020_can_generated.dbc,vehicle_can,STALK_STATUS_2,0x37b,COUNTER,,61,2,motorola,False,1.0,0.0,,VEHICLE_PROTOCOL_DOCUMENTED,DISPLAY_RELEVANT
acura.rdx.gen3.us.2020,acura_rdx_2020_can_generated.dbc,vehicle_can,STALK_STATUS_2,0x37b,CHECKSUM,,59,4,motorola,False,1.0,0.0,,VEHICLE_PROTOCOL_DOCUMENTED,DISPLAY_RELEVANT
acura.rdx.gen3.us.2020,acura_rdx_2020_can_generated.dbc,vehicle_can,DOORS_STATUS,0x405,DOOR_OPEN_FL,body.driver_door,37,1,motorola,False,1.0,0.0,,CLUSTER_RELEVANT_SIGNAL_DOCUMENTED,DISPLAY_RELEVANT
acura.rdx.gen3.us.2020,acura_rdx_2020_can_generated.dbc,vehicle_can,DOORS_STATUS,0x405,DOOR_OPEN_FR,body.passenger_door,38,1,motorola,False,1.0,0.0,,CLUSTER_RELEVANT_SIGNAL_DOCUMENTED,DISPLAY_RELEVANT
acura.rdx.gen3.us.2020,acura_rdx_2020_can_generated.dbc,vehicle_can,DOORS_STATUS,0x405,DOOR_OPEN_RL,body.rear_left_door,39,1,motorola,False,1.0,0.0,,VEHICLE_PROTOCOL_DOCUMENTED,DISPLAY_RELEVANT
acura.rdx.gen3.us.2020,acura_rdx_2020_can_generated.dbc,vehicle_can,DOORS_STATUS,0x405,DOOR_OPEN_RR,body.rear_right_door,40,1,motorola,False,1.0,0.0,,VEHICLE_PROTOCOL_DOCUMENTED,DISPLAY_RELEVANT
acura.rdx.gen3.us.2020,acura_rdx_2020_can_generated.dbc,vehicle_can,DOORS_STATUS,0x405,TRUNK_OPEN,body.trunk,41,1,motorola,False,1.0,0.0,,CLUSTER_RELEVANT_SIGNAL_DOCUMENTED,DISPLAY_RELEVANT
acura.rdx.gen3.us.2020,acura_rdx_2020_can_generated.dbc,vehicle_can,DOORS_STATUS,0x405,COUNTER,,61,2,motorola,False,1.0,0.0,,VEHICLE_PROTOCOL_DOCUMENTED,DISPLAY_RELEVANT
acura.rdx.gen3.us.2020,acura_rdx_2020_can_generated.dbc,vehicle_can,DOORS_STATUS,0x405,CHECKSUM,,59,4,motorola,False,1.0,0.0,,VEHICLE_PROTOCOL_DOCUMENTED,DISPLAY_RELEVANT
acura.rdx.gen3.us.2020,acura_rdx_2020_can_generated.dbc,vehicle_can,KINEMATICS,0x94,LAT_ACCEL,,7,10,motorola,False,-0.035,17.92,m/s2,VEHICLE_PROTOCOL_DOCUMENTED,UNKNOWN
acura.rdx.gen3.us.2020,acura_rdx_2020_can_generated.dbc,vehicle_can,KINEMATICS,0x94,LONG_ACCEL,,25,10,motorola,False,-0.035,17.92,m/s2,VEHICLE_PROTOCOL_DOCUMENTED,UNKNOWN
acura.rdx.gen3.us.2020,acura_rdx_2020_can_generated.dbc,vehicle_can,KINEMATICS,0x94,CHECKSUM,,59,4,motorola,False,1.0,0.0,,VEHICLE_PROTOCOL_DOCUMENTED,UNKNOWN
acura.rdx.gen3.us.2020,acura_rdx_2020_can_generated.dbc,vehicle_can,KINEMATICS,0x94,COUNTER,,61,2,motorola,False,1.0,0.0,,VEHICLE_PROTOCOL_DOCUMENTED,UNKNOWN
acura.rdx.gen3.us.2020,acura_rdx_2020_can_generated.dbc,vehicle_can,STEERING_CONTROL,0xe4,STEER_TORQUE_REQUEST,,23,1,motorola,False,1.0,0.0,,VEHICLE_PROTOCOL_DOCUMENTED,ADAS_ONLY
acura.rdx.gen3.us.2020,acura_rdx_2020_can_generated.dbc,vehicle_can,STEERING_CONTROL,0xe4,SET_ME_X00,,22,7,motorola,False,1.0,0.0,,VEHICLE_PROTOCOL_DOCUMENTED,ADAS_ONLY
acura.rdx.gen3.us.2020,acura_rdx_2020_can_generated.dbc,vehicle_can,STEERING_CONTROL,0xe4,SET_ME_X00_2,,31,8,motorola,False,1.0,0.0,,VEHICLE_PROTOCOL_DOCUMENTED,ADAS_ONLY
acura.rdx.gen3.us.2020,acura_rdx_2020_can_generated.dbc,vehicle_can,STEERING_CONTROL,0xe4,STEER_TORQUE,,7,16,motorola,True,1.0,0.0,,VEHICLE_PROTOCOL_DOCUMENTED,ADAS_ONLY
acura.rdx.gen3.us.2020,acura_rdx_2020_can_generated.dbc,vehicle_can,STEERING_CONTROL,0xe4,STEER_DOWN_TO_ZERO,,38,1,motorola,False,1.0,0.0,,VEHICLE_PROTOCOL_DOCUMENTED,ADAS_ONLY
acura.rdx.gen3.us.2020,acura_rdx_2020_can_generated.dbc,vehicle_can,STEERING_CONTROL,0xe4,COUNTER,,37,2,motorola,False,1.0,0.0,,VEHICLE_PROTOCOL_DOCUMENTED,ADAS_ONLY
acura.rdx.gen3.us.2020,acura_rdx_2020_can_generated.dbc,vehicle_can,STEERING_CONTROL,0xe4,CHECKSUM,,35,4,motorola,False,1.0,0.0,,VEHICLE_PROTOCOL_DOCUMENTED,ADAS_ONLY
acura.rdx.gen3.us.2020,acura_rdx_2020_can_generated.dbc,vehicle_can,BOSCH_SUPPLEMENTAL_1,0xe5,SET_ME_X04,,0,8,intel,False,1.0,0.0,,VEHICLE_PROTOCOL_DOCUMENTED,UNKNOWN
acura.rdx.gen3.us.2020,acura_rdx_2020_can_generated.dbc,vehicle_can,BOSCH_SUPPLEMENTAL_1,0xe5,SET_ME_X00,,8,8,intel,False,1.0,0.0,,VEHICLE_PROTOCOL_DOCUMENTED,UNKNOWN
acura.rdx.gen3.us.2020,acura_rdx_2020_can_generated.dbc,vehicle_can,BOSCH_SUPPLEMENTAL_1,0xe5,SET_ME_X80,,16,8,intel,False,1.0,0.0,,VEHICLE_PROTOCOL_DOCUMENTED,UNKNOWN
acura.rdx.gen3.us.2020,acura_rdx_2020_can_generated.dbc,vehicle_can,BOSCH_SUPPLEMENTAL_1,0xe5,SET_ME_X10,,24,8,intel,False,1.0,0.0,,VEHICLE_PROTOCOL_DOCUMENTED,UNKNOWN
acura.rdx.gen3.us.2020,acura_rdx_2020_can_generated.dbc,vehicle_can,BOSCH_SUPPLEMENTAL_1,0xe5,COUNTER,,61,2,motorola,False,1.0,0.0,,VEHICLE_PROTOCOL_DOCUMENTED,UNKNOWN
acura.rdx.gen3.us.2020,acura_rdx_2020_can_generated.dbc,vehicle_can,BOSCH_SUPPLEMENTAL_1,0xe5,CHECKSUM,,59,4,motorola,False,1.0,0.0,,VEHICLE_PROTOCOL_DOCUMENTED,UNKNOWN
acura.rdx.gen3.us.2020,acura_rdx_2020_can_generated.dbc,vehicle_can,BRAKE_HOLD,0xe8,XMISSION_SPEED,vehicle.speed,7,14,motorola,True,1.0,0.0,,CLUSTER_RELEVANT_SIGNAL_DOCUMENTED,DISPLAY_RELEVANT
acura.rdx.gen3.us.2020,acura_rdx_2020_can_generated.dbc,vehicle_can,BRAKE_HOLD,0xe8,COMPUTER_BRAKE,,39,16,motorola,False,1.0,0.0,,VEHICLE_PROTOCOL_DOCUMENTED,DISPLAY_RELEVANT
acura.rdx.gen3.us.2020,acura_rdx_2020_can_generated.dbc,vehicle_can,BRAKE_HOLD,0xe8,COMPUTER_BRAKE_REQUEST,,29,1,motorola,False,1.0,0.0,,VEHICLE_PROTOCOL_DOCUMENTED,DISPLAY_RELEVANT
acura.rdx.gen3.us.2020,acura_rdx_2020_can_generated.dbc,vehicle_can,BRAKE_HOLD,0xe8,COUNTER,,53,2,motorola,False,1.0,0.0,,VEHICLE_PROTOCOL_DOCUMENTED,DISPLAY_RELEVANT
acura.rdx.gen3.us.2020,acura_rdx_2020_can_generated.dbc,vehicle_can,BRAKE_HOLD,0xe8,CHECKSUM,,51,4,motorola,False,1.0,0.0,,VEHICLE_PROTOCOL_DOCUMENTED,DISPLAY_RELEVANT
acura.rdx.gen3.us.2020,acura_rdx_2020_can_generated.dbc,vehicle_can,STEER_STATUS,0x18f,STEER_TORQUE_SENSOR,,7,16,motorola,True,-1.0,0.0,tbd,VEHICLE_PROTOCOL_DOCUMENTED,UNKNOWN
acura.rdx.gen3.us.2020,acura_rdx_2020_can_generated.dbc,vehicle_can,STEER_STATUS,0x18f,STEER_ANGLE_RATE,,23,16,motorola,True,-0.1,0.0,deg/s,VEHICLE_PROTOCOL_DOCUMENTED,UNKNOWN
acura.rdx.gen3.us.2020,acura_rdx_2020_can_generated.dbc,vehicle_can,STEER_STATUS,0x18f,STEER_STATUS,,39,4,motorola,False,1.0,0.0,,VEHICLE_PROTOCOL_DOCUMENTED,UNKNOWN
acura.rdx.gen3.us.2020,acura_rdx_2020_can_generated.dbc,vehicle_can,STEER_STATUS,0x18f,STEER_CONTROL_ACTIVE,,35,1,motorola,False,1.0,0.0,,VEHICLE_PROTOCOL_DOCUMENTED,UNKNOWN
acura.rdx.gen3.us.2020,acura_rdx_2020_can_generated.dbc,vehicle_can,STEER_STATUS,0x18f,STEER_CONFIG_INDEX,,43,4,motorola,False,1.0,0.0,,VEHICLE_PROTOCOL_DOCUMENTED,UNKNOWN
acura.rdx.gen3.us.2020,acura_rdx_2020_can_generated.dbc,vehicle_can,STEER_STATUS,0x18f,COUNTER,,53,2,motorola,False,1.0,0.0,,VEHICLE_PROTOCOL_DOCUMENTED,UNKNOWN
acura.rdx.gen3.us.2020,acura_rdx_2020_can_generated.dbc,vehicle_can,STEER_STATUS,0x18f,CHECKSUM,,51,4,motorola,False,1.0,0.0,,VEHICLE_PROTOCOL_DOCUMENTED,UNKNOWN
acura.rdx.gen3.us.2020,acura_rdx_2020_can_generated.dbc,vehicle_can,EPB_STATUS,0x1c2,EPB_ACTIVE,brakes.parking_brake,3,1,motorola,False,1.0,0.0,,CLUSTER_RELEVANT_SIGNAL_DOCUMENTED,DISPLAY_RELEVANT
acura.rdx.gen3.us.2020,acura_rdx_2020_can_generated.dbc,vehicle_can,EPB_STATUS,0x1c2,EPB_STATE,,29,2,motorola,False,1.0,0.0,,VEHICLE_PROTOCOL_DOCUMENTED,DISPLAY_RELEVANT
acura.rdx.gen3.us.2020,acura_rdx_2020_can_generated.dbc,vehicle_can,EPB_STATUS,0x1c2,COUNTER,,61,2,motorola,False,1.0,0.0,,VEHICLE_PROTOCOL_DOCUMENTED,DISPLAY_RELEVANT
acura.rdx.gen3.us.2020,acura_rdx_2020_can_generated.dbc,vehicle_can,EPB_STATUS,0x1c2,CHECKSUM,,59,4,motorola,False,1.0,0.0,,VEHICLE_PROTOCOL_DOCUMENTED,DISPLAY_RELEVANT
acura.rdx.gen3.us.2020,acura_rdx_2020_can_generated.dbc,vehicle_can,XXX_16,0x221,ECON_ON,,23,1,motorola,False,1.0,0.0,,VEHICLE_PROTOCOL_DOCUMENTED,UNKNOWN
acura.rdx.gen3.us.2020,acura_rdx_2020_can_generated.dbc,vehicle_can,XXX_16,0x221,DRIVE_MODE,,37,2,motorola,False,1.0,0.0,,VEHICLE_PROTOCOL_DOCUMENTED,UNKNOWN
acura.rdx.gen3.us.2020,acura_rdx_2020_can_generated.dbc,vehicle_can,XXX_16,0x221,COUNTER,,45,2,motorola,False,1.0,0.0,,VEHICLE_PROTOCOL_DOCUMENTED,UNKNOWN
acura.rdx.gen3.us.2020,acura_rdx_2020_can_generated.dbc,vehicle_can,XXX_16,0x221,CHECKSUM,,43,4,motorola,False,1.0,0.0,,VEHICLE_PROTOCOL_DOCUMENTED,UNKNOWN
acura.rdx.gen3.us.2020,acura_rdx_2020_can_generated.dbc,vehicle_can,LEFT_LANE_LINE_1,0x240,LINE_DISTANCE_VISIBLE,,39,9,motorola,False,1.0,0.0,,VEHICLE_PROTOCOL_DOCUMENTED,UNKNOWN
acura.rdx.gen3.us.2020,acura_rdx_2020_can_generated.dbc,vehicle_can,LEFT_LANE_LINE_1,0x240,LINE_PROBABILITY,,46,6,motorola,False,0.015625,0.0,,VEHICLE_PROTOCOL_DOCUMENTED,UNKNOWN
acura.rdx.gen3.us.2020,acura_rdx_2020_can_generated.dbc,vehicle_can,LEFT_LANE_LINE_1,0x240,LINE_OFFSET,,23,12,motorola,False,0.004,-8.192,Meters,VEHICLE_PROTOCOL_DOCUMENTED,UNKNOWN
acura.rdx.gen3.us.2020,acura_rdx_2020_can_generated.dbc,vehicle_can,LEFT_LANE_LINE_1,0x240,LINE_ANGLE,,7,12,motorola,False,0.0005,-1.024,,VEHICLE_PROTOCOL_DOCUMENTED,UNKNOWN
acura.rdx.gen3.us.2020,acura_rdx_2020_can_generated.dbc,vehicle_can,LEFT_LANE_LINE_1,0x240,FRAME_INDEX,,8,4,intel,False,1.0,0.0,,VEHICLE_PROTOCOL_DOCUMENTED,UNKNOWN
acura.rdx.gen3.us.2020,acura_rdx_2020_can_generated.dbc,vehicle_can,LEFT_LANE_LINE_1,0x240,COUNTER,,61,2,motorola,False,1.0,0.0,,VEHICLE_PROTOCOL_DOCUMENTED,UNKNOWN
acura.rdx.gen3.us.2020,acura_rdx_2020_can_generated.dbc,vehicle_can,LEFT_LANE_LINE_1,0x240,CHECKSUM,,59,4,motorola,False,1.0,0.0,,VEHICLE_PROTOCOL_DOCUMENTED,UNKNOWN
acura.rdx.gen3.us.2020,acura_rdx_2020_can_generated.dbc,vehicle_can,LEFT_LANE_LINE_2,0x241,LINE_FAR_EDGE_POSITION,,55,8,motorola,False,1.0,-128.0,,VEHICLE_PROTOCOL_DOCUMENTED,UNKNOWN
acura.rdx.gen3.us.2020,acura_rdx_2020_can_generated.dbc,vehicle_can,LEFT_LANE_LINE_2,0x241,LINE_SOLID,,13,1,motorola,False,1.0,0.0,,VEHICLE_PROTOCOL_DOCUMENTED,UNKNOWN
acura.rdx.gen3.us.2020,acura_rdx_2020_can_generated.dbc,vehicle_can,LEFT_LANE_LINE_2,0x241,LINE_DASHED,,14,1,motorola,False,1.0,0.0,,VEHICLE_PROTOCOL_DOCUMENTED,UNKNOWN
acura.rdx.gen3.us.2020,acura_rdx_2020_can_generated.dbc,vehicle_can,LEFT_LANE_LINE_2,0x241,LINE_CURVATURE,,23,12,motorola,False,1e-05,-0.02048,,VEHICLE_PROTOCOL_DOCUMENTED,UNKNOWN
acura.rdx.gen3.us.2020,acura_rdx_2020_can_generated.dbc,vehicle_can,LEFT_LANE_LINE_2,0x241,LINE_PARAMETER,,39,12,motorola,False,1.0,0.0,,VEHICLE_PROTOCOL_DOCUMENTED,UNKNOWN
acura.rdx.gen3.us.2020,acura_rdx_2020_can_generated.dbc,vehicle_can,LEFT_LANE_LINE_2,0x241,FRAME_INDEX,,7,4,motorola,False,1.0,0.0,,VEHICLE_PROTOCOL_DOCUMENTED,UNKNOWN
acura.rdx.gen3.us.2020,acura_rdx_2020_can_generated.dbc,vehicle_can,LEFT_LANE_LINE_2,0x241,COUNTER,,61,2,motorola,False,1.0,0.0,,VEHICLE_PROTOCOL_DOCUMENTED,UNKNOWN
acura.rdx.gen3.us.2020,acura_rdx_2020_can_generated.dbc,vehicle_can,LEFT_LANE_LINE_2,0x241,CHECKSUM,,59,4,motorola,False,1.0,0.0,,VEHICLE_PROTOCOL_DOCUMENTED,UNKNOWN
acura.rdx.gen3.us.2020,acura_rdx_2020_can_generated.dbc,vehicle_can,RIGHT_LANE_LINE_1,0x243,LINE_DISTANCE_VISIBLE,,39,9,motorola,False,1.0,0.0,,VEHICLE_PROTOCOL_DOCUMENTED,UNKNOWN
acura.rdx.gen3.us.2020,acura_rdx_2020_can_generated.dbc,vehicle_can,RIGHT_LANE_LINE_1,0x243,LINE_PROBABILITY,,46,6,motorola,False,0.015625,0.0,,VEHICLE_PROTOCOL_DOCUMENTED,UNKNOWN
acura.rdx.gen3.us.2020,acura_rdx_2020_can_generated.dbc,vehicle_can,RIGHT_LANE_LINE_1,0x243,LINE_OFFSET,,23,12,motorola,False,0.004,-8.192,Meters,VEHICLE_PROTOCOL_DOCUMENTED,UNKNOWN
acura.rdx.gen3.us.2020,acura_rdx_2020_can_generated.dbc,vehicle_can,RIGHT_LANE_LINE_1,0x243,LINE_ANGLE,,7,12,motorola,False,0.0005,-1.024,,VEHICLE_PROTOCOL_DOCUMENTED,UNKNOWN
acura.rdx.gen3.us.2020,acura_rdx_2020_can_generated.dbc,vehicle_can,RIGHT_LANE_LINE_1,0x243,FRAME_INDEX,,8,4,intel,False,1.0,0.0,,VEHICLE_PROTOCOL_DOCUMENTED,UNKNOWN
acura.rdx.gen3.us.2020,acura_rdx_2020_can_generated.dbc,vehicle_can,RIGHT_LANE_LINE_1,0x243,COUNTER,,61,2,motorola,False,1.0,0.0,,VEHICLE_PROTOCOL_DOCUMENTED,UNKNOWN
acura.rdx.gen3.us.2020,acura_rdx_2020_can_generated.dbc,vehicle_can,RIGHT_LANE_LINE_1,0x243,CHECKSUM,,59,4,motorola,False,1.0,0.0,,VEHICLE_PROTOCOL_DOCUMENTED,UNKNOWN
acura.rdx.gen3.us.2020,acura_rdx_2020_can_generated.dbc,vehicle_can,RIGHT_LANE_LINE_2,0x244,LINE_FAR_EDGE_POSITION,,55,8,motorola,False,1.0,-128.0,,VEHICLE_PROTOCOL_DOCUMENTED,UNKNOWN
acura.rdx.gen3.us.2020,acura_rdx_2020_can_generated.dbc,vehicle_can,RIGHT_LANE_LINE_2,0x244,LINE_SOLID,,13,1,motorola,False,1.0,0.0,,VEHICLE_PROTOCOL_DOCUMENTED,UNKNOWN
acura.rdx.gen3.us.2020,acura_rdx_2020_can_generated.dbc,vehicle_can,RIGHT_LANE_LINE_2,0x244,LINE_DASHED,,14,1,motorola,False,1.0,0.0,,VEHICLE_PROTOCOL_DOCUMENTED,UNKNOWN
acura.rdx.gen3.us.2020,acura_rdx_2020_can_generated.dbc,vehicle_can,RIGHT_LANE_LINE_2,0x244,LINE_CURVATURE,,23,12,motorola,False,1e-05,-0.02048,,VEHICLE_PROTOCOL_DOCUMENTED,UNKNOWN
acura.rdx.gen3.us.2020,acura_rdx_2020_can_generated.dbc,vehicle_can,RIGHT_LANE_LINE_2,0x244,LINE_PARAMETER,,39,12,motorola,False,1.0,0.0,,VEHICLE_PROTOCOL_DOCUMENTED,UNKNOWN
acura.rdx.gen3.us.2020,acura_rdx_2020_can_generated.dbc,vehicle_can,RIGHT_LANE_LINE_2,0x244,FRAME_INDEX,,7,4,motorola,False,1.0,0.0,,VEHICLE_PROTOCOL_DOCUMENTED,UNKNOWN
acura.rdx.gen3.us.2020,acura_rdx_2020_can_generated.dbc,vehicle_can,RIGHT_LANE_LINE_2,0x244,COUNTER,,61,2,motorola,False,1.0,0.0,,VEHICLE_PROTOCOL_DOCUMENTED,UNKNOWN
acura.rdx.gen3.us.2020,acura_rdx_2020_can_generated.dbc,vehicle_can,RIGHT_LANE_LINE_2,0x244,CHECKSUM,,59,4,motorola,False,1.0,0.0,,VEHICLE_PROTOCOL_DOCUMENTED,UNKNOWN
acura.rdx.gen3.us.2020,acura_rdx_2020_can_generated.dbc,vehicle_can,ADJACENT_LEFT_LANE_LINE_1,0x246,LINE_DISTANCE_VISIBLE,,39,9,motorola,False,1.0,0.0,,VEHICLE_PROTOCOL_DOCUMENTED,UNKNOWN
acura.rdx.gen3.us.2020,acura_rdx_2020_can_generated.dbc,vehicle_can,ADJACENT_LEFT_LANE_LINE_1,0x246,LINE_PROBABILITY,,46,6,motorola,False,0.015625,0.0,,VEHICLE_PROTOCOL_DOCUMENTED,UNKNOWN
acura.rdx.gen3.us.2020,acura_rdx_2020_can_generated.dbc,vehicle_can,ADJACENT_LEFT_LANE_LINE_1,0x246,LINE_OFFSET,,23,12,motorola,False,0.004,-8.192,Meters,VEHICLE_PROTOCOL_DOCUMENTED,UNKNOWN
acura.rdx.gen3.us.2020,acura_rdx_2020_can_generated.dbc,vehicle_can,ADJACENT_LEFT_LANE_LINE_1,0x246,LINE_ANGLE,,7,12,motorola,False,0.0005,-1.024,,VEHICLE_PROTOCOL_DOCUMENTED,UNKNOWN
acura.rdx.gen3.us.2020,acura_rdx_2020_can_generated.dbc,vehicle_can,ADJACENT_LEFT_LANE_LINE_1,0x246,FRAME_INDEX,,8,4,intel,False,1.0,0.0,,VEHICLE_PROTOCOL_DOCUMENTED,UNKNOWN
acura.rdx.gen3.us.2020,acura_rdx_2020_can_generated.dbc,vehicle_can,ADJACENT_LEFT_LANE_LINE_1,0x246,COUNTER,,61,2,motorola,False,1.0,0.0,,VEHICLE_PROTOCOL_DOCUMENTED,UNKNOWN
acura.rdx.gen3.us.2020,acura_rdx_2020_can_generated.dbc,vehicle_can,ADJACENT_LEFT_LANE_LINE_1,0x246,CHECKSUM,,59,4,motorola,False,1.0,0.0,,VEHICLE_PROTOCOL_DOCUMENTED,UNKNOWN
acura.rdx.gen3.us.2020,acura_rdx_2020_can_generated.dbc,vehicle_can,ADJACENT_LEFT_LANE_LINE_2,0x247,LINE_FAR_EDGE_POSITION,,55,8,motorola,False,1.0,-128.0,,VEHICLE_PROTOCOL_DOCUMENTED,UNKNOWN
acura.rdx.gen3.us.2020,acura_rdx_2020_can_generated.dbc,vehicle_can,ADJACENT_LEFT_LANE_LINE_2,0x247,LINE_SOLID,,13,1,motorola,False,1.0,0.0,,VEHICLE_PROTOCOL_DOCUMENTED,UNKNOWN
acura.rdx.gen3.us.2020,acura_rdx_2020_can_generated.dbc,vehicle_can,ADJACENT_LEFT_LANE_LINE_2,0x247,LINE_DASHED,,14,1,motorola,False,1.0,0.0,,VEHICLE_PROTOCOL_DOCUMENTED,UNKNOWN
acura.rdx.gen3.us.2020,acura_rdx_2020_can_generated.dbc,vehicle_can,ADJACENT_LEFT_LANE_LINE_2,0x247,LINE_CURVATURE,,23,12,motorola,False,1e-05,-0.02048,,VEHICLE_PROTOCOL_DOCUMENTED,UNKNOWN
acura.rdx.gen3.us.2020,acura_rdx_2020_can_generated.dbc,vehicle_can,ADJACENT_LEFT_LANE_LINE_2,0x247,LINE_PARAMETER,,39,12,motorola,False,1.0,0.0,,VEHICLE_PROTOCOL_DOCUMENTED,UNKNOWN
acura.rdx.gen3.us.2020,acura_rdx_2020_can_generated.dbc,vehicle_can,ADJACENT_LEFT_LANE_LINE_2,0x247,FRAME_INDEX,,7,4,motorola,False,1.0,0.0,,VEHICLE_PROTOCOL_DOCUMENTED,UNKNOWN
acura.rdx.gen3.us.2020,acura_rdx_2020_can_generated.dbc,vehicle_can,ADJACENT_LEFT_LANE_LINE_2,0x247,COUNTER,,61,2,motorola,False,1.0,0.0,,VEHICLE_PROTOCOL_DOCUMENTED,UNKNOWN
acura.rdx.gen3.us.2020,acura_rdx_2020_can_generated.dbc,vehicle_can,ADJACENT_LEFT_LANE_LINE_2,0x247,CHECKSUM,,59,4,motorola,False,1.0,0.0,,VEHICLE_PROTOCOL_DOCUMENTED,UNKNOWN
acura.rdx.gen3.us.2020,acura_rdx_2020_can_generated.dbc,vehicle_can,ADJACENT_RIGHT_LANE_LINE_1,0x249,LINE_DISTANCE_VISIBLE,,39,9,motorola,False,1.0,0.0,,VEHICLE_PROTOCOL_DOCUMENTED,UNKNOWN
acura.rdx.gen3.us.2020,acura_rdx_2020_can_generated.dbc,vehicle_can,ADJACENT_RIGHT_LANE_LINE_1,0x249,LINE_PROBABILITY,,46,6,motorola,False,0.015625,0.0,,VEHICLE_PROTOCOL_DOCUMENTED,UNKNOWN
acura.rdx.gen3.us.2020,acura_rdx_2020_can_generated.dbc,vehicle_can,ADJACENT_RIGHT_LANE_LINE_1,0x249,LINE_OFFSET,,23,12,motorola,False,0.004,-8.192,Meters,VEHICLE_PROTOCOL_DOCUMENTED,UNKNOWN
acura.rdx.gen3.us.2020,acura_rdx_2020_can_generated.dbc,vehicle_can,ADJACENT_RIGHT_LANE_LINE_1,0x249,LINE_ANGLE,,7,12,motorola,False,0.0005,-1.024,,VEHICLE_PROTOCOL_DOCUMENTED,UNKNOWN
acura.rdx.gen3.us.2020,acura_rdx_2020_can_generated.dbc,vehicle_can,ADJACENT_RIGHT_LANE_LINE_1,0x249,FRAME_INDEX,,8,4,intel,False,1.0,0.0,,VEHICLE_PROTOCOL_DOCUMENTED,UNKNOWN
acura.rdx.gen3.us.2020,acura_rdx_2020_can_generated.dbc,vehicle_can,ADJACENT_RIGHT_LANE_LINE_1,0x249,COUNTER,,61,2,motorola,False,1.0,0.0,,VEHICLE_PROTOCOL_DOCUMENTED,UNKNOWN
acura.rdx.gen3.us.2020,acura_rdx_2020_can_generated.dbc,vehicle_can,ADJACENT_RIGHT_LANE_LINE_1,0x249,CHECKSUM,,59,4,motorola,False,1.0,0.0,,VEHICLE_PROTOCOL_DOCUMENTED,UNKNOWN
acura.rdx.gen3.us.2020,acura_rdx_2020_can_generated.dbc,vehicle_can,ADJACENT_RIGHT_LANE_LINE_2,0x24a,LINE_FAR_EDGE_POSITION,,55,8,motorola,False,1.0,-128.0,,VEHICLE_PROTOCOL_DOCUMENTED,UNKNOWN
acura.rdx.gen3.us.2020,acura_rdx_2020_can_generated.dbc,vehicle_can,ADJACENT_RIGHT_LANE_LINE_2,0x24a,LINE_SOLID,,13,1,motorola,False,1.0,0.0,,VEHICLE_PROTOCOL_DOCUMENTED,UNKNOWN
acura.rdx.gen3.us.2020,acura_rdx_2020_can_generated.dbc,vehicle_can,ADJACENT_RIGHT_LANE_LINE_2,0x24a,LINE_DASHED,,14,1,motorola,False,1.0,0.0,,VEHICLE_PROTOCOL_DOCUMENTED,UNKNOWN
acura.rdx.gen3.us.2020,acura_rdx_2020_can_generated.dbc,vehicle_can,ADJACENT_RIGHT_LANE_LINE_2,0x24a,LINE_CURVATURE,,23,12,motorola,False,1e-05,-0.02048,,VEHICLE_PROTOCOL_DOCUMENTED,UNKNOWN
acura.rdx.gen3.us.2020,acura_rdx_2020_can_generated.dbc,vehicle_can,ADJACENT_RIGHT_LANE_LINE_2,0x24a,LINE_PARAMETER,,39,12,motorola,False,1.0,0.0,,VEHICLE_PROTOCOL_DOCUMENTED,UNKNOWN
acura.rdx.gen3.us.2020,acura_rdx_2020_can_generated.dbc,vehicle_can,ADJACENT_RIGHT_LANE_LINE_2,0x24a,FRAME_INDEX,,7,4,motorola,False,1.0,0.0,,VEHICLE_PROTOCOL_DOCUMENTED,UNKNOWN
acura.rdx.gen3.us.2020,acura_rdx_2020_can_generated.dbc,vehicle_can,ADJACENT_RIGHT_LANE_LINE_2,0x24a,COUNTER,,61,2,motorola,False,1.0,0.0,,VEHICLE_PROTOCOL_DOCUMENTED,UNKNOWN
acura.rdx.gen3.us.2020,acura_rdx_2020_can_generated.dbc,vehicle_can,ADJACENT_RIGHT_LANE_LINE_2,0x24a,CHECKSUM,,59,4,motorola,False,1.0,0.0,,VEHICLE_PROTOCOL_DOCUMENTED,UNKNOWN
acura.rdx.gen3.us.2020,acura_rdx_2020_can_generated.dbc,vehicle_can,ROUGH_WHEEL_SPEED,0x255,WHEEL_SPEED_FL,,7,8,motorola,False,1.0,0.0,mph,VEHICLE_PROTOCOL_DOCUMENTED,POWERTRAIN_ONLY
acura.rdx.gen3.us.2020,acura_rdx_2020_can_generated.dbc,vehicle_can,ROUGH_WHEEL_SPEED,0x255,WHEEL_SPEED_FR,,15,8,motorola,False,1.0,0.0,mph,VEHICLE_PROTOCOL_DOCUMENTED,POWERTRAIN_ONLY
acura.rdx.gen3.us.2020,acura_rdx_2020_can_generated.dbc,vehicle_can,ROUGH_WHEEL_SPEED,0x255,WHEEL_SPEED_RL,,23,8,motorola,False,1.0,0.0,mph,VEHICLE_PROTOCOL_DOCUMENTED,POWERTRAIN_ONLY
acura.rdx.gen3.us.2020,acura_rdx_2020_can_generated.dbc,vehicle_can,ROUGH_WHEEL_SPEED,0x255,WHEEL_SPEED_RR,,31,8,motorola,False,1.0,0.0,mph,VEHICLE_PROTOCOL_DOCUMENTED,POWERTRAIN_ONLY
acura.rdx.gen3.us.2020,acura_rdx_2020_can_generated.dbc,vehicle_can,ROUGH_WHEEL_SPEED,0x255,SET_TO_X55,,39,8,motorola,False,1.0,0.0,,VEHICLE_PROTOCOL_DOCUMENTED,POWERTRAIN_ONLY
acura.rdx.gen3.us.2020,acura_rdx_2020_can_generated.dbc,vehicle_can,ROUGH_WHEEL_SPEED,0x255,SET_TO_X55_2,,47,8,motorola,False,1.0,0.0,,VEHICLE_PROTOCOL_DOCUMENTED,POWERTRAIN_ONLY
acura.rdx.gen3.us.2020,acura_rdx_2020_can_generated.dbc,vehicle_can,ROUGH_WHEEL_SPEED,0x255,LONG_COUNTER,,55,8,motorola,False,1.0,0.0,,VEHICLE_PROTOCOL_DOCUMENTED,POWERTRAIN_ONLY
acura.rdx.gen3.us.2020,acura_rdx_2020_can_generated.dbc,vehicle_can,ROUGH_WHEEL_SPEED,0x255,CHECKSUM,,59,4,motorola,False,1.0,0.0,,VEHICLE_PROTOCOL_DOCUMENTED,POWERTRAIN_ONLY
acura.rdx.gen3.us.2020,acura_rdx_2020_can_generated.dbc,vehicle_can,ROUGH_WHEEL_SPEED,0x255,COUNTER,,61,2,motorola,False,1.0,0.0,,VEHICLE_PROTOCOL_DOCUMENTED,POWERTRAIN_ONLY
acura.rdx.gen3.us.2020,acura_rdx_2020_can_generated.dbc,vehicle_can,SCM_BUTTONS,0x296,CRUISE_BUTTONS,,7,3,motorola,False,1.0,0.0,,VEHICLE_PROTOCOL_DOCUMENTED,BODY_RELEVANT
acura.rdx.gen3.us.2020,acura_rdx_2020_can_generated.dbc,vehicle_can,SCM_BUTTONS,0x296,CRUISE_SETTING,,3,2,motorola,False,1.0,0.0,,VEHICLE_PROTOCOL_DOCUMENTED,BODY_RELEVANT
acura.rdx.gen3.us.2020,acura_rdx_2020_can_generated.dbc,vehicle_can,SCM_BUTTONS,0x296,COUNTER,,29,2,motorola,False,1.0,0.0,,VEHICLE_PROTOCOL_DOCUMENTED,BODY_RELEVANT
acura.rdx.gen3.us.2020,acura_rdx_2020_can_generated.dbc,vehicle_can,SCM_BUTTONS,0x296,CHECKSUM,,27,4,motorola,False,1.0,0.0,,VEHICLE_PROTOCOL_DOCUMENTED,BODY_RELEVANT
acura.rdx.gen3.us.2020,acura_rdx_2020_can_generated.dbc,vehicle_can,SCM_FEEDBACK,0x326,DRIVERS_DOOR_OPEN,,17,1,motorola,False,1.0,0.0,,VEHICLE_PROTOCOL_DOCUMENTED,DISPLAY_RELEVANT
acura.rdx.gen3.us.2020,acura_rdx_2020_can_generated.dbc,vehicle_can,SCM_FEEDBACK,0x326,MAIN_ON,,28,1,motorola,False,1.0,0.0,,VEHICLE_PROTOCOL_DOCUMENTED,DISPLAY_RELEVANT
acura.rdx.gen3.us.2020,acura_rdx_2020_can_generated.dbc,vehicle_can,SCM_FEEDBACK,0x326,RIGHT_BLINKER,lighting.right_indicator,27,1,motorola,False,1.0,0.0,,CLUSTER_RELEVANT_SIGNAL_DOCUMENTED,DISPLAY_RELEVANT
acura.rdx.gen3.us.2020,acura_rdx_2020_can_generated.dbc,vehicle_can,SCM_FEEDBACK,0x326,LEFT_BLINKER,lighting.left_indicator,26,1,motorola,False,1.0,0.0,,CLUSTER_RELEVANT_SIGNAL_DOCUMENTED,DISPLAY_RELEVANT
acura.rdx.gen3.us.2020,acura_rdx_2020_can_generated.dbc,vehicle_can,SCM_FEEDBACK,0x326,CMBS_STATES,,22,2,motorola,False,1.0,0.0,,VEHICLE_PROTOCOL_DOCUMENTED,DISPLAY_RELEVANT
acura.rdx.gen3.us.2020,acura_rdx_2020_can_generated.dbc,vehicle_can,SCM_FEEDBACK,0x326,COUNTER,,61,2,motorola,False,1.0,0.0,,VEHICLE_PROTOCOL_DOCUMENTED,DISPLAY_RELEVANT
acura.rdx.gen3.us.2020,acura_rdx_2020_can_generated.dbc,vehicle_can,SCM_FEEDBACK,0x326,CHECKSUM,,59,4,motorola,False,1.0,0.0,,VEHICLE_PROTOCOL_DOCUMENTED,DISPLAY_RELEVANT
acura.rdx.gen3.us.2020,acura_rdx_2020_can_generated.dbc,vehicle_can,CAMERA_MESSAGES,0x35e,ZEROS_BOH,,7,50,motorola,False,1.0,0.0,,VEHICLE_PROTOCOL_DOCUMENTED,ADAS_ONLY
acura.rdx.gen3.us.2020,acura_rdx_2020_can_generated.dbc,vehicle_can,CAMERA_MESSAGES,0x35e,AUTO_HIGHBEAMS_ACTIVE,,53,1,motorola,False,1.0,0.0,,VEHICLE_PROTOCOL_DOCUMENTED,ADAS_ONLY
acura.rdx.gen3.us.2020,acura_rdx_2020_can_generated.dbc,vehicle_can,CAMERA_MESSAGES,0x35e,HIGHBEAMS_ON,,52,1,motorola,False,1.0,0.0,,VEHICLE_PROTOCOL_DOCUMENTED,ADAS_ONLY
acura.rdx.gen3.us.2020,acura_rdx_2020_can_generated.dbc,vehicle_can,CAMERA_MESSAGES,0x35e,ZEROS_BOH_2,,51,4,motorola,False,1.0,0.0,,VEHICLE_PROTOCOL_DOCUMENTED,ADAS_ONLY
acura.rdx.gen3.us.2020,acura_rdx_2020_can_generated.dbc,vehicle_can,CAMERA_MESSAGES,0x35e,COUNTER,,61,2,motorola,False,1.0,0.0,,VEHICLE_PROTOCOL_DOCUMENTED,ADAS_ONLY
acura.rdx.gen3.us.2020,acura_rdx_2020_can_generated.dbc,vehicle_can,CAMERA_MESSAGES,0x35e,CHECKSUM,,59,4,motorola,False,1.0,0.0,,VEHICLE_PROTOCOL_DOCUMENTED,ADAS_ONLY
acura.rdx.gen3.us.2020,acura_rdx_2020_can_generated.dbc,vehicle_can,RADAR_HUD,0x39f,ZEROS_BOH,,7,10,motorola,False,1.0,0.0,,VEHICLE_PROTOCOL_DOCUMENTED,ADAS_ONLY
acura.rdx.gen3.us.2020,acura_rdx_2020_can_generated.dbc,vehicle_can,RADAR_HUD,0x39f,CMBS_OFF,,12,1,motorola,False,1.0,0.0,,VEHICLE_PROTOCOL_DOCUMENTED,ADAS_ONLY
acura.rdx.gen3.us.2020,acura_rdx_2020_can_generated.dbc,vehicle_can,RADAR_HUD,0x39f,RESUME_INSTRUCTION,,21,1,motorola,False,1.0,0.0,,VEHICLE_PROTOCOL_DOCUMENTED,ADAS_ONLY
acura.rdx.gen3.us.2020,acura_rdx_2020_can_generated.dbc,vehicle_can,RADAR_HUD,0x39f,SET_TO_1,,13,1,motorola,False,1.0,0.0,,VEHICLE_PROTOCOL_DOCUMENTED,ADAS_ONLY
acura.rdx.gen3.us.2020,acura_rdx_2020_can_generated.dbc,vehicle_can,RADAR_HUD,0x39f,ZEROS_BOH2,,11,4,motorola,False,1.0,0.0,,VEHICLE_PROTOCOL_DOCUMENTED,ADAS_ONLY
acura.rdx.gen3.us.2020,acura_rdx_2020_can_generated.dbc,vehicle_can,RADAR_HUD,0x39f,APPLY_BRAKES_FOR_CANC,,23,1,motorola,False,1.0,0.0,,VEHICLE_PROTOCOL_DOCUMENTED,ADAS_ONLY
acura.rdx.gen3.us.2020,acura_rdx_2020_can_generated.dbc,vehicle_can,RADAR_HUD,0x39f,ACC_ALERTS,,20,5,motorola,False,1.0,0.0,,VEHICLE_PROTOCOL_DOCUMENTED,ADAS_ONLY
acura.rdx.gen3.us.2020,acura_rdx_2020_can_generated.dbc,vehicle_can,RADAR_HUD,0x39f,SET_TO_0,,22,1,motorola,False,1.0,0.0,,VEHICLE_PROTOCOL_DOCUMENTED,ADAS_ONLY
acura.rdx.gen3.us.2020,acura_rdx_2020_can_generated.dbc,vehicle_can,RADAR_HUD,0x39f,HUD_LEAD,,40,1,motorola,False,1.0,0.0,,VEHICLE_PROTOCOL_DOCUMENTED,ADAS_ONLY
acura.rdx.gen3.us.2020,acura_rdx_2020_can_generated.dbc,vehicle_can,RADAR_HUD,0x39f,SET_TO_64,,31,8,motorola,False,1.0,0.0,,VEHICLE_PROTOCOL_DOCUMENTED,ADAS_ONLY
acura.rdx.gen3.us.2020,acura_rdx_2020_can_generated.dbc,vehicle_can,RADAR_HUD,0x39f,LEAD_DISTANCE,,39,8,motorola,False,1.0,0.0,,VEHICLE_PROTOCOL_DOCUMENTED,ADAS_ONLY
acura.rdx.gen3.us.2020,acura_rdx_2020_can_generated.dbc,vehicle_can,RADAR_HUD,0x39f,ZEROS_BOH3,,47,7,motorola,False,1.0,0.0,,VEHICLE_PROTOCOL_DOCUMENTED,ADAS_ONLY
acura.rdx.gen3.us.2020,acura_rdx_2020_can_generated.dbc,vehicle_can,RADAR_HUD,0x39f,ZEROS_BOH4,,55,8,motorola,False,1.0,0.0,,VEHICLE_PROTOCOL_DOCUMENTED,ADAS_ONLY
acura.rdx.gen3.us.2020,acura_rdx_2020_can_generated.dbc,vehicle_can,RADAR_HUD,0x39f,COUNTER,,61,2,motorola,False,1.0,0.0,,VEHICLE_PROTOCOL_DOCUMENTED,ADAS_ONLY
acura.rdx.gen3.us.2020,acura_rdx_2020_can_generated.dbc,vehicle_can,RADAR_HUD,0x39f,CHECKSUM,,59,4,motorola,False,1.0,0.0,,VEHICLE_PROTOCOL_DOCUMENTED,ADAS_ONLY
acura.rdx.gen3.us.2020,acura_rdx_2020_can_generated.dbc,vehicle_can,LKAS_HUD_A,0x000033DA,CAM_TEMP_HIGH,,7,1,motorola,False,1.0,0.0,,VEHICLE_PROTOCOL_DOCUMENTED,ADAS_ONLY
acura.rdx.gen3.us.2020,acura_rdx_2020_can_generated.dbc,vehicle_can,LKAS_HUD_A,0x000033DA,SET_ME_X41,,6,7,motorola,False,1.0,0.0,,VEHICLE_PROTOCOL_DOCUMENTED,ADAS_ONLY
acura.rdx.gen3.us.2020,acura_rdx_2020_can_generated.dbc,vehicle_can,LKAS_HUD_A,0x000033DA,BOH,,6,7,motorola,False,1.0,0.0,,VEHICLE_PROTOCOL_DOCUMENTED,ADAS_ONLY
acura.rdx.gen3.us.2020,acura_rdx_2020_can_generated.dbc,vehicle_can,LKAS_HUD_A,0x000033DA,DASHED_LANES,,14,1,motorola,False,1.0,0.0,,VEHICLE_PROTOCOL_DOCUMENTED,ADAS_ONLY
acura.rdx.gen3.us.2020,acura_rdx_2020_can_generated.dbc,vehicle_can,LKAS_HUD_A,0x000033DA,DTC,,13,1,motorola,False,1.0,0.0,,VEHICLE_PROTOCOL_DOCUMENTED,ADAS_ONLY
acura.rdx.gen3.us.2020,acura_rdx_2020_can_generated.dbc,vehicle_can,LKAS_HUD_A,0x000033DA,LKAS_PROBLEM,,12,1,motorola,False,1.0,0.0,,VEHICLE_PROTOCOL_DOCUMENTED,ADAS_ONLY
acura.rdx.gen3.us.2020,acura_rdx_2020_can_generated.dbc,vehicle_can,LKAS_HUD_A,0x000033DA,LKAS_OFF,,11,1,motorola,False,1.0,0.0,,VEHICLE_PROTOCOL_DOCUMENTED,ADAS_ONLY
acura.rdx.gen3.us.2020,acura_rdx_2020_can_generated.dbc,vehicle_can,LKAS_HUD_A,0x000033DA,SOLID_LANES,,10,1,motorola,False,1.0,0.0,,VEHICLE_PROTOCOL_DOCUMENTED,ADAS_ONLY
acura.rdx.gen3.us.2020,acura_rdx_2020_can_generated.dbc,vehicle_can,LKAS_HUD_A,0x000033DA,LDW_RIGHT,,9,1,motorola,False,1.0,0.0,,VEHICLE_PROTOCOL_DOCUMENTED,ADAS_ONLY
acura.rdx.gen3.us.2020,acura_rdx_2020_can_generated.dbc,vehicle_can,LKAS_HUD_A,0x000033DA,STEERING_REQUIRED,,8,1,motorola,False,1.0,0.0,,VEHICLE_PROTOCOL_DOCUMENTED,ADAS_ONLY
acura.rdx.gen3.us.2020,acura_rdx_2020_can_generated.dbc,vehicle_can,LKAS_HUD_A,0x000033DA,BOH_2,,23,2,motorola,False,1.0,0.0,,VEHICLE_PROTOCOL_DOCUMENTED,ADAS_ONLY
acura.rdx.gen3.us.2020,acura_rdx_2020_can_generated.dbc,vehicle_can,LKAS_HUD_A,0x000033DA,LDW_PROBLEM,,21,1,motorola,False,1.0,0.0,,VEHICLE_PROTOCOL_DOCUMENTED,ADAS_ONLY
acura.rdx.gen3.us.2020,acura_rdx_2020_can_generated.dbc,vehicle_can,LKAS_HUD_A,0x000033DA,BEEP,,17,2,motorola,False,1.0,0.0,,VEHICLE_PROTOCOL_DOCUMENTED,ADAS_ONLY
acura.rdx.gen3.us.2020,acura_rdx_2020_can_generated.dbc,vehicle_can,LKAS_HUD_A,0x000033DA,SET_ME_X01,,20,1,motorola,False,1.0,0.0,,VEHICLE_PROTOCOL_DOCUMENTED,ADAS_ONLY
acura.rdx.gen3.us.2020,acura_rdx_2020_can_generated.dbc,vehicle_can,LKAS_HUD_A,0x000033DA,LDW_ON,,28,1,motorola,False,1.0,0.0,,VEHICLE_PROTOCOL_DOCUMENTED,ADAS_ONLY
acura.rdx.gen3.us.2020,acura_rdx_2020_can_generated.dbc,vehicle_can,LKAS_HUD_A,0x000033DA,LDW_OFF,,27,1,motorola,False,1.0,0.0,,VEHICLE_PROTOCOL_DOCUMENTED,ADAS_ONLY
acura.rdx.gen3.us.2020,acura_rdx_2020_can_generated.dbc,vehicle_can,LKAS_HUD_A,0x000033DA,CLEAN_WINDSHIELD,,26,1,motorola,False,1.0,0.0,,VEHICLE_PROTOCOL_DOCUMENTED,ADAS_ONLY
acura.rdx.gen3.us.2020,acura_rdx_2020_can_generated.dbc,vehicle_can,LKAS_HUD_A,0x000033DA,COUNTER,,37,2,motorola,False,1.0,0.0,,VEHICLE_PROTOCOL_DOCUMENTED,ADAS_ONLY
acura.rdx.gen3.us.2020,acura_rdx_2020_can_generated.dbc,vehicle_can,LKAS_HUD_A,0x000033DA,CHECKSUM,,35,4,motorola,False,1.0,0.0,,VEHICLE_PROTOCOL_DOCUMENTED,ADAS_ONLY
acura.rdx.gen3.us.2020,acura_rdx_2020_can_generated.dbc,vehicle_can,LKAS_HUD_B,0x000033DB,CAM_TEMP_HIGH,,7,1,motorola,False,1.0,0.0,,VEHICLE_PROTOCOL_DOCUMENTED,ADAS_ONLY
acura.rdx.gen3.us.2020,acura_rdx_2020_can_generated.dbc,vehicle_can,LKAS_HUD_B,0x000033DB,SET_ME_X41,,6,7,motorola,False,1.0,0.0,,VEHICLE_PROTOCOL_DOCUMENTED,ADAS_ONLY
acura.rdx.gen3.us.2020,acura_rdx_2020_can_generated.dbc,vehicle_can,LKAS_HUD_B,0x000033DB,BOH,,6,7,motorola,False,1.0,0.0,,VEHICLE_PROTOCOL_DOCUMENTED,ADAS_ONLY
acura.rdx.gen3.us.2020,acura_rdx_2020_can_generated.dbc,vehicle_can,LKAS_HUD_B,0x000033DB,DASHED_LANES,,14,1,motorola,False,1.0,0.0,,VEHICLE_PROTOCOL_DOCUMENTED,ADAS_ONLY
acura.rdx.gen3.us.2020,acura_rdx_2020_can_generated.dbc,vehicle_can,LKAS_HUD_B,0x000033DB,DTC,,13,1,motorola,False,1.0,0.0,,VEHICLE_PROTOCOL_DOCUMENTED,ADAS_ONLY
acura.rdx.gen3.us.2020,acura_rdx_2020_can_generated.dbc,vehicle_can,LKAS_HUD_B,0x000033DB,LKAS_PROBLEM,,12,1,motorola,False,1.0,0.0,,VEHICLE_PROTOCOL_DOCUMENTED,ADAS_ONLY
acura.rdx.gen3.us.2020,acura_rdx_2020_can_generated.dbc,vehicle_can,LKAS_HUD_B,0x000033DB,LKAS_OFF,,11,1,motorola,False,1.0,0.0,,VEHICLE_PROTOCOL_DOCUMENTED,ADAS_ONLY
acura.rdx.gen3.us.2020,acura_rdx_2020_can_generated.dbc,vehicle_can,LKAS_HUD_B,0x000033DB,SOLID_LANES,,10,1,motorola,False,1.0,0.0,,VEHICLE_PROTOCOL_DOCUMENTED,ADAS_ONLY
acura.rdx.gen3.us.2020,acura_rdx_2020_can_generated.dbc,vehicle_can,LKAS_HUD_B,0x000033DB,LDW_RIGHT,,9,1,motorola,False,1.0,0.0,,VEHICLE_PROTOCOL_DOCUMENTED,ADAS_ONLY
acura.rdx.gen3.us.2020,acura_rdx_2020_can_generated.dbc,vehicle_can,LKAS_HUD_B,0x000033DB,STEERING_REQUIRED,,8,1,motorola,False,1.0,0.0,,VEHICLE_PROTOCOL_DOCUMENTED,ADAS_ONLY
acura.rdx.gen3.us.2020,acura_rdx_2020_can_generated.dbc,vehicle_can,LKAS_HUD_B,0x000033DB,BOH_2,,23,2,motorola,False,1.0,0.0,,VEHICLE_PROTOCOL_DOCUMENTED,ADAS_ONLY
acura.rdx.gen3.us.2020,acura_rdx_2020_can_generated.dbc,vehicle_can,LKAS_HUD_B,0x000033DB,LDW_PROBLEM,,21,1,motorola,False,1.0,0.0,,VEHICLE_PROTOCOL_DOCUMENTED,ADAS_ONLY
acura.rdx.gen3.us.2020,acura_rdx_2020_can_generated.dbc,vehicle_can,LKAS_HUD_B,0x000033DB,BEEP,,17,2,motorola,False,1.0,0.0,,VEHICLE_PROTOCOL_DOCUMENTED,ADAS_ONLY
acura.rdx.gen3.us.2020,acura_rdx_2020_can_generated.dbc,vehicle_can,LKAS_HUD_B,0x000033DB,SET_ME_X01,,20,1,motorola,False,1.0,0.0,,VEHICLE_PROTOCOL_DOCUMENTED,ADAS_ONLY
acura.rdx.gen3.us.2020,acura_rdx_2020_can_generated.dbc,vehicle_can,LKAS_HUD_B,0x000033DB,LDW_ON,,28,1,motorola,False,1.0,0.0,,VEHICLE_PROTOCOL_DOCUMENTED,ADAS_ONLY
acura.rdx.gen3.us.2020,acura_rdx_2020_can_generated.dbc,vehicle_can,LKAS_HUD_B,0x000033DB,LDW_OFF,,27,1,motorola,False,1.0,0.0,,VEHICLE_PROTOCOL_DOCUMENTED,ADAS_ONLY
acura.rdx.gen3.us.2020,acura_rdx_2020_can_generated.dbc,vehicle_can,LKAS_HUD_B,0x000033DB,CLEAN_WINDSHIELD,,26,1,motorola,False,1.0,0.0,,VEHICLE_PROTOCOL_DOCUMENTED,ADAS_ONLY
acura.rdx.gen3.us.2020,acura_rdx_2020_can_generated.dbc,vehicle_can,LKAS_HUD_B,0x000033DB,COUNTER,,61,2,motorola,False,1.0,0.0,,VEHICLE_PROTOCOL_DOCUMENTED,ADAS_ONLY
acura.rdx.gen3.us.2020,acura_rdx_2020_can_generated.dbc,vehicle_can,LKAS_HUD_B,0x000033DB,CHECKSUM,,59,4,motorola,False,1.0,0.0,,VEHICLE_PROTOCOL_DOCUMENTED,ADAS_ONLY
acura.rdx.gen3.us.2020,acura_rdx_2020_can_generated.dbc,vehicle_can,ACC_CONTROL,0x1df,SET_TO_0,,20,5,motorola,False,1.0,0.0,,VEHICLE_PROTOCOL_DOCUMENTED,ADAS_ONLY
acura.rdx.gen3.us.2020,acura_rdx_2020_can_generated.dbc,vehicle_can,ACC_CONTROL,0x1df,CONTROL_ON,,23,3,motorola,False,1.0,0.0,,VEHICLE_PROTOCOL_DOCUMENTED,ADAS_ONLY
acura.rdx.gen3.us.2020,acura_rdx_2020_can_generated.dbc,vehicle_can,ACC_CONTROL,0x1df,GAS_COMMAND,,7,16,motorola,True,1.0,0.0,,VEHICLE_PROTOCOL_DOCUMENTED,ADAS_ONLY
acura.rdx.gen3.us.2020,acura_rdx_2020_can_generated.dbc,vehicle_can,ACC_CONTROL,0x1df,ACCEL_COMMAND,,31,11,motorola,True,0.01,0.0,m/s2,VEHICLE_PROTOCOL_DOCUMENTED,ADAS_ONLY
acura.rdx.gen3.us.2020,acura_rdx_2020_can_generated.dbc,vehicle_can,ACC_CONTROL,0x1df,BRAKE_LIGHTS,,62,1,motorola,False,1.0,0.0,,VEHICLE_PROTOCOL_DOCUMENTED,ADAS_ONLY
acura.rdx.gen3.us.2020,acura_rdx_2020_can_generated.dbc,vehicle_can,ACC_CONTROL,0x1df,BRAKE_REQUEST,,34,1,motorola,False,1.0,0.0,,VEHICLE_PROTOCOL_DOCUMENTED,ADAS_ONLY
acura.rdx.gen3.us.2020,acura_rdx_2020_can_generated.dbc,vehicle_can,ACC_CONTROL,0x1df,STANDSTILL,,35,1,motorola,False,1.0,0.0,,VEHICLE_PROTOCOL_DOCUMENTED,ADAS_ONLY
acura.rdx.gen3.us.2020,acura_rdx_2020_can_generated.dbc,vehicle_can,ACC_CONTROL,0x1df,STANDSTILL_RELEASE,,36,1,motorola,False,1.0,0.0,,VEHICLE_PROTOCOL_DOCUMENTED,ADAS_ONLY
acura.rdx.gen3.us.2020,acura_rdx_2020_can_generated.dbc,vehicle_can,ACC_CONTROL,0x1df,AEB_STATUS,,33,1,motorola,False,1.0,0.0,,VEHICLE_PROTOCOL_DOCUMENTED,ADAS_ONLY
acura.rdx.gen3.us.2020,acura_rdx_2020_can_generated.dbc,vehicle_can,ACC_CONTROL,0x1df,AEB_BRAKING,,47,1,motorola,False,1.0,0.0,,VEHICLE_PROTOCOL_DOCUMENTED,ADAS_ONLY
acura.rdx.gen3.us.2020,acura_rdx_2020_can_generated.dbc,vehicle_can,ACC_CONTROL,0x1df,AEB_PREPARE,,43,1,motorola,False,1.0,0.0,,VEHICLE_PROTOCOL_DOCUMENTED,ADAS_ONLY
acura.rdx.gen3.us.2020,acura_rdx_2020_can_generated.dbc,vehicle_can,ACC_CONTROL,0x1df,COUNTER,,61,2,motorola,False,1.0,0.0,,VEHICLE_PROTOCOL_DOCUMENTED,ADAS_ONLY
acura.rdx.gen3.us.2020,acura_rdx_2020_can_generated.dbc,vehicle_can,ACC_CONTROL,0x1df,CHECKSUM,,59,4,motorola,False,1.0,0.0,,VEHICLE_PROTOCOL_DOCUMENTED,ADAS_ONLY
acura.rdx.gen3.us.2020,acura_rdx_2020_can_generated.dbc,vehicle_can,ACC_CONTROL_ON,0x1ef,SET_TO_75,,31,8,motorola,False,1.0,0.0,,VEHICLE_PROTOCOL_DOCUMENTED,ADAS_ONLY
acura.rdx.gen3.us.2020,acura_rdx_2020_can_generated.dbc,vehicle_can,ACC_CONTROL_ON,0x1ef,SET_TO_30,,39,8,motorola,False,1.0,0.0,,VEHICLE_PROTOCOL_DOCUMENTED,ADAS_ONLY
acura.rdx.gen3.us.2020,acura_rdx_2020_can_generated.dbc,vehicle_can,ACC_CONTROL_ON,0x1ef,ZEROS_BOH,,23,8,motorola,False,1.0,0.0,,VEHICLE_PROTOCOL_DOCUMENTED,ADAS_ONLY
acura.rdx.gen3.us.2020,acura_rdx_2020_can_generated.dbc,vehicle_can,ACC_CONTROL_ON,0x1ef,ZEROS_BOH2,,47,16,motorola,False,1.0,0.0,,VEHICLE_PROTOCOL_DOCUMENTED,ADAS_ONLY
acura.rdx.gen3.us.2020,acura_rdx_2020_can_generated.dbc,vehicle_can,ACC_CONTROL_ON,0x1ef,SET_TO_FF,,15,8,motorola,False,1.0,0.0,,VEHICLE_PROTOCOL_DOCUMENTED,ADAS_ONLY
acura.rdx.gen3.us.2020,acura_rdx_2020_can_generated.dbc,vehicle_can,ACC_CONTROL_ON,0x1ef,SET_TO_3,,6,7,motorola,False,1.0,0.0,,VEHICLE_PROTOCOL_DOCUMENTED,ADAS_ONLY
acura.rdx.gen3.us.2020,acura_rdx_2020_can_generated.dbc,vehicle_can,ACC_CONTROL_ON,0x1ef,CONTROL_ON,,7,1,motorola,False,1.0,0.0,,VEHICLE_PROTOCOL_DOCUMENTED,ADAS_ONLY
acura.rdx.gen3.us.2020,acura_rdx_2020_can_generated.dbc,vehicle_can,ACC_CONTROL_ON,0x1ef,CHECKSUM,,59,4,motorola,False,1.0,0.0,,VEHICLE_PROTOCOL_DOCUMENTED,ADAS_ONLY
acura.rdx.gen3.us.2020,acura_rdx_2020_can_generated.dbc,vehicle_can,ACC_CONTROL_ON,0x1ef,COUNTER,,61,2,motorola,False,1.0,0.0,,VEHICLE_PROTOCOL_DOCUMENTED,ADAS_ONLY
acura.rdx.gen3.us.2020,acura_rdx_2020_can_generated.dbc,vehicle_can,LKAS_HUD,0x33d,CAM_TEMP_HIGH,,7,1,motorola,False,1.0,0.0,,VEHICLE_PROTOCOL_DOCUMENTED,ADAS_ONLY
acura.rdx.gen3.us.2020,acura_rdx_2020_can_generated.dbc,vehicle_can,LKAS_HUD,0x33d,SET_ME_X41,,6,7,motorola,False,1.0,0.0,,VEHICLE_PROTOCOL_DOCUMENTED,ADAS_ONLY
acura.rdx.gen3.us.2020,acura_rdx_2020_can_generated.dbc,vehicle_can,LKAS_HUD,0x33d,BOH,,6,7,motorola,False,1.0,0.0,,VEHICLE_PROTOCOL_DOCUMENTED,ADAS_ONLY
acura.rdx.gen3.us.2020,acura_rdx_2020_can_generated.dbc,vehicle_can,LKAS_HUD,0x33d,DASHED_LANES,,14,1,motorola,False,1.0,0.0,,VEHICLE_PROTOCOL_DOCUMENTED,ADAS_ONLY
acura.rdx.gen3.us.2020,acura_rdx_2020_can_generated.dbc,vehicle_can,LKAS_HUD,0x33d,DTC,,13,1,motorola,False,1.0,0.0,,VEHICLE_PROTOCOL_DOCUMENTED,ADAS_ONLY
acura.rdx.gen3.us.2020,acura_rdx_2020_can_generated.dbc,vehicle_can,LKAS_HUD,0x33d,LKAS_PROBLEM,,12,1,motorola,False,1.0,0.0,,VEHICLE_PROTOCOL_DOCUMENTED,ADAS_ONLY
acura.rdx.gen3.us.2020,acura_rdx_2020_can_generated.dbc,vehicle_can,LKAS_HUD,0x33d,LKAS_OFF,,11,1,motorola,False,1.0,0.0,,VEHICLE_PROTOCOL_DOCUMENTED,ADAS_ONLY
acura.rdx.gen3.us.2020,acura_rdx_2020_can_generated.dbc,vehicle_can,LKAS_HUD,0x33d,SOLID_LANES,,10,1,motorola,False,1.0,0.0,,VEHICLE_PROTOCOL_DOCUMENTED,ADAS_ONLY
acura.rdx.gen3.us.2020,acura_rdx_2020_can_generated.dbc,vehicle_can,LKAS_HUD,0x33d,LDW_RIGHT,,9,1,motorola,False,1.0,0.0,,VEHICLE_PROTOCOL_DOCUMENTED,ADAS_ONLY
acura.rdx.gen3.us.2020,acura_rdx_2020_can_generated.dbc,vehicle_can,LKAS_HUD,0x33d,STEERING_REQUIRED,,8,1,motorola,False,1.0,0.0,,VEHICLE_PROTOCOL_DOCUMENTED,ADAS_ONLY
acura.rdx.gen3.us.2020,acura_rdx_2020_can_generated.dbc,vehicle_can,LKAS_HUD,0x33d,BOH_2,,23,2,motorola,False,1.0,0.0,,VEHICLE_PROTOCOL_DOCUMENTED,ADAS_ONLY
acura.rdx.gen3.us.2020,acura_rdx_2020_can_generated.dbc,vehicle_can,LKAS_HUD,0x33d,LDW_PROBLEM,,21,1,motorola,False,1.0,0.0,,VEHICLE_PROTOCOL_DOCUMENTED,ADAS_ONLY
acura.rdx.gen3.us.2020,acura_rdx_2020_can_generated.dbc,vehicle_can,LKAS_HUD,0x33d,BEEP,,17,2,motorola,False,1.0,0.0,,VEHICLE_PROTOCOL_DOCUMENTED,ADAS_ONLY
acura.rdx.gen3.us.2020,acura_rdx_2020_can_generated.dbc,vehicle_can,LKAS_HUD,0x33d,LDW_ON,,28,1,motorola,False,1.0,0.0,,VEHICLE_PROTOCOL_DOCUMENTED,ADAS_ONLY
acura.rdx.gen3.us.2020,acura_rdx_2020_can_generated.dbc,vehicle_can,LKAS_HUD,0x33d,LDW_OFF,,27,1,motorola,False,1.0,0.0,,VEHICLE_PROTOCOL_DOCUMENTED,ADAS_ONLY
acura.rdx.gen3.us.2020,acura_rdx_2020_can_generated.dbc,vehicle_can,LKAS_HUD,0x33d,CLEAN_WINDSHIELD,,26,1,motorola,False,1.0,0.0,,VEHICLE_PROTOCOL_DOCUMENTED,ADAS_ONLY
acura.rdx.gen3.us.2020,acura_rdx_2020_can_generated.dbc,vehicle_can,LKAS_HUD,0x33d,SET_ME_X48,,31,8,motorola,False,1.0,0.0,,VEHICLE_PROTOCOL_DOCUMENTED,ADAS_ONLY
acura.rdx.gen3.us.2020,acura_rdx_2020_can_generated.dbc,vehicle_can,LKAS_HUD,0x33d,COUNTER,,37,2,motorola,False,1.0,0.0,,VEHICLE_PROTOCOL_DOCUMENTED,ADAS_ONLY
acura.rdx.gen3.us.2020,acura_rdx_2020_can_generated.dbc,vehicle_can,LKAS_HUD,0x33d,CHECKSUM,,35,4,motorola,False,1.0,0.0,,VEHICLE_PROTOCOL_DOCUMENTED,ADAS_ONLY
acura.rdx.gen3.us.2020,acura_rdx_2020_can_generated.dbc,vehicle_can,STEERING_SENSORS,0x156,STEER_ANGLE,chassis.steering_angle,7,16,motorola,True,-0.1,0.0,deg,VEHICLE_PROTOCOL_DOCUMENTED,UNKNOWN
acura.rdx.gen3.us.2020,acura_rdx_2020_can_generated.dbc,vehicle_can,STEERING_SENSORS,0x156,STEER_ANGLE_RATE,,23,16,motorola,True,-1.0,0.0,deg/s,VEHICLE_PROTOCOL_DOCUMENTED,UNKNOWN
acura.rdx.gen3.us.2020,acura_rdx_2020_can_generated.dbc,vehicle_can,STEERING_SENSORS,0x156,COUNTER,,45,2,motorola,False,1.0,0.0,,VEHICLE_PROTOCOL_DOCUMENTED,UNKNOWN
acura.rdx.gen3.us.2020,acura_rdx_2020_can_generated.dbc,vehicle_can,STEERING_SENSORS,0x156,CHECKSUM,,43,4,motorola,False,1.0,0.0,,VEHICLE_PROTOCOL_DOCUMENTED,UNKNOWN
acura.rdx.gen3.us.2020,acura_rdx_2020_can_generated.dbc,vehicle_can,GEARBOX,0x1a3,COUNTER,,61,2,motorola,False,1.0,0.0,,VEHICLE_PROTOCOL_DOCUMENTED,DISPLAY_RELEVANT
acura.rdx.gen3.us.2020,acura_rdx_2020_can_generated.dbc,vehicle_can,GEARBOX,0x1a3,CHECKSUM,,59,4,motorola,False,1.0,0.0,,VEHICLE_PROTOCOL_DOCUMENTED,DISPLAY_RELEVANT
acura.rdx.gen3.us.2020,acura_rdx_2020_can_generated.dbc,vehicle_can,GEARBOX,0x1a3,GEAR_SHIFTER,transmission.gear,29,6,motorola,False,1.0,0.0,,CLUSTER_RELEVANT_SIGNAL_DOCUMENTED,DISPLAY_RELEVANT
acura.rdx.gen3.us.2020,acura_rdx_2020_can_generated.dbc,vehicle_can,GEARBOX,0x1a3,GEAR,,7,8,motorola,False,1.0,0.0,,VEHICLE_PROTOCOL_DOCUMENTED,DISPLAY_RELEVANT
acura.rdx.gen3.us.2020,acura_rdx_2020_can_generated.dbc,vehicle_can,STANDSTILL,0x1b0,BRAKE_ERROR_1,,11,1,motorola,False,1.0,0.0,,VEHICLE_PROTOCOL_DOCUMENTED,POWERTRAIN_ONLY
acura.rdx.gen3.us.2020,acura_rdx_2020_can_generated.dbc,vehicle_can,STANDSTILL,0x1b0,BRAKE_ERROR_2,,9,1,motorola,False,1.0,0.0,,VEHICLE_PROTOCOL_DOCUMENTED,POWERTRAIN_ONLY
acura.rdx.gen3.us.2020,acura_rdx_2020_can_generated.dbc,vehicle_can,STANDSTILL,0x1b0,COUNTER,,53,2,motorola,False,1.0,0.0,,VEHICLE_PROTOCOL_DOCUMENTED,POWERTRAIN_ONLY
acura.rdx.gen3.us.2020,acura_rdx_2020_can_generated.dbc,vehicle_can,STANDSTILL,0x1b0,CHECKSUM,,51,4,motorola,False,1.0,0.0,,VEHICLE_PROTOCOL_DOCUMENTED,POWERTRAIN_ONLY
acura.rdx.gen3.us.2020,acura_rdx_2020_can_generated.dbc,vehicle_can,BRAKE_MODULE,0x1be,BRAKE_PRESSED,brakes.service_brake,4,1,motorola,False,1.0,0.0,,VEHICLE_PROTOCOL_DOCUMENTED,UNKNOWN
acura.rdx.gen3.us.2020,acura_rdx_2020_can_generated.dbc,vehicle_can,BRAKE_MODULE,0x1be,COUNTER,,21,2,motorola,False,1.0,0.0,,VEHICLE_PROTOCOL_DOCUMENTED,UNKNOWN
acura.rdx.gen3.us.2020,acura_rdx_2020_can_generated.dbc,vehicle_can,BRAKE_MODULE,0x1be,CHECKSUM,,19,4,motorola,False,1.0,0.0,,VEHICLE_PROTOCOL_DOCUMENTED,UNKNOWN
acura.rdx.gen3.us.2020,acura_rdx_2020_can_generated.dbc,vehicle_can,ODOMETER,0x516,ODOMETER,vehicle.odometer,7,24,motorola,False,1.0,0.0,km,CLUSTER_RELEVANT_SIGNAL_DOCUMENTED,DISPLAY_RELEVANT
acura.rdx.gen3.us.2020,acura_rdx_2020_can_generated.dbc,vehicle_can,ODOMETER,0x516,COUNTER,,61,2,motorola,False,1.0,0.0,,VEHICLE_PROTOCOL_DOCUMENTED,DISPLAY_RELEVANT
acura.rdx.gen3.us.2020,acura_rdx_2020_can_generated.dbc,vehicle_can,ODOMETER,0x516,CHECKSUM,,59,4,motorola,False,1.0,0.0,,VEHICLE_PROTOCOL_DOCUMENTED,DISPLAY_RELEVANT
honda.crv.gen5.eu.executive_2016,honda_crv_executive_2016_can_generated.dbc,vehicle_can,GAS_COMMAND,0x200,GAS_COMMAND,,7,16,motorola,False,0.253984064,-83.3,,VEHICLE_PROTOCOL_DOCUMENTED,ADAS_ONLY
honda.crv.gen5.eu.executive_2016,honda_crv_executive_2016_can_generated.dbc,vehicle_can,GAS_COMMAND,0x200,GAS_COMMAND2,,23,16,motorola,False,0.126992032,-83.3,,VEHICLE_PROTOCOL_DOCUMENTED,ADAS_ONLY
honda.crv.gen5.eu.executive_2016,honda_crv_executive_2016_can_generated.dbc,vehicle_can,GAS_COMMAND,0x200,ENABLE,,39,1,motorola,False,1.0,0.0,,VEHICLE_PROTOCOL_DOCUMENTED,ADAS_ONLY
honda.crv.gen5.eu.executive_2016,honda_crv_executive_2016_can_generated.dbc,vehicle_can,GAS_COMMAND,0x200,COUNTER_PEDAL,,35,4,motorola,False,1.0,0.0,,VEHICLE_PROTOCOL_DOCUMENTED,ADAS_ONLY
honda.crv.gen5.eu.executive_2016,honda_crv_executive_2016_can_generated.dbc,vehicle_can,GAS_COMMAND,0x200,CHECKSUM_PEDAL,,47,8,motorola,False,1.0,0.0,,VEHICLE_PROTOCOL_DOCUMENTED,ADAS_ONLY
honda.crv.gen5.eu.executive_2016,honda_crv_executive_2016_can_generated.dbc,vehicle_can,GAS_SENSOR,0x201,INTERCEPTOR_GAS,,7,16,motorola,False,1.0,0.0,,VEHICLE_PROTOCOL_DOCUMENTED,UNKNOWN
honda.crv.gen5.eu.executive_2016,honda_crv_executive_2016_can_generated.dbc,vehicle_can,GAS_SENSOR,0x201,INTERCEPTOR_GAS2,,23,16,motorola,False,1.0,0.0,,VEHICLE_PROTOCOL_DOCUMENTED,UNKNOWN
honda.crv.gen5.eu.executive_2016,honda_crv_executive_2016_can_generated.dbc,vehicle_can,GAS_SENSOR,0x201,STATE,,39,4,motorola,False,1.0,0.0,,VEHICLE_PROTOCOL_DOCUMENTED,UNKNOWN
honda.crv.gen5.eu.executive_2016,honda_crv_executive_2016_can_generated.dbc,vehicle_can,GAS_SENSOR,0x201,COUNTER_PEDAL,,35,4,motorola,False,1.0,0.0,,VEHICLE_PROTOCOL_DOCUMENTED,UNKNOWN
honda.crv.gen5.eu.executive_2016,honda_crv_executive_2016_can_generated.dbc,vehicle_can,GAS_SENSOR,0x201,CHECKSUM_PEDAL,,47,8,motorola,False,1.0,0.0,,VEHICLE_PROTOCOL_DOCUMENTED,UNKNOWN
honda.crv.gen5.eu.executive_2016,honda_crv_executive_2016_can_generated.dbc,vehicle_can,GAS_PEDAL_2,0x130,ENGINE_TORQUE_ESTIMATE,,7,16,motorola,True,1.0,0.0,Nm,VEHICLE_PROTOCOL_DOCUMENTED,POWERTRAIN_ONLY
honda.crv.gen5.eu.executive_2016,honda_crv_executive_2016_can_generated.dbc,vehicle_can,GAS_PEDAL_2,0x130,ENGINE_TORQUE_REQUEST,,23,16,motorola,True,1.0,0.0,Nm,VEHICLE_PROTOCOL_DOCUMENTED,POWERTRAIN_ONLY
honda.crv.gen5.eu.executive_2016,honda_crv_executive_2016_can_generated.dbc,vehicle_can,GAS_PEDAL_2,0x130,CAR_GAS,,39,8,motorola,False,1.0,0.0,,VEHICLE_PROTOCOL_DOCUMENTED,POWERTRAIN_ONLY
honda.crv.gen5.eu.executive_2016,honda_crv_executive_2016_can_generated.dbc,vehicle_can,GAS_PEDAL_2,0x130,COUNTER,,61,2,motorola,False,1.0,0.0,,VEHICLE_PROTOCOL_DOCUMENTED,POWERTRAIN_ONLY
honda.crv.gen5.eu.executive_2016,honda_crv_executive_2016_can_generated.dbc,vehicle_can,GAS_PEDAL_2,0x130,CHECKSUM,,59,4,motorola,False,1.0,0.0,,VEHICLE_PROTOCOL_DOCUMENTED,POWERTRAIN_ONLY
honda.crv.gen5.eu.executive_2016,honda_crv_executive_2016_can_generated.dbc,vehicle_can,GAS_PEDAL,0x13c,CAR_GAS,,39,8,motorola,False,1.0,0.0,,VEHICLE_PROTOCOL_DOCUMENTED,POWERTRAIN_ONLY
honda.crv.gen5.eu.executive_2016,honda_crv_executive_2016_can_generated.dbc,vehicle_can,GAS_PEDAL,0x13c,COUNTER,,61,2,motorola,False,1.0,0.0,,VEHICLE_PROTOCOL_DOCUMENTED,POWERTRAIN_ONLY
honda.crv.gen5.eu.executive_2016,honda_crv_executive_2016_can_generated.dbc,vehicle_can,GAS_PEDAL,0x13c,CHECKSUM,,59,4,motorola,False,1.0,0.0,,VEHICLE_PROTOCOL_DOCUMENTED,POWERTRAIN_ONLY
honda.crv.gen5.eu.executive_2016,honda_crv_executive_2016_can_generated.dbc,vehicle_can,ENGINE_DATA,0x158,XMISSION_SPEED,vehicle.speed,7,16,motorola,False,0.01,0.0,kph,CLUSTER_RELEVANT_SIGNAL_DOCUMENTED,DISPLAY_RELEVANT
honda.crv.gen5.eu.executive_2016,honda_crv_executive_2016_can_generated.dbc,vehicle_can,ENGINE_DATA,0x158,ENGINE_RPM,powertrain.engine_rpm,23,16,motorola,False,1.0,0.0,rpm,CLUSTER_RELEVANT_SIGNAL_DOCUMENTED,DISPLAY_RELEVANT
honda.crv.gen5.eu.executive_2016,honda_crv_executive_2016_can_generated.dbc,vehicle_can,ENGINE_DATA,0x158,XMISSION_SPEED2,,39,16,motorola,False,0.01,0.0,kph,VEHICLE_PROTOCOL_DOCUMENTED,DISPLAY_RELEVANT
honda.crv.gen5.eu.executive_2016,honda_crv_executive_2016_can_generated.dbc,vehicle_can,ENGINE_DATA,0x158,ODOMETER,vehicle.odometer,55,8,motorola,False,10.0,0.0,m,CLUSTER_RELEVANT_SIGNAL_DOCUMENTED,DISPLAY_RELEVANT
honda.crv.gen5.eu.executive_2016,honda_crv_executive_2016_can_generated.dbc,vehicle_can,ENGINE_DATA,0x158,COUNTER,,61,2,motorola,False,1.0,0.0,,VEHICLE_PROTOCOL_DOCUMENTED,DISPLAY_RELEVANT
honda.crv.gen5.eu.executive_2016,honda_crv_executive_2016_can_generated.dbc,vehicle_can,ENGINE_DATA,0x158,CHECKSUM,,59,4,motorola,False,1.0,0.0,,VEHICLE_PROTOCOL_DOCUMENTED,DISPLAY_RELEVANT
honda.crv.gen5.eu.executive_2016,honda_crv_executive_2016_can_generated.dbc,vehicle_can,POWERTRAIN_DATA,0x17c,PEDAL_GAS,powertrain.throttle_position,7,8,motorola,False,1.0,0.0,,VEHICLE_PROTOCOL_DOCUMENTED,DISPLAY_RELEVANT
honda.crv.gen5.eu.executive_2016,honda_crv_executive_2016_can_generated.dbc,vehicle_can,POWERTRAIN_DATA,0x17c,ENGINE_RPM,powertrain.engine_rpm,23,16,motorola,False,1.0,0.0,rpm,CLUSTER_RELEVANT_SIGNAL_DOCUMENTED,DISPLAY_RELEVANT
honda.crv.gen5.eu.executive_2016,honda_crv_executive_2016_can_generated.dbc,vehicle_can,POWERTRAIN_DATA,0x17c,GAS_PRESSED,,39,1,motorola,False,1.0,0.0,,VEHICLE_PROTOCOL_DOCUMENTED,DISPLAY_RELEVANT
honda.crv.gen5.eu.executive_2016,honda_crv_executive_2016_can_generated.dbc,vehicle_can,POWERTRAIN_DATA,0x17c,ACC_STATUS,adas.acc_state,38,1,motorola,False,1.0,0.0,,VEHICLE_PROTOCOL_DOCUMENTED,DISPLAY_RELEVANT
honda.crv.gen5.eu.executive_2016,honda_crv_executive_2016_can_generated.dbc,vehicle_can,POWERTRAIN_DATA,0x17c,BOH_17C,,37,5,motorola,False,1.0,0.0,,VEHICLE_PROTOCOL_DOCUMENTED,DISPLAY_RELEVANT
honda.crv.gen5.eu.executive_2016,honda_crv_executive_2016_can_generated.dbc,vehicle_can,POWERTRAIN_DATA,0x17c,BRAKE_SWITCH,,32,1,motorola,False,1.0,0.0,,VEHICLE_PROTOCOL_DOCUMENTED,DISPLAY_RELEVANT
honda.crv.gen5.eu.executive_2016,honda_crv_executive_2016_can_generated.dbc,vehicle_can,POWERTRAIN_DATA,0x17c,BOH2_17C,,47,10,motorola,False,1.0,0.0,,VEHICLE_PROTOCOL_DOCUMENTED,DISPLAY_RELEVANT
honda.crv.gen5.eu.executive_2016,honda_crv_executive_2016_can_generated.dbc,vehicle_can,POWERTRAIN_DATA,0x17c,BRAKE_PRESSED,brakes.service_brake,53,1,motorola,False,1.0,0.0,,VEHICLE_PROTOCOL_DOCUMENTED,DISPLAY_RELEVANT
honda.crv.gen5.eu.executive_2016,honda_crv_executive_2016_can_generated.dbc,vehicle_can,POWERTRAIN_DATA,0x17c,BOH3_17C,,52,5,motorola,False,1.0,0.0,,VEHICLE_PROTOCOL_DOCUMENTED,DISPLAY_RELEVANT
honda.crv.gen5.eu.executive_2016,honda_crv_executive_2016_can_generated.dbc,vehicle_can,POWERTRAIN_DATA,0x17c,COUNTER,,61,2,motorola,False,1.0,0.0,,VEHICLE_PROTOCOL_DOCUMENTED,DISPLAY_RELEVANT
honda.crv.gen5.eu.executive_2016,honda_crv_executive_2016_can_generated.dbc,vehicle_can,POWERTRAIN_DATA,0x17c,CHECKSUM,,59,4,motorola,False,1.0,0.0,,VEHICLE_PROTOCOL_DOCUMENTED,DISPLAY_RELEVANT
honda.crv.gen5.eu.executive_2016,honda_crv_executive_2016_can_generated.dbc,vehicle_can,VSA_STATUS,0x1a4,USER_BRAKE,,7,16,motorola,False,0.015625,-1.609375,,VEHICLE_PROTOCOL_DOCUMENTED,DISPLAY_RELEVANT
honda.crv.gen5.eu.executive_2016,honda_crv_executive_2016_can_generated.dbc,vehicle_can,VSA_STATUS,0x1a4,COMPUTER_BRAKING,,23,1,motorola,False,1.0,0.0,,VEHICLE_PROTOCOL_DOCUMENTED,DISPLAY_RELEVANT
honda.crv.gen5.eu.executive_2016,honda_crv_executive_2016_can_generated.dbc,vehicle_can,VSA_STATUS,0x1a4,ESP_DISABLED,stability.vsa_warning,28,1,motorola,False,1.0,0.0,,CLUSTER_RELEVANT_SIGNAL_DOCUMENTED,DISPLAY_RELEVANT
honda.crv.gen5.eu.executive_2016,honda_crv_executive_2016_can_generated.dbc,vehicle_can,VSA_STATUS,0x1a4,BRAKE_HOLD_RELATED,,52,1,motorola,False,1.0,0.0,,VEHICLE_PROTOCOL_DOCUMENTED,DISPLAY_RELEVANT
honda.crv.gen5.eu.executive_2016,honda_crv_executive_2016_can_generated.dbc,vehicle_can,VSA_STATUS,0x1a4,BRAKE_HOLD_ACTIVE,,46,1,motorola,False,1.0,0.0,,VEHICLE_PROTOCOL_DOCUMENTED,DISPLAY_RELEVANT
honda.crv.gen5.eu.executive_2016,honda_crv_executive_2016_can_generated.dbc,vehicle_can,VSA_STATUS,0x1a4,BRAKE_HOLD_ENABLED,,45,1,motorola,False,1.0,0.0,,VEHICLE_PROTOCOL_DOCUMENTED,DISPLAY_RELEVANT
honda.crv.gen5.eu.executive_2016,honda_crv_executive_2016_can_generated.dbc,vehicle_can,VSA_STATUS,0x1a4,COUNTER,,61,2,motorola,False,1.0,0.0,,VEHICLE_PROTOCOL_DOCUMENTED,DISPLAY_RELEVANT
honda.crv.gen5.eu.executive_2016,honda_crv_executive_2016_can_generated.dbc,vehicle_can,VSA_STATUS,0x1a4,CHECKSUM,,59,4,motorola,False,1.0,0.0,,VEHICLE_PROTOCOL_DOCUMENTED,DISPLAY_RELEVANT
honda.crv.gen5.eu.executive_2016,honda_crv_executive_2016_can_generated.dbc,vehicle_can,STEER_MOTOR_TORQUE,0x1ab,CONFIG_VALID,,7,1,motorola,False,1.0,0.0,,VEHICLE_PROTOCOL_DOCUMENTED,UNKNOWN
honda.crv.gen5.eu.executive_2016,honda_crv_executive_2016_can_generated.dbc,vehicle_can,STEER_MOTOR_TORQUE,0x1ab,MOTOR_TORQUE,,1,10,motorola,False,1.0,0.0,,VEHICLE_PROTOCOL_DOCUMENTED,UNKNOWN
honda.crv.gen5.eu.executive_2016,honda_crv_executive_2016_can_generated.dbc,vehicle_can,STEER_MOTOR_TORQUE,0x1ab,OUTPUT_DISABLED,,22,1,motorola,False,1.0,0.0,,VEHICLE_PROTOCOL_DOCUMENTED,UNKNOWN
honda.crv.gen5.eu.executive_2016,honda_crv_executive_2016_can_generated.dbc,vehicle_can,STEER_MOTOR_TORQUE,0x1ab,COUNTER,,21,2,motorola,False,1.0,0.0,,VEHICLE_PROTOCOL_DOCUMENTED,UNKNOWN
honda.crv.gen5.eu.executive_2016,honda_crv_executive_2016_can_generated.dbc,vehicle_can,STEER_MOTOR_TORQUE,0x1ab,CHECKSUM,,19,4,motorola,False,1.0,0.0,,VEHICLE_PROTOCOL_DOCUMENTED,UNKNOWN
honda.crv.gen5.eu.executive_2016,honda_crv_executive_2016_can_generated.dbc,vehicle_can,WHEEL_SPEEDS,0x1d0,WHEEL_SPEED_FL,,7,15,motorola,False,0.01,0.0,kph,VEHICLE_PROTOCOL_DOCUMENTED,POWERTRAIN_ONLY
honda.crv.gen5.eu.executive_2016,honda_crv_executive_2016_can_generated.dbc,vehicle_can,WHEEL_SPEEDS,0x1d0,WHEEL_SPEED_FR,,8,15,motorola,False,0.01,0.0,kph,VEHICLE_PROTOCOL_DOCUMENTED,POWERTRAIN_ONLY
honda.crv.gen5.eu.executive_2016,honda_crv_executive_2016_can_generated.dbc,vehicle_can,WHEEL_SPEEDS,0x1d0,WHEEL_SPEED_RL,,25,15,motorola,False,0.01,0.0,kph,VEHICLE_PROTOCOL_DOCUMENTED,POWERTRAIN_ONLY
honda.crv.gen5.eu.executive_2016,honda_crv_executive_2016_can_generated.dbc,vehicle_can,WHEEL_SPEEDS,0x1d0,WHEEL_SPEED_RR,,42,15,motorola,False,0.01,0.0,kph,VEHICLE_PROTOCOL_DOCUMENTED,POWERTRAIN_ONLY
honda.crv.gen5.eu.executive_2016,honda_crv_executive_2016_can_generated.dbc,vehicle_can,WHEEL_SPEEDS,0x1d0,CHECKSUM,,59,4,motorola,False,1.0,0.0,,VEHICLE_PROTOCOL_DOCUMENTED,POWERTRAIN_ONLY
honda.crv.gen5.eu.executive_2016,honda_crv_executive_2016_can_generated.dbc,vehicle_can,VEHICLE_DYNAMICS,0x1ea,LAT_ACCEL,,7,16,motorola,True,0.0015,0.0,m/s2,VEHICLE_PROTOCOL_DOCUMENTED,UNKNOWN
honda.crv.gen5.eu.executive_2016,honda_crv_executive_2016_can_generated.dbc,vehicle_can,VEHICLE_DYNAMICS,0x1ea,LONG_ACCEL,,23,16,motorola,True,0.0015,0.0,m/s2,VEHICLE_PROTOCOL_DOCUMENTED,UNKNOWN
honda.crv.gen5.eu.executive_2016,honda_crv_executive_2016_can_generated.dbc,vehicle_can,VEHICLE_DYNAMICS,0x1ea,COUNTER,,61,2,motorola,False,1.0,0.0,,VEHICLE_PROTOCOL_DOCUMENTED,UNKNOWN
honda.crv.gen5.eu.executive_2016,honda_crv_executive_2016_can_generated.dbc,vehicle_can,VEHICLE_DYNAMICS,0x1ea,CHECKSUM,,59,4,motorola,False,1.0,0.0,,VEHICLE_PROTOCOL_DOCUMENTED,UNKNOWN
honda.crv.gen5.eu.executive_2016,honda_crv_executive_2016_can_generated.dbc,vehicle_can,SEATBELT_STATUS,0x305,SEATBELT_DRIVER_LAMP,,7,1,motorola,False,1.0,0.0,,VEHICLE_PROTOCOL_DOCUMENTED,DISPLAY_RELEVANT
honda.crv.gen5.eu.executive_2016,honda_crv_executive_2016_can_generated.dbc,vehicle_can,SEATBELT_STATUS,0x305,SEATBELT_PASS_UNLATCHED,,10,1,motorola,False,1.0,0.0,,VEHICLE_PROTOCOL_DOCUMENTED,DISPLAY_RELEVANT
honda.crv.gen5.eu.executive_2016,honda_crv_executive_2016_can_generated.dbc,vehicle_can,SEATBELT_STATUS,0x305,SEATBELT_PASS_LATCHED,safety.seatbelt_passenger,11,1,motorola,False,1.0,0.0,,VEHICLE_PROTOCOL_DOCUMENTED,DISPLAY_RELEVANT
honda.crv.gen5.eu.executive_2016,honda_crv_executive_2016_can_generated.dbc,vehicle_can,SEATBELT_STATUS,0x305,SEATBELT_DRIVER_UNLATCHED,,12,1,motorola,False,1.0,0.0,,VEHICLE_PROTOCOL_DOCUMENTED,DISPLAY_RELEVANT
honda.crv.gen5.eu.executive_2016,honda_crv_executive_2016_can_generated.dbc,vehicle_can,SEATBELT_STATUS,0x305,SEATBELT_DRIVER_LATCHED,safety.seatbelt_driver,13,1,motorola,False,1.0,0.0,,CLUSTER_RELEVANT_SIGNAL_DOCUMENTED,DISPLAY_RELEVANT
honda.crv.gen5.eu.executive_2016,honda_crv_executive_2016_can_generated.dbc,vehicle_can,SEATBELT_STATUS,0x305,PASS_AIRBAG_OFF,,14,1,motorola,False,1.0,0.0,,VEHICLE_PROTOCOL_DOCUMENTED,DISPLAY_RELEVANT
honda.crv.gen5.eu.executive_2016,honda_crv_executive_2016_can_generated.dbc,vehicle_can,SEATBELT_STATUS,0x305,PASS_AIRBAG_ON,,15,1,motorola,False,1.0,0.0,,VEHICLE_PROTOCOL_DOCUMENTED,DISPLAY_RELEVANT
honda.crv.gen5.eu.executive_2016,honda_crv_executive_2016_can_generated.dbc,vehicle_can,SEATBELT_STATUS,0x305,COUNTER,,53,2,motorola,False,1.0,0.0,,VEHICLE_PROTOCOL_DOCUMENTED,DISPLAY_RELEVANT
honda.crv.gen5.eu.executive_2016,honda_crv_executive_2016_can_generated.dbc,vehicle_can,SEATBELT_STATUS,0x305,CHECKSUM,,51,4,motorola,False,1.0,0.0,,VEHICLE_PROTOCOL_DOCUMENTED,DISPLAY_RELEVANT
honda.crv.gen5.eu.executive_2016,honda_crv_executive_2016_can_generated.dbc,vehicle_can,CAR_SPEED,0x309,ROUGH_CAR_SPEED,,23,8,motorola,False,1.0,0.0,mph,VEHICLE_PROTOCOL_DOCUMENTED,DISPLAY_RELEVANT
honda.crv.gen5.eu.executive_2016,honda_crv_executive_2016_can_generated.dbc,vehicle_can,CAR_SPEED,0x309,CAR_SPEED,vehicle.speed,7,16,motorola,False,0.01,0.0,kph,CLUSTER_RELEVANT_SIGNAL_DOCUMENTED,DISPLAY_RELEVANT
honda.crv.gen5.eu.executive_2016,honda_crv_executive_2016_can_generated.dbc,vehicle_can,CAR_SPEED,0x309,ROUGH_CAR_SPEED_3,,39,16,motorola,False,0.01,0.0,kph,VEHICLE_PROTOCOL_DOCUMENTED,DISPLAY_RELEVANT
honda.crv.gen5.eu.executive_2016,honda_crv_executive_2016_can_generated.dbc,vehicle_can,CAR_SPEED,0x309,ROUGH_CAR_SPEED_2,,31,8,motorola,False,1.0,0.0,mph,VEHICLE_PROTOCOL_DOCUMENTED,DISPLAY_RELEVANT
honda.crv.gen5.eu.executive_2016,honda_crv_executive_2016_can_generated.dbc,vehicle_can,CAR_SPEED,0x309,LOCK_STATUS,,55,2,motorola,False,1.0,0.0,,VEHICLE_PROTOCOL_DOCUMENTED,DISPLAY_RELEVANT
honda.crv.gen5.eu.executive_2016,honda_crv_executive_2016_can_generated.dbc,vehicle_can,CAR_SPEED,0x309,COUNTER,,61,2,motorola,False,1.0,0.0,,VEHICLE_PROTOCOL_DOCUMENTED,DISPLAY_RELEVANT
honda.crv.gen5.eu.executive_2016,honda_crv_executive_2016_can_generated.dbc,vehicle_can,CAR_SPEED,0x309,CHECKSUM,,59,4,motorola,False,1.0,0.0,,VEHICLE_PROTOCOL_DOCUMENTED,DISPLAY_RELEVANT
honda.crv.gen5.eu.executive_2016,honda_crv_executive_2016_can_generated.dbc,vehicle_can,CAR_SPEED,0x309,IMPERIAL_UNIT,,63,1,motorola,False,1.0,0.0,,VEHICLE_PROTOCOL_DOCUMENTED,DISPLAY_RELEVANT
honda.crv.gen5.eu.executive_2016,honda_crv_executive_2016_can_generated.dbc,vehicle_can,ACC_HUD,0x30c,PCM_SPEED,,7,16,motorola,False,0.01,0.0,kph,VEHICLE_PROTOCOL_DOCUMENTED,ADAS_ONLY
honda.crv.gen5.eu.executive_2016,honda_crv_executive_2016_can_generated.dbc,vehicle_can,ACC_HUD,0x30c,PCM_GAS,,23,8,motorola,False,1.0,0.0,,VEHICLE_PROTOCOL_DOCUMENTED,ADAS_ONLY
honda.crv.gen5.eu.executive_2016,honda_crv_executive_2016_can_generated.dbc,vehicle_can,ACC_HUD,0x30c,CRUISE_SPEED,,31,8,motorola,False,1.0,0.0,kph,VEHICLE_PROTOCOL_DOCUMENTED,ADAS_ONLY
honda.crv.gen5.eu.executive_2016,honda_crv_executive_2016_can_generated.dbc,vehicle_can,ACC_HUD,0x30c,DTC_MODE,,39,1,motorola,False,1.0,0.0,,VEHICLE_PROTOCOL_DOCUMENTED,ADAS_ONLY
honda.crv.gen5.eu.executive_2016,honda_crv_executive_2016_can_generated.dbc,vehicle_can,ACC_HUD,0x30c,BOH,,38,1,motorola,False,1.0,0.0,,VEHICLE_PROTOCOL_DOCUMENTED,ADAS_ONLY
honda.crv.gen5.eu.executive_2016,honda_crv_executive_2016_can_generated.dbc,vehicle_can,ACC_HUD,0x30c,ACC_PROBLEM,,37,1,motorola,False,1.0,0.0,,VEHICLE_PROTOCOL_DOCUMENTED,ADAS_ONLY
honda.crv.gen5.eu.executive_2016,honda_crv_executive_2016_can_generated.dbc,vehicle_can,ACC_HUD,0x30c,FCM_OFF,,35,1,motorola,False,1.0,0.0,,VEHICLE_PROTOCOL_DOCUMENTED,ADAS_ONLY
honda.crv.gen5.eu.executive_2016,honda_crv_executive_2016_can_generated.dbc,vehicle_can,ACC_HUD,0x30c,FCM_OFF_2,,36,1,motorola,False,1.0,0.0,,VEHICLE_PROTOCOL_DOCUMENTED,ADAS_ONLY
honda.crv.gen5.eu.executive_2016,honda_crv_executive_2016_can_generated.dbc,vehicle_can,ACC_HUD,0x30c,FCM_PROBLEM,,34,1,motorola,False,1.0,0.0,,VEHICLE_PROTOCOL_DOCUMENTED,ADAS_ONLY
honda.crv.gen5.eu.executive_2016,honda_crv_executive_2016_can_generated.dbc,vehicle_can,ACC_HUD,0x30c,RADAR_OBSTRUCTED,,33,1,motorola,False,1.0,0.0,,VEHICLE_PROTOCOL_DOCUMENTED,ADAS_ONLY
honda.crv.gen5.eu.executive_2016,honda_crv_executive_2016_can_generated.dbc,vehicle_can,ACC_HUD,0x30c,ENABLE_MINI_CAR,,32,1,motorola,False,1.0,0.0,,VEHICLE_PROTOCOL_DOCUMENTED,ADAS_ONLY
honda.crv.gen5.eu.executive_2016,honda_crv_executive_2016_can_generated.dbc,vehicle_can,ACC_HUD,0x30c,HUD_DISTANCE,,47,2,motorola,False,1.0,0.0,,VEHICLE_PROTOCOL_DOCUMENTED,ADAS_ONLY
honda.crv.gen5.eu.executive_2016,honda_crv_executive_2016_can_generated.dbc,vehicle_can,ACC_HUD,0x30c,HUD_LEAD,,45,2,motorola,False,1.0,0.0,,VEHICLE_PROTOCOL_DOCUMENTED,ADAS_ONLY
honda.crv.gen5.eu.executive_2016,honda_crv_executive_2016_can_generated.dbc,vehicle_can,ACC_HUD,0x30c,BOH_3,,43,1,motorola,False,1.0,0.0,,VEHICLE_PROTOCOL_DOCUMENTED,ADAS_ONLY
honda.crv.gen5.eu.executive_2016,honda_crv_executive_2016_can_generated.dbc,vehicle_can,ACC_HUD,0x30c,BOH_4,,42,1,motorola,False,1.0,0.0,,VEHICLE_PROTOCOL_DOCUMENTED,ADAS_ONLY
honda.crv.gen5.eu.executive_2016,honda_crv_executive_2016_can_generated.dbc,vehicle_can,ACC_HUD,0x30c,BOH_5,,41,1,motorola,False,1.0,0.0,,VEHICLE_PROTOCOL_DOCUMENTED,ADAS_ONLY
honda.crv.gen5.eu.executive_2016,honda_crv_executive_2016_can_generated.dbc,vehicle_can,ACC_HUD,0x30c,CRUISE_CONTROL_LABEL,,40,1,motorola,False,1.0,0.0,,VEHICLE_PROTOCOL_DOCUMENTED,ADAS_ONLY
honda.crv.gen5.eu.executive_2016,honda_crv_executive_2016_can_generated.dbc,vehicle_can,ACC_HUD,0x30c,SET_ME_X01_2,,55,1,motorola,False,1.0,0.0,,VEHICLE_PROTOCOL_DOCUMENTED,ADAS_ONLY
honda.crv.gen5.eu.executive_2016,honda_crv_executive_2016_can_generated.dbc,vehicle_can,ACC_HUD,0x30c,IMPERIAL_UNIT,,54,1,motorola,False,1.0,0.0,,VEHICLE_PROTOCOL_DOCUMENTED,ADAS_ONLY
honda.crv.gen5.eu.executive_2016,honda_crv_executive_2016_can_generated.dbc,vehicle_can,ACC_HUD,0x30c,ACC_ON,,52,1,motorola,False,1.0,0.0,,VEHICLE_PROTOCOL_DOCUMENTED,ADAS_ONLY
honda.crv.gen5.eu.executive_2016,honda_crv_executive_2016_can_generated.dbc,vehicle_can,ACC_HUD,0x30c,CHIME,,51,3,motorola,False,1.0,0.0,,VEHICLE_PROTOCOL_DOCUMENTED,ADAS_ONLY
honda.crv.gen5.eu.executive_2016,honda_crv_executive_2016_can_generated.dbc,vehicle_can,ACC_HUD,0x30c,SET_ME_X01,,48,1,motorola,False,1.0,0.0,,VEHICLE_PROTOCOL_DOCUMENTED,ADAS_ONLY
honda.crv.gen5.eu.executive_2016,honda_crv_executive_2016_can_generated.dbc,vehicle_can,ACC_HUD,0x30c,ICONS,,63,2,motorola,False,1.0,0.0,,VEHICLE_PROTOCOL_DOCUMENTED,ADAS_ONLY
honda.crv.gen5.eu.executive_2016,honda_crv_executive_2016_can_generated.dbc,vehicle_can,ACC_HUD,0x30c,COUNTER,,61,2,motorola,False,1.0,0.0,,VEHICLE_PROTOCOL_DOCUMENTED,ADAS_ONLY
honda.crv.gen5.eu.executive_2016,honda_crv_executive_2016_can_generated.dbc,vehicle_can,ACC_HUD,0x30c,CHECKSUM,,59,4,motorola,False,1.0,0.0,,VEHICLE_PROTOCOL_DOCUMENTED,ADAS_ONLY
honda.crv.gen5.eu.executive_2016,honda_crv_executive_2016_can_generated.dbc,vehicle_can,CRUISE,0x324,HUD_SPEED_KPH,,7,8,motorola,False,1.0,0.0,kph,VEHICLE_PROTOCOL_DOCUMENTED,POWERTRAIN_ONLY
honda.crv.gen5.eu.executive_2016,honda_crv_executive_2016_can_generated.dbc,vehicle_can,CRUISE,0x324,HUD_SPEED_MPH,,15,8,motorola,False,1.0,0.0,mph,VEHICLE_PROTOCOL_DOCUMENTED,POWERTRAIN_ONLY
honda.crv.gen5.eu.executive_2016,honda_crv_executive_2016_can_generated.dbc,vehicle_can,CRUISE,0x324,TRIP_FUEL_CONSUMED,,23,16,motorola,False,1.0,0.0,,VEHICLE_PROTOCOL_DOCUMENTED,POWERTRAIN_ONLY
honda.crv.gen5.eu.executive_2016,honda_crv_executive_2016_can_generated.dbc,vehicle_can,CRUISE,0x324,CRUISE_SPEED_PCM,,39,8,motorola,False,1.0,0.0,,VEHICLE_PROTOCOL_DOCUMENTED,POWERTRAIN_ONLY
honda.crv.gen5.eu.executive_2016,honda_crv_executive_2016_can_generated.dbc,vehicle_can,CRUISE,0x324,BOH2,,47,8,motorola,True,1.0,0.0,,VEHICLE_PROTOCOL_DOCUMENTED,POWERTRAIN_ONLY
honda.crv.gen5.eu.executive_2016,honda_crv_executive_2016_can_generated.dbc,vehicle_can,CRUISE,0x324,BOH3,,55,8,motorola,False,1.0,0.0,,VEHICLE_PROTOCOL_DOCUMENTED,POWERTRAIN_ONLY
honda.crv.gen5.eu.executive_2016,honda_crv_executive_2016_can_generated.dbc,vehicle_can,CRUISE,0x324,COUNTER,,61,2,motorola,False,1.0,0.0,,VEHICLE_PROTOCOL_DOCUMENTED,POWERTRAIN_ONLY
honda.crv.gen5.eu.executive_2016,honda_crv_executive_2016_can_generated.dbc,vehicle_can,CRUISE,0x324,CHECKSUM,,59,4,motorola,False,1.0,0.0,,VEHICLE_PROTOCOL_DOCUMENTED,POWERTRAIN_ONLY
honda.crv.gen5.eu.executive_2016,honda_crv_executive_2016_can_generated.dbc,vehicle_can,STALK_STATUS,0x374,DASHBOARD_ALERT,,39,8,motorola,False,1.0,0.0,,VEHICLE_PROTOCOL_DOCUMENTED,BODY_RELEVANT
honda.crv.gen5.eu.executive_2016,honda_crv_executive_2016_can_generated.dbc,vehicle_can,STALK_STATUS,0x374,AUTO_HEADLIGHTS,,46,1,motorola,False,1.0,0.0,,VEHICLE_PROTOCOL_DOCUMENTED,BODY_RELEVANT
honda.crv.gen5.eu.executive_2016,honda_crv_executive_2016_can_generated.dbc,vehicle_can,STALK_STATUS,0x374,HIGH_BEAM_HOLD,,47,1,motorola,False,1.0,0.0,,VEHICLE_PROTOCOL_DOCUMENTED,BODY_RELEVANT
honda.crv.gen5.eu.executive_2016,honda_crv_executive_2016_can_generated.dbc,vehicle_can,STALK_STATUS,0x374,HIGH_BEAM_FLASH,,45,1,motorola,False,1.0,0.0,,VEHICLE_PROTOCOL_DOCUMENTED,BODY_RELEVANT
honda.crv.gen5.eu.executive_2016,honda_crv_executive_2016_can_generated.dbc,vehicle_can,STALK_STATUS,0x374,HEADLIGHTS_ON,lighting.headlights_on,54,1,motorola,False,1.0,0.0,,VEHICLE_PROTOCOL_DOCUMENTED,BODY_RELEVANT
honda.crv.gen5.eu.executive_2016,honda_crv_executive_2016_can_generated.dbc,vehicle_can,STALK_STATUS,0x374,WIPER_SWITCH,,53,2,motorola,False,1.0,0.0,,VEHICLE_PROTOCOL_DOCUMENTED,BODY_RELEVANT
honda.crv.gen5.eu.executive_2016,honda_crv_executive_2016_can_generated.dbc,vehicle_can,STALK_STATUS,0x374,COUNTER,,61,2,motorola,False,1.0,0.0,,VEHICLE_PROTOCOL_DOCUMENTED,BODY_RELEVANT
honda.crv.gen5.eu.executive_2016,honda_crv_executive_2016_can_generated.dbc,vehicle_can,STALK_STATUS,0x374,CHECKSUM,,59,4,motorola,False,1.0,0.0,,VEHICLE_PROTOCOL_DOCUMENTED,BODY_RELEVANT
honda.crv.gen5.eu.executive_2016,honda_crv_executive_2016_can_generated.dbc,vehicle_can,STALK_STATUS_2,0x37b,WIPERS,,17,2,motorola,False,1.0,0.0,,VEHICLE_PROTOCOL_DOCUMENTED,DISPLAY_RELEVANT
honda.crv.gen5.eu.executive_2016,honda_crv_executive_2016_can_generated.dbc,vehicle_can,STALK_STATUS_2,0x37b,LOW_BEAMS,lighting.low_beam,35,1,motorola,False,1.0,0.0,,CLUSTER_RELEVANT_SIGNAL_DOCUMENTED,DISPLAY_RELEVANT
honda.crv.gen5.eu.executive_2016,honda_crv_executive_2016_can_generated.dbc,vehicle_can,STALK_STATUS_2,0x37b,HIGH_BEAMS,lighting.high_beam,34,1,motorola,False,1.0,0.0,,CLUSTER_RELEVANT_SIGNAL_DOCUMENTED,DISPLAY_RELEVANT
honda.crv.gen5.eu.executive_2016,honda_crv_executive_2016_can_generated.dbc,vehicle_can,STALK_STATUS_2,0x37b,PARK_LIGHTS,,36,1,motorola,False,1.0,0.0,,VEHICLE_PROTOCOL_DOCUMENTED,DISPLAY_RELEVANT
honda.crv.gen5.eu.executive_2016,honda_crv_executive_2016_can_generated.dbc,vehicle_can,STALK_STATUS_2,0x37b,COUNTER,,61,2,motorola,False,1.0,0.0,,VEHICLE_PROTOCOL_DOCUMENTED,DISPLAY_RELEVANT
honda.crv.gen5.eu.executive_2016,honda_crv_executive_2016_can_generated.dbc,vehicle_can,STALK_STATUS_2,0x37b,CHECKSUM,,59,4,motorola,False,1.0,0.0,,VEHICLE_PROTOCOL_DOCUMENTED,DISPLAY_RELEVANT
honda.crv.gen5.eu.executive_2016,honda_crv_executive_2016_can_generated.dbc,vehicle_can,DOORS_STATUS,0x405,DOOR_OPEN_FL,body.driver_door,37,1,motorola,False,1.0,0.0,,CLUSTER_RELEVANT_SIGNAL_DOCUMENTED,DISPLAY_RELEVANT
honda.crv.gen5.eu.executive_2016,honda_crv_executive_2016_can_generated.dbc,vehicle_can,DOORS_STATUS,0x405,DOOR_OPEN_FR,body.passenger_door,38,1,motorola,False,1.0,0.0,,CLUSTER_RELEVANT_SIGNAL_DOCUMENTED,DISPLAY_RELEVANT
honda.crv.gen5.eu.executive_2016,honda_crv_executive_2016_can_generated.dbc,vehicle_can,DOORS_STATUS,0x405,DOOR_OPEN_RL,body.rear_left_door,39,1,motorola,False,1.0,0.0,,VEHICLE_PROTOCOL_DOCUMENTED,DISPLAY_RELEVANT
honda.crv.gen5.eu.executive_2016,honda_crv_executive_2016_can_generated.dbc,vehicle_can,DOORS_STATUS,0x405,DOOR_OPEN_RR,body.rear_right_door,40,1,motorola,False,1.0,0.0,,VEHICLE_PROTOCOL_DOCUMENTED,DISPLAY_RELEVANT
honda.crv.gen5.eu.executive_2016,honda_crv_executive_2016_can_generated.dbc,vehicle_can,DOORS_STATUS,0x405,TRUNK_OPEN,body.trunk,41,1,motorola,False,1.0,0.0,,CLUSTER_RELEVANT_SIGNAL_DOCUMENTED,DISPLAY_RELEVANT
honda.crv.gen5.eu.executive_2016,honda_crv_executive_2016_can_generated.dbc,vehicle_can,DOORS_STATUS,0x405,COUNTER,,61,2,motorola,False,1.0,0.0,,VEHICLE_PROTOCOL_DOCUMENTED,DISPLAY_RELEVANT
honda.crv.gen5.eu.executive_2016,honda_crv_executive_2016_can_generated.dbc,vehicle_can,DOORS_STATUS,0x405,CHECKSUM,,59,4,motorola,False,1.0,0.0,,VEHICLE_PROTOCOL_DOCUMENTED,DISPLAY_RELEVANT
honda.crv.gen5.eu.executive_2016,honda_crv_executive_2016_can_generated.dbc,vehicle_can,KINEMATICS,0x91,LAT_ACCEL,,7,10,motorola,False,0.02,-512.0,m/s2,VEHICLE_PROTOCOL_DOCUMENTED,UNKNOWN
honda.crv.gen5.eu.executive_2016,honda_crv_executive_2016_can_generated.dbc,vehicle_can,KINEMATICS,0x91,COUNTER,,61,2,motorola,False,1.0,0.0,,VEHICLE_PROTOCOL_DOCUMENTED,UNKNOWN
honda.crv.gen5.eu.executive_2016,honda_crv_executive_2016_can_generated.dbc,vehicle_can,KINEMATICS,0x91,CHECKSUM,,59,4,motorola,False,1.0,0.0,,VEHICLE_PROTOCOL_DOCUMENTED,UNKNOWN
honda.crv.gen5.eu.executive_2016,honda_crv_executive_2016_can_generated.dbc,vehicle_can,KINEMATICS_ALT,0x94,LAT_ACCEL,,7,10,motorola,False,0.02,-512.0,m/s2,VEHICLE_PROTOCOL_DOCUMENTED,UNKNOWN
honda.crv.gen5.eu.executive_2016,honda_crv_executive_2016_can_generated.dbc,vehicle_can,KINEMATICS_ALT,0x94,LONG_ACCEL,,24,9,motorola,True,-0.02,0.0,m/s2,VEHICLE_PROTOCOL_DOCUMENTED,UNKNOWN
honda.crv.gen5.eu.executive_2016,honda_crv_executive_2016_can_generated.dbc,vehicle_can,KINEMATICS_ALT,0x94,CHECKSUM,,59,4,motorola,False,1.0,0.0,,VEHICLE_PROTOCOL_DOCUMENTED,UNKNOWN
honda.crv.gen5.eu.executive_2016,honda_crv_executive_2016_can_generated.dbc,vehicle_can,KINEMATICS_ALT,0x94,COUNTER,,61,2,motorola,False,1.0,0.0,,VEHICLE_PROTOCOL_DOCUMENTED,UNKNOWN
honda.crv.gen5.eu.executive_2016,honda_crv_executive_2016_can_generated.dbc,vehicle_can,STANDSTILL,0x1b0,CONTROLLED_STANDSTILL,,0,1,motorola,False,1.0,0.0,,VEHICLE_PROTOCOL_DOCUMENTED,POWERTRAIN_ONLY
honda.crv.gen5.eu.executive_2016,honda_crv_executive_2016_can_generated.dbc,vehicle_can,STANDSTILL,0x1b0,WHEELS_MOVING,,12,1,motorola,False,1.0,0.0,,VEHICLE_PROTOCOL_DOCUMENTED,POWERTRAIN_ONLY
honda.crv.gen5.eu.executive_2016,honda_crv_executive_2016_can_generated.dbc,vehicle_can,STANDSTILL,0x1b0,BRAKE_ERROR_1,,11,1,motorola,False,1.0,0.0,,VEHICLE_PROTOCOL_DOCUMENTED,POWERTRAIN_ONLY
honda.crv.gen5.eu.executive_2016,honda_crv_executive_2016_can_generated.dbc,vehicle_can,STANDSTILL,0x1b0,BRAKE_ERROR_2,,9,1,motorola,False,1.0,0.0,,VEHICLE_PROTOCOL_DOCUMENTED,POWERTRAIN_ONLY
honda.crv.gen5.eu.executive_2016,honda_crv_executive_2016_can_generated.dbc,vehicle_can,STANDSTILL,0x1b0,COUNTER,,53,2,motorola,False,1.0,0.0,,VEHICLE_PROTOCOL_DOCUMENTED,POWERTRAIN_ONLY
honda.crv.gen5.eu.executive_2016,honda_crv_executive_2016_can_generated.dbc,vehicle_can,STANDSTILL,0x1b0,CHECKSUM,,51,4,motorola,False,1.0,0.0,,VEHICLE_PROTOCOL_DOCUMENTED,POWERTRAIN_ONLY
honda.crv.gen5.eu.executive_2016,honda_crv_executive_2016_can_generated.dbc,vehicle_can,BRAKE_PRESSURE,0x1e7,BRAKE_PRESSURE1,,7,10,motorola,False,0.015625,-103.0,,VEHICLE_PROTOCOL_DOCUMENTED,UNKNOWN
honda.crv.gen5.eu.executive_2016,honda_crv_executive_2016_can_generated.dbc,vehicle_can,BRAKE_PRESSURE,0x1e7,BRAKE_PRESSURE2,,9,10,motorola,False,0.015625,-103.0,,VEHICLE_PROTOCOL_DOCUMENTED,UNKNOWN
honda.crv.gen5.eu.executive_2016,honda_crv_executive_2016_can_generated.dbc,vehicle_can,BRAKE_PRESSURE,0x1e7,CHECKSUM,,27,4,motorola,False,1.0,0.0,,VEHICLE_PROTOCOL_DOCUMENTED,UNKNOWN
honda.crv.gen5.eu.executive_2016,honda_crv_executive_2016_can_generated.dbc,vehicle_can,BRAKE_PRESSURE,0x1e7,COUNTER,,29,2,motorola,False,1.0,0.0,,VEHICLE_PROTOCOL_DOCUMENTED,UNKNOWN
honda.crv.gen5.eu.executive_2016,honda_crv_executive_2016_can_generated.dbc,vehicle_can,BRAKE_COMMAND,0x1fa,COMPUTER_BRAKE,,7,10,motorola,False,1.0,0.0,,VEHICLE_PROTOCOL_DOCUMENTED,ADAS_ONLY
honda.crv.gen5.eu.executive_2016,honda_crv_executive_2016_can_generated.dbc,vehicle_can,BRAKE_COMMAND,0x1fa,BRAKE_PUMP_REQUEST,,8,1,motorola,False,1.0,0.0,,VEHICLE_PROTOCOL_DOCUMENTED,ADAS_ONLY
honda.crv.gen5.eu.executive_2016,honda_crv_executive_2016_can_generated.dbc,vehicle_can,BRAKE_COMMAND,0x1fa,BRAKE_PUMP_REQUEST_ALT,,11,1,motorola,False,1.0,0.0,,VEHICLE_PROTOCOL_DOCUMENTED,ADAS_ONLY
honda.crv.gen5.eu.executive_2016,honda_crv_executive_2016_can_generated.dbc,vehicle_can,BRAKE_COMMAND,0x1fa,SET_ME_X00,,23,3,motorola,False,1.0,0.0,,VEHICLE_PROTOCOL_DOCUMENTED,ADAS_ONLY
honda.crv.gen5.eu.executive_2016,honda_crv_executive_2016_can_generated.dbc,vehicle_can,BRAKE_COMMAND,0x1fa,CRUISE_OVERRIDE,,20,1,motorola,False,1.0,0.0,,VEHICLE_PROTOCOL_DOCUMENTED,ADAS_ONLY
honda.crv.gen5.eu.executive_2016,honda_crv_executive_2016_can_generated.dbc,vehicle_can,BRAKE_COMMAND,0x1fa,SET_ME_X00_2,,19,1,motorola,False,1.0,0.0,,VEHICLE_PROTOCOL_DOCUMENTED,ADAS_ONLY
honda.crv.gen5.eu.executive_2016,honda_crv_executive_2016_can_generated.dbc,vehicle_can,BRAKE_COMMAND,0x1fa,CRUISE_FAULT_CMD,,18,1,motorola,False,1.0,0.0,,VEHICLE_PROTOCOL_DOCUMENTED,ADAS_ONLY
honda.crv.gen5.eu.executive_2016,honda_crv_executive_2016_can_generated.dbc,vehicle_can,BRAKE_COMMAND,0x1fa,CRUISE_CANCEL_CMD,,17,1,motorola,False,1.0,0.0,,VEHICLE_PROTOCOL_DOCUMENTED,ADAS_ONLY
honda.crv.gen5.eu.executive_2016,honda_crv_executive_2016_can_generated.dbc,vehicle_can,BRAKE_COMMAND,0x1fa,COMPUTER_BRAKE_REQUEST,,16,1,motorola,False,1.0,0.0,,VEHICLE_PROTOCOL_DOCUMENTED,ADAS_ONLY
honda.crv.gen5.eu.executive_2016,honda_crv_executive_2016_can_generated.dbc,vehicle_can,BRAKE_COMMAND,0x1fa,SET_ME_1,,31,1,motorola,False,1.0,0.0,,VEHICLE_PROTOCOL_DOCUMENTED,ADAS_ONLY
honda.crv.gen5.eu.executive_2016,honda_crv_executive_2016_can_generated.dbc,vehicle_can,BRAKE_COMMAND,0x1fa,AEB_REQ_1,,29,1,motorola,False,1.0,0.0,,VEHICLE_PROTOCOL_DOCUMENTED,ADAS_ONLY
honda.crv.gen5.eu.executive_2016,honda_crv_executive_2016_can_generated.dbc,vehicle_can,BRAKE_COMMAND,0x1fa,AEB_REQ_2,,26,3,motorola,False,1.0,0.0,,VEHICLE_PROTOCOL_DOCUMENTED,ADAS_ONLY
honda.crv.gen5.eu.executive_2016,honda_crv_executive_2016_can_generated.dbc,vehicle_can,BRAKE_COMMAND,0x1fa,BRAKE_LIGHTS,,39,1,motorola,False,1.0,0.0,,VEHICLE_PROTOCOL_DOCUMENTED,ADAS_ONLY
honda.crv.gen5.eu.executive_2016,honda_crv_executive_2016_can_generated.dbc,vehicle_can,BRAKE_COMMAND,0x1fa,CRUISE_STATES,,38,7,motorola,False,1.0,0.0,,VEHICLE_PROTOCOL_DOCUMENTED,ADAS_ONLY
honda.crv.gen5.eu.executive_2016,honda_crv_executive_2016_can_generated.dbc,vehicle_can,BRAKE_COMMAND,0x1fa,CHIME,,47,3,motorola,False,1.0,0.0,,VEHICLE_PROTOCOL_DOCUMENTED,ADAS_ONLY
honda.crv.gen5.eu.executive_2016,honda_crv_executive_2016_can_generated.dbc,vehicle_can,BRAKE_COMMAND,0x1fa,SET_ME_X00_3,,44,1,motorola,False,1.0,0.0,,VEHICLE_PROTOCOL_DOCUMENTED,ADAS_ONLY
honda.crv.gen5.eu.executive_2016,honda_crv_executive_2016_can_generated.dbc,vehicle_can,BRAKE_COMMAND,0x1fa,FCW,,43,2,motorola,False,1.0,0.0,,VEHICLE_PROTOCOL_DOCUMENTED,ADAS_ONLY
honda.crv.gen5.eu.executive_2016,honda_crv_executive_2016_can_generated.dbc,vehicle_can,BRAKE_COMMAND,0x1fa,AEB_STATUS,,41,2,motorola,False,1.0,0.0,,VEHICLE_PROTOCOL_DOCUMENTED,ADAS_ONLY
honda.crv.gen5.eu.executive_2016,honda_crv_executive_2016_can_generated.dbc,vehicle_can,BRAKE_COMMAND,0x1fa,COMPUTER_BRAKE_ALT,,55,10,motorola,False,1.0,0.0,,VEHICLE_PROTOCOL_DOCUMENTED,ADAS_ONLY
honda.crv.gen5.eu.executive_2016,honda_crv_executive_2016_can_generated.dbc,vehicle_can,BRAKE_COMMAND,0x1fa,COUNTER,,61,2,motorola,False,1.0,0.0,,VEHICLE_PROTOCOL_DOCUMENTED,ADAS_ONLY
honda.crv.gen5.eu.executive_2016,honda_crv_executive_2016_can_generated.dbc,vehicle_can,BRAKE_COMMAND,0x1fa,CHECKSUM,,59,4,motorola,False,1.0,0.0,,VEHICLE_PROTOCOL_DOCUMENTED,ADAS_ONLY
honda.crv.gen5.eu.executive_2016,honda_crv_executive_2016_can_generated.dbc,vehicle_can,ROUGH_WHEEL_SPEED,0x255,WHEEL_SPEED_FL,,7,8,motorola,False,1.0,0.0,mph,VEHICLE_PROTOCOL_DOCUMENTED,POWERTRAIN_ONLY
honda.crv.gen5.eu.executive_2016,honda_crv_executive_2016_can_generated.dbc,vehicle_can,ROUGH_WHEEL_SPEED,0x255,WHEEL_SPEED_FR,,15,8,motorola,False,1.0,0.0,mph,VEHICLE_PROTOCOL_DOCUMENTED,POWERTRAIN_ONLY
honda.crv.gen5.eu.executive_2016,honda_crv_executive_2016_can_generated.dbc,vehicle_can,ROUGH_WHEEL_SPEED,0x255,WHEEL_SPEED_RL,,23,8,motorola,False,1.0,0.0,mph,VEHICLE_PROTOCOL_DOCUMENTED,POWERTRAIN_ONLY
honda.crv.gen5.eu.executive_2016,honda_crv_executive_2016_can_generated.dbc,vehicle_can,ROUGH_WHEEL_SPEED,0x255,WHEEL_SPEED_RR,,31,8,motorola,False,1.0,0.0,mph,VEHICLE_PROTOCOL_DOCUMENTED,POWERTRAIN_ONLY
honda.crv.gen5.eu.executive_2016,honda_crv_executive_2016_can_generated.dbc,vehicle_can,ROUGH_WHEEL_SPEED,0x255,SET_TO_X55,,39,8,motorola,False,1.0,0.0,,VEHICLE_PROTOCOL_DOCUMENTED,POWERTRAIN_ONLY
honda.crv.gen5.eu.executive_2016,honda_crv_executive_2016_can_generated.dbc,vehicle_can,ROUGH_WHEEL_SPEED,0x255,SET_TO_X55_2,,47,8,motorola,False,1.0,0.0,,VEHICLE_PROTOCOL_DOCUMENTED,POWERTRAIN_ONLY
honda.crv.gen5.eu.executive_2016,honda_crv_executive_2016_can_generated.dbc,vehicle_can,ROUGH_WHEEL_SPEED,0x255,COUNTER,,61,2,motorola,False,1.0,0.0,,VEHICLE_PROTOCOL_DOCUMENTED,POWERTRAIN_ONLY
honda.crv.gen5.eu.executive_2016,honda_crv_executive_2016_can_generated.dbc,vehicle_can,ROUGH_WHEEL_SPEED,0x255,CHECKSUM,,59,4,motorola,False,1.0,0.0,,VEHICLE_PROTOCOL_DOCUMENTED,POWERTRAIN_ONLY
honda.crv.gen5.eu.executive_2016,honda_crv_executive_2016_can_generated.dbc,vehicle_can,LKAS_HUD,0x33d,CAM_TEMP_HIGH,,7,1,motorola,False,1.0,0.0,,VEHICLE_PROTOCOL_DOCUMENTED,ADAS_ONLY
honda.crv.gen5.eu.executive_2016,honda_crv_executive_2016_can_generated.dbc,vehicle_can,LKAS_HUD,0x33d,SET_ME_X41,,6,7,motorola,False,1.0,0.0,,VEHICLE_PROTOCOL_DOCUMENTED,ADAS_ONLY
honda.crv.gen5.eu.executive_2016,honda_crv_executive_2016_can_generated.dbc,vehicle_can,LKAS_HUD,0x33d,BOH,,6,7,motorola,False,1.0,0.0,,VEHICLE_PROTOCOL_DOCUMENTED,ADAS_ONLY
honda.crv.gen5.eu.executive_2016,honda_crv_executive_2016_can_generated.dbc,vehicle_can,LKAS_HUD,0x33d,DASHED_LANES,,14,1,motorola,False,1.0,0.0,,VEHICLE_PROTOCOL_DOCUMENTED,ADAS_ONLY
honda.crv.gen5.eu.executive_2016,honda_crv_executive_2016_can_generated.dbc,vehicle_can,LKAS_HUD,0x33d,DTC,,13,1,motorola,False,1.0,0.0,,VEHICLE_PROTOCOL_DOCUMENTED,ADAS_ONLY
honda.crv.gen5.eu.executive_2016,honda_crv_executive_2016_can_generated.dbc,vehicle_can,LKAS_HUD,0x33d,LKAS_PROBLEM,,12,1,motorola,False,1.0,0.0,,VEHICLE_PROTOCOL_DOCUMENTED,ADAS_ONLY
honda.crv.gen5.eu.executive_2016,honda_crv_executive_2016_can_generated.dbc,vehicle_can,LKAS_HUD,0x33d,LKAS_OFF,,11,1,motorola,False,1.0,0.0,,VEHICLE_PROTOCOL_DOCUMENTED,ADAS_ONLY
honda.crv.gen5.eu.executive_2016,honda_crv_executive_2016_can_generated.dbc,vehicle_can,LKAS_HUD,0x33d,SOLID_LANES,,10,1,motorola,False,1.0,0.0,,VEHICLE_PROTOCOL_DOCUMENTED,ADAS_ONLY
honda.crv.gen5.eu.executive_2016,honda_crv_executive_2016_can_generated.dbc,vehicle_can,LKAS_HUD,0x33d,LDW_RIGHT,,9,1,motorola,False,1.0,0.0,,VEHICLE_PROTOCOL_DOCUMENTED,ADAS_ONLY
honda.crv.gen5.eu.executive_2016,honda_crv_executive_2016_can_generated.dbc,vehicle_can,LKAS_HUD,0x33d,STEERING_REQUIRED,,8,1,motorola,False,1.0,0.0,,VEHICLE_PROTOCOL_DOCUMENTED,ADAS_ONLY
honda.crv.gen5.eu.executive_2016,honda_crv_executive_2016_can_generated.dbc,vehicle_can,LKAS_HUD,0x33d,BOH_2,,23,2,motorola,False,1.0,0.0,,VEHICLE_PROTOCOL_DOCUMENTED,ADAS_ONLY
honda.crv.gen5.eu.executive_2016,honda_crv_executive_2016_can_generated.dbc,vehicle_can,LKAS_HUD,0x33d,LDW_PROBLEM,,21,1,motorola,False,1.0,0.0,,VEHICLE_PROTOCOL_DOCUMENTED,ADAS_ONLY
honda.crv.gen5.eu.executive_2016,honda_crv_executive_2016_can_generated.dbc,vehicle_can,LKAS_HUD,0x33d,BEEP,,17,2,motorola,False,1.0,0.0,,VEHICLE_PROTOCOL_DOCUMENTED,ADAS_ONLY
honda.crv.gen5.eu.executive_2016,honda_crv_executive_2016_can_generated.dbc,vehicle_can,LKAS_HUD,0x33d,LDW_ON,,28,1,motorola,False,1.0,0.0,,VEHICLE_PROTOCOL_DOCUMENTED,ADAS_ONLY
honda.crv.gen5.eu.executive_2016,honda_crv_executive_2016_can_generated.dbc,vehicle_can,LKAS_HUD,0x33d,LDW_OFF,,27,1,motorola,False,1.0,0.0,,VEHICLE_PROTOCOL_DOCUMENTED,ADAS_ONLY
honda.crv.gen5.eu.executive_2016,honda_crv_executive_2016_can_generated.dbc,vehicle_can,LKAS_HUD,0x33d,CLEAN_WINDSHIELD,,26,1,motorola,False,1.0,0.0,,VEHICLE_PROTOCOL_DOCUMENTED,ADAS_ONLY
honda.crv.gen5.eu.executive_2016,honda_crv_executive_2016_can_generated.dbc,vehicle_can,LKAS_HUD,0x33d,SET_ME_X48,,31,8,motorola,False,1.0,0.0,,VEHICLE_PROTOCOL_DOCUMENTED,ADAS_ONLY
honda.crv.gen5.eu.executive_2016,honda_crv_executive_2016_can_generated.dbc,vehicle_can,LKAS_HUD,0x33d,COUNTER,,37,2,motorola,False,1.0,0.0,,VEHICLE_PROTOCOL_DOCUMENTED,ADAS_ONLY
honda.crv.gen5.eu.executive_2016,honda_crv_executive_2016_can_generated.dbc,vehicle_can,LKAS_HUD,0x33d,CHECKSUM,,35,4,motorola,False,1.0,0.0,,VEHICLE_PROTOCOL_DOCUMENTED,ADAS_ONLY
honda.crv.gen5.eu.executive_2016,honda_crv_executive_2016_can_generated.dbc,vehicle_can,CRUISE_PARAMS,0x37c,CRUISE_SPEED_OFFSET,,31,8,motorola,True,0.1,0.0,kph,VEHICLE_PROTOCOL_DOCUMENTED,POWERTRAIN_ONLY
honda.crv.gen5.eu.executive_2016,honda_crv_executive_2016_can_generated.dbc,vehicle_can,CRUISE_PARAMS,0x37c,CHECKSUM,,59,4,motorola,False,1.0,0.0,,VEHICLE_PROTOCOL_DOCUMENTED,POWERTRAIN_ONLY
honda.crv.gen5.eu.executive_2016,honda_crv_executive_2016_can_generated.dbc,vehicle_can,CRUISE_PARAMS,0x37c,COUNTER,,61,2,motorola,False,1.0,0.0,,VEHICLE_PROTOCOL_DOCUMENTED,POWERTRAIN_ONLY
honda.crv.gen5.eu.executive_2016,honda_crv_executive_2016_can_generated.dbc,vehicle_can,STEERING_SENSORS,0x156,STEER_ANGLE,chassis.steering_angle,7,16,motorola,True,-0.1,0.0,deg,VEHICLE_PROTOCOL_DOCUMENTED,UNKNOWN
honda.crv.gen5.eu.executive_2016,honda_crv_executive_2016_can_generated.dbc,vehicle_can,STEERING_SENSORS,0x156,STEER_ANGLE_RATE,,23,16,motorola,True,1.0,0.0,deg/s,VEHICLE_PROTOCOL_DOCUMENTED,UNKNOWN
honda.crv.gen5.eu.executive_2016,honda_crv_executive_2016_can_generated.dbc,vehicle_can,STEERING_SENSORS,0x156,COUNTER,,45,2,motorola,False,1.0,0.0,,VEHICLE_PROTOCOL_DOCUMENTED,UNKNOWN
honda.crv.gen5.eu.executive_2016,honda_crv_executive_2016_can_generated.dbc,vehicle_can,STEERING_SENSORS,0x156,CHECKSUM,,43,4,motorola,False,1.0,0.0,,VEHICLE_PROTOCOL_DOCUMENTED,UNKNOWN
honda.crv.gen5.eu.executive_2016,honda_crv_executive_2016_can_generated.dbc,vehicle_can,STEER_STATUS,0x18f,STEER_TORQUE_SENSOR,,7,12,motorola,True,-1.0,0.0,tbd,VEHICLE_PROTOCOL_DOCUMENTED,UNKNOWN
honda.crv.gen5.eu.executive_2016,honda_crv_executive_2016_can_generated.dbc,vehicle_can,STEER_STATUS,0x18f,STEER_TORQUE_MOTOR,,23,16,motorola,True,-1.0,0.0,tbd,VEHICLE_PROTOCOL_DOCUMENTED,UNKNOWN
honda.crv.gen5.eu.executive_2016,honda_crv_executive_2016_can_generated.dbc,vehicle_can,STEER_STATUS,0x18f,STEER_CONTROL_ACTIVE,,36,1,motorola,False,1.0,0.0,,VEHICLE_PROTOCOL_DOCUMENTED,UNKNOWN
honda.crv.gen5.eu.executive_2016,honda_crv_executive_2016_can_generated.dbc,vehicle_can,STEER_STATUS,0x18f,STEER_STATUS,,35,4,motorola,False,1.0,0.0,,VEHICLE_PROTOCOL_DOCUMENTED,UNKNOWN
honda.crv.gen5.eu.executive_2016,honda_crv_executive_2016_can_generated.dbc,vehicle_can,STEER_STATUS,0x18f,COUNTER,,45,2,motorola,False,1.0,0.0,,VEHICLE_PROTOCOL_DOCUMENTED,UNKNOWN
honda.crv.gen5.eu.executive_2016,honda_crv_executive_2016_can_generated.dbc,vehicle_can,STEER_STATUS,0x18f,CHECKSUM,,43,4,motorola,False,1.0,0.0,,VEHICLE_PROTOCOL_DOCUMENTED,UNKNOWN
honda.crv.gen5.eu.executive_2016,honda_crv_executive_2016_can_generated.dbc,vehicle_can,GEARBOX,0x1a3,COUNTER,,61,2,motorola,False,1.0,0.0,,VEHICLE_PROTOCOL_DOCUMENTED,DISPLAY_RELEVANT
honda.crv.gen5.eu.executive_2016,honda_crv_executive_2016_can_generated.dbc,vehicle_can,GEARBOX,0x1a3,CHECKSUM,,59,4,motorola,False,1.0,0.0,,VEHICLE_PROTOCOL_DOCUMENTED,DISPLAY_RELEVANT
honda.crv.gen5.eu.executive_2016,honda_crv_executive_2016_can_generated.dbc,vehicle_can,GEARBOX,0x1a3,GEAR_SHIFTER,transmission.gear,29,6,motorola,False,1.0,0.0,,CLUSTER_RELEVANT_SIGNAL_DOCUMENTED,DISPLAY_RELEVANT
honda.crv.gen5.eu.executive_2016,honda_crv_executive_2016_can_generated.dbc,vehicle_can,GEARBOX,0x1a3,GEAR,,7,8,motorola,False,1.0,0.0,,VEHICLE_PROTOCOL_DOCUMENTED,DISPLAY_RELEVANT
honda.crv.gen5.eu.executive_2016,honda_crv_executive_2016_can_generated.dbc,vehicle_can,STEERING_CONTROL,0x194,STEER_TORQUE,,7,12,motorola,True,1.0,0.0,,VEHICLE_PROTOCOL_DOCUMENTED,ADAS_ONLY
honda.crv.gen5.eu.executive_2016,honda_crv_executive_2016_can_generated.dbc,vehicle_can,STEERING_CONTROL,0x194,SET_ME_X00,,11,4,motorola,False,1.0,0.0,,VEHICLE_PROTOCOL_DOCUMENTED,ADAS_ONLY
honda.crv.gen5.eu.executive_2016,honda_crv_executive_2016_can_generated.dbc,vehicle_can,STEERING_CONTROL,0x194,STEER_TORQUE_REQUEST,,23,1,motorola,False,1.0,0.0,,VEHICLE_PROTOCOL_DOCUMENTED,ADAS_ONLY
honda.crv.gen5.eu.executive_2016,honda_crv_executive_2016_can_generated.dbc,vehicle_can,STEERING_CONTROL,0x194,SET_ME_X00_2,,22,7,motorola,False,1.0,0.0,,VEHICLE_PROTOCOL_DOCUMENTED,ADAS_ONLY
honda.crv.gen5.eu.executive_2016,honda_crv_executive_2016_can_generated.dbc,vehicle_can,STEERING_CONTROL,0x194,COUNTER,,29,2,motorola,False,1.0,0.0,,VEHICLE_PROTOCOL_DOCUMENTED,ADAS_ONLY
honda.crv.gen5.eu.executive_2016,honda_crv_executive_2016_can_generated.dbc,vehicle_can,STEERING_CONTROL,0x194,CHECKSUM,,27,4,motorola,False,1.0,0.0,,VEHICLE_PROTOCOL_DOCUMENTED,ADAS_ONLY
honda.crv.gen5.eu.executive_2016,honda_crv_executive_2016_can_generated.dbc,vehicle_can,SCM_BUTTONS,0x1a6,CRUISE_BUTTONS,,7,3,motorola,False,1.0,0.0,,VEHICLE_PROTOCOL_DOCUMENTED,BODY_RELEVANT
honda.crv.gen5.eu.executive_2016,honda_crv_executive_2016_can_generated.dbc,vehicle_can,SCM_BUTTONS,0x1a6,LIGHTS_SETTING,,1,2,motorola,False,1.0,0.0,,VEHICLE_PROTOCOL_DOCUMENTED,BODY_RELEVANT
honda.crv.gen5.eu.executive_2016,honda_crv_executive_2016_can_generated.dbc,vehicle_can,SCM_BUTTONS,0x1a6,MAIN_ON,,47,1,motorola,False,1.0,0.0,,VEHICLE_PROTOCOL_DOCUMENTED,BODY_RELEVANT
honda.crv.gen5.eu.executive_2016,honda_crv_executive_2016_can_generated.dbc,vehicle_can,SCM_BUTTONS,0x1a6,CRUISE_SETTING,,43,2,motorola,False,1.0,0.0,,VEHICLE_PROTOCOL_DOCUMENTED,BODY_RELEVANT
honda.crv.gen5.eu.executive_2016,honda_crv_executive_2016_can_generated.dbc,vehicle_can,SCM_BUTTONS,0x1a6,COUNTER,,61,2,motorola,False,1.0,0.0,,VEHICLE_PROTOCOL_DOCUMENTED,BODY_RELEVANT
honda.crv.gen5.eu.executive_2016,honda_crv_executive_2016_can_generated.dbc,vehicle_can,SCM_BUTTONS,0x1a6,CHECKSUM,,59,4,motorola,False,1.0,0.0,,VEHICLE_PROTOCOL_DOCUMENTED,BODY_RELEVANT
honda.crv.gen5.eu.executive_2016,honda_crv_executive_2016_can_generated.dbc,vehicle_can,SCM_FEEDBACK,0x294,RIGHT_BLINKER,lighting.right_indicator,6,1,motorola,False,1.0,0.0,,CLUSTER_RELEVANT_SIGNAL_DOCUMENTED,DISPLAY_RELEVANT
honda.crv.gen5.eu.executive_2016,honda_crv_executive_2016_can_generated.dbc,vehicle_can,SCM_FEEDBACK,0x294,LEFT_BLINKER,lighting.left_indicator,5,1,motorola,False,1.0,0.0,,CLUSTER_RELEVANT_SIGNAL_DOCUMENTED,DISPLAY_RELEVANT
honda.crv.gen5.eu.executive_2016,honda_crv_executive_2016_can_generated.dbc,vehicle_can,SCM_FEEDBACK,0x294,WIPERS_SPEED,,4,2,motorola,False,1.0,0.0,,VEHICLE_PROTOCOL_DOCUMENTED,DISPLAY_RELEVANT
honda.crv.gen5.eu.executive_2016,honda_crv_executive_2016_can_generated.dbc,vehicle_can,SCM_FEEDBACK,0x294,COUNTER,,61,2,motorola,False,1.0,0.0,,VEHICLE_PROTOCOL_DOCUMENTED,DISPLAY_RELEVANT
honda.crv.gen5.eu.executive_2016,honda_crv_executive_2016_can_generated.dbc,vehicle_can,SCM_FEEDBACK,0x294,CHECKSUM,,59,4,motorola,False,1.0,0.0,,VEHICLE_PROTOCOL_DOCUMENTED,DISPLAY_RELEVANT
